limit_bal,sex,education,marriage,age,pay_0,pay_2,pay_3,pay_4,pay_5,pay_6,bill_amt1,bill_amt2,bill_amt3,bill_amt4,bill_amt5,bill_amt6,pay_amt1,pay_amt2,pay_amt3,pay_amt4,pay_amt5,pay_amt6,default_payment_next_month
62500.0,1,2,2,51,-1,-1,-1,-1,0,0,1848.0,26060,0,2650,3320,2764,33878.0,0,3472,2320,1764,2841,0
187500.0,1,1,1,36,-1,-1,-2,-2,-2,-1,18000.0,0,0,0,0,11694,0.0,0,0,0,11694,30000,0
62500.0,1,2,2,30,0,0,0,0,0,0,57678.0,48355,49009,49949,50479,50702,2340.0,1844,2200,2000,1800,2038,0
362500.0,2,1,2,30,0,0,0,0,0,0,366987.6,303701,296384,248801,241983,230925,19500.0,10500,10000,15000,7844,23333,1
625000.0,2,2,1,32,-2,-2,-2,-2,-2,-2,13624.8,9983,13570,10000,10000,10000,12977.9,13587,10000,10000,10000,25304,0
250000.0,1,1,1,34,1,2,0,0,0,0,239300.4,188778,195335,194775,197105,204122,0.0,8278,4100,180000,202317,0,0
262500.0,1,2,2,36,0,0,0,0,0,0,227580.0,127111,93208,88223,84175,80305,6500.0,4200,3100,3000,3100,3000,0
325000.0,1,3,2,40,0,0,0,0,0,0,39693.6,42056,43986,45879,54264,59872,13000.0,10000,10390,10009,10000,10000,0
562500.0,2,1,1,47,-1,-1,-1,-1,-1,-1,87020.4,0,6281,3446,6157,0,0.0,6281,3446,6157,0,14380,0
187500.0,1,3,2,44,0,0,0,0,0,0,50434.799999999996,42678,11413,12418,12415,13211,2730.0,1500,1500,500,1000,2300,0
112500.0,2,1,1,36,1,2,-1,0,0,-1,9981.6,6111,33212,8978,1782,23173,50.7,33500,0,0,25000,0,0
275000.0,1,1,1,59,-2,-2,-2,-2,-2,-2,0.0,0,0,0,0,0,0.0,0,0,0,0,0,0
225000.0,1,1,1,45,-2,-2,-2,-2,-2,-2,0.0,0,0,0,0,0,0.0,0,0,0,0,0,1
362500.0,1,1,1,56,0,0,0,0,0,0,270573.6,225603,216488,152892,150051,146287,13033.800000000001,10006,7000,5000,5200,5500,0
262500.0,2,1,2,36,0,0,0,0,0,0,13161.6,12480,16919,11775,13275,24901,2600.0,6016,1000,1500,13000,500,0
112500.0,2,3,1,45,1,2,2,2,2,2,48560.4,41495,42520,42997,41698,43976,2600.0,2000,1800,0,3434,1708,0
625000.0,1,1,2,35,-2,-2,-2,-2,-2,-1,29218.8,9543,53947,84388,26154,175790,12486.5,54218,84839,26283,175857,4914,0
437500.0,1,1,1,65,1,-1,-1,-1,-2,-1,0.0,1150,4576,0,0,1206,1495.0,4576,0,0,1206,0,1
225000.0,1,1,2,37,0,0,0,0,0,0,185248.8,153018,146396,136531,138502,136665,9750.0,7000,5000,5000,6000,5137,0
62500.0,1,3,2,28,0,0,-2,-2,-2,-2,5198.4,0,0,0,0,0,0.0,0,0,0,0,0,0
400000.0,2,2,1,44,0,0,0,0,0,0,45998.4,63396,66871,69339,31525,30861,39000.0,4700,3000,5000,5000,7000,0
512500.0,1,2,1,68,0,0,0,0,0,0,515270.39999999997,425895,411492,371539,308888,240970,19656.0,16284,16524,10320,8525,6739,1
100000.0,2,1,2,29,0,0,0,-2,-2,-2,37182.0,44300,0,0,0,0,18590.0,0,0,0,0,0,0
112500.0,1,2,1,63,0,0,0,0,0,0,112484.4,85818,88988,50780,50929,48735,4680.0,5100,2200,2200,1944,2200,0
125000.0,2,3,1,60,-2,-2,-2,-2,-2,-2,468.0,390,390,390,390,390,507.0,390,390,390,390,390,1
87500.0,1,2,1,39,0,0,0,0,0,-1,71809.2,60021,58476,20717,11473,22021,3393.0,1366,414,229,22021,668,0
37500.0,2,3,1,34,-1,-1,-1,0,0,0,4186.8,14926,9937,8027,14709,7483,19459.7,9942,10,10022,384,0,0
275000.0,1,1,2,36,-2,-2,-2,-2,-2,-2,5922.0,3796,5227,2291,4739,1640,4934.8,5227,2293,4739,1640,3012,0
100000.0,1,3,1,62,2,2,2,2,2,2,8917.199999999999,9895,9937,9629,10571,10749,3380.0,350,0,1100,500,1300,1
100000.0,1,1,2,35,0,0,2,2,2,2,91846.8,21644,17427,67659,63815,48670,4563.0,41,65007,53,3228,0,0
200000.0,1,2,2,62,-2,-2,-2,-2,-2,-1,0.0,0,0,0,0,600,0.0,0,0,0,601,0,1
75000.0,2,3,1,34,0,0,0,0,0,0,71028.0,56704,48980,34416,28818,28546,2860.0,2300,3000,1100,1000,1000,0
62500.0,1,1,2,37,2,2,2,2,2,2,36670.799999999996,31753,32847,33308,33755,34565,2600.0,1900,1300,1300,1500,1500,1
62500.0,1,2,2,31,0,0,0,0,0,0,56462.4,47874,40933,16603,16932,17287,2246.4,2856,1276,605,627,633,0
150000.0,2,2,1,33,0,0,0,0,0,0,124411.2,96833,78920,74310,75710,77503,4267.900000000001,3000,5000,3000,3000,4000,0
300000.0,1,2,1,35,0,0,0,0,0,0,273210.0,181461,186160,191355,192406,190086,13003.9,10009,10014,8500,10000,8000,0
400000.0,1,1,2,37,-1,-1,-1,0,0,-1,585.6,2290,14080,9931,7590,9685,2991.3,14109,11,38,9733,20444,0
300000.0,2,3,1,43,0,0,2,0,0,0,128577.59999999999,113396,110084,112272,114779,116920,12350.0,0,4019,4317,4204,4314,1
300000.0,2,1,2,32,-2,-2,-2,-2,-2,-2,3951.6,9051,2804,3958,12157,3874,11802.7,2804,3958,12157,3874,937,0
37500.0,1,2,1,43,1,2,0,0,0,2,29166.0,23621,24346,25359,26987,26416,0.0,1410,1423,2051,0,2000,1
325000.0,1,2,2,33,0,0,0,0,0,0,302194.8,234867,237497,215343,205576,207688,13000.0,10500,9150,7500,8000,7500,0
150000.0,1,2,2,31,2,2,2,2,0,0,130932.0,105891,113662,110349,112036,114584,0.0,11000,0,5000,4332,9404,0
100000.0,2,2,1,52,0,0,-1,-1,-2,-2,5714.4,3235,1970,0,0,0,1300.0,1970,0,0,0,0,0
87500.0,2,2,2,60,0,0,0,0,0,0,81086.4,58969,57625,45675,46236,46758,2761.2000000000003,2311,1622,1674,1677,1697,0
137500.0,1,2,2,56,0,0,0,0,0,0,83476.8,51264,51584,49601,50485,50565,3250.0,1800,1800,2000,2000,2000,0
150000.0,1,2,2,32,0,0,0,0,0,0,35212.799999999996,33474,29029,26523,20554,19348,6568.900000000001,1789,2037,659,802,640,0
375000.0,2,2,1,45,-1,-1,-1,-1,-1,-1,3589.2,1278,4043,683,172,402,1661.4,4045,685,172,402,4080,0
150000.0,2,2,2,42,2,2,2,0,0,0,46508.4,41302,39247,44412,23344,22892,5590.0,0,9076,8788,1000,2000,0
350000.0,1,2,1,42,0,0,0,0,0,-1,179072.4,152331,153080,156000,160000,40485,7156.5,3258,3120,4000,100045,10000,0
37500.0,2,2,2,29,0,0,0,0,2,2,24440.399999999998,21882,22929,25433,26228,25679,2600.0,1696,3200,1500,0,4306,0
62500.0,1,3,1,53,1,-2,-2,-2,-2,-1,7560.0,0,0,0,0,5275,0.0,0,0,0,5275,0,0
400000.0,2,2,1,46,-2,-2,-2,-2,-2,-2,3066.0,7065,648,2258,722,15937,9230.0,651,2269,725,16014,3088,0
25000.0,2,2,1,29,4,3,2,2,2,2,19858.8,16002,16047,15492,16739,16320,0.0,600,0,1500,0,2000,1
187500.0,1,2,1,40,2,2,2,2,2,2,173032.8,145889,146189,146838,148754,150746,8580.0,5300,5600,5500,5700,5500,1
12500.0,1,3,2,41,-1,-1,-1,-1,0,0,691.1999999999999,3100,3629,6260,5990,6520,5211.7,4011,6260,120,2000,2000,1
437500.0,2,3,1,69,0,0,0,0,0,0,36871.2,27639,28890,31090,32265,33737,3900.0,2000,3000,2000,2000,2000,0
87500.0,2,2,1,55,0,0,0,0,0,0,15428.4,13867,14897,15941,16376,16959,1989.0,1560,1600,1000,1000,2400,0
425000.0,2,1,2,41,0,0,0,-1,0,0,110325.59999999999,85927,71707,92695,86244,71538,5084.3,5104,92695,3114,2613,2366,0
475000.0,1,2,1,47,-2,-2,-2,-2,-2,-2,3105.6,38981,6267,19774,12297,2700,51387.700000000004,6930,19873,12361,2713,5291,0
87500.0,2,3,1,58,2,2,2,2,2,2,65101.2,55402,53925,56814,58053,59246,3380.0,0,4400,2300,2300,2100,1
225000.0,1,1,2,36,-1,-1,-1,-1,-1,-1,1096.8,907,900,923,922,900,1179.1000000000001,900,923,922,900,946,0
12500.0,2,3,1,47,2,0,0,0,0,0,10758.0,8640,9412,9604,9800,0,1596.4,1000,192,196,0,8138,1
100000.0,1,2,2,32,1,2,-1,-1,-1,-1,4501.2,832,2696,1457,990,3356,2.6,2704,1461,993,3366,5012,1
362500.0,2,1,2,35,0,0,0,0,0,-1,345639.6,260683,190012,36223,0,225276,14019.2,10295,2082,4724,230000,10000,0
412500.0,2,2,1,32,-2,-2,-2,-2,-2,-1,0.0,0,0,0,0,2234,0.0,0,0,0,2234,1000,0
650000.0,1,1,1,60,-1,-1,-1,-1,-1,-1,2750.4,5139,8290,35024,10881,7208,6795.1,8309,35026,10883,7310,4890,0
12500.0,1,2,2,28,0,0,2,0,0,2,9463.199999999999,9085,7784,8547,8907,6844,1950.0,1000,1000,600,200,500,1
75000.0,2,2,1,64,4,4,4,5,4,3,65407.2,56998,59111,59595,58079,56892,5200.0,3601,2000,0,0,0,0
200000.0,2,1,2,35,0,0,0,0,0,0,103744.8,61510,62921,64274,66198,68126,3900.0,3000,3000,3000,3000,3000,1
500000.0,2,3,1,51,-1,-1,2,0,0,-1,312.0,58257,42948,25962,15316,6813,78083.2,42,1202,9,6813,4682,1
75000.0,1,2,1,41,0,0,0,0,0,0,44554.799999999996,37593,37841,38634,28811,28907,2082.6,1989,1782,1169,1196,1152,1
325000.0,2,1,2,31,0,0,0,0,0,0,285732.0,244368,245186,254614,176211,180845,13478.4,15186,14614,7211,7850,6912,0
450000.0,2,2,1,35,0,0,0,0,0,0,25190.399999999998,40125,44454,48382,51951,55957,26000.0,5000,5000,5000,5000,3000,0
62500.0,1,3,1,43,1,5,4,3,2,0,61327.2,50059,48988,47917,47020,48027,0.0,0,0,0,1943,1727,1
287500.0,1,3,2,36,0,-1,-1,-1,-1,-1,5113.2,25,221,417,613,0,1300.0,1000,1000,1000,0,0,0
37500.0,2,2,1,48,-1,0,0,0,0,0,30199.199999999997,26195,27209,27924,30204,30000,1868.1000000000001,1451,1166,2900,600,0,0
487500.0,2,1,2,33,0,0,0,-2,-2,-2,242697.59999999998,205150,0,0,0,0,13000.0,0,0,0,0,0,0
225000.0,2,2,2,36,0,0,0,0,0,0,134596.8,50838,51753,53619,53881,54760,2367.3,2000,3000,2000,2000,2100,0
275000.0,1,3,1,35,0,0,0,0,2,0,194526.0,170592,173969,183030,181385,174107,13000.0,5013,10626,52,5255,4222,1
187500.0,2,3,1,53,0,0,-1,-1,-1,-1,11676.0,0,1366,1388,3118,1148,0.0,1366,1388,3118,1148,496,0
75000.0,2,3,1,48,2,2,-2,-2,-2,-1,5643.599999999999,0,0,0,0,992,0.0,0,0,0,992,14000,1
187500.0,1,2,2,42,0,0,0,0,0,0,85609.2,62432,56091,58919,60363,40448,5352.1,4002,5000,1925,5316,5000,0
137500.0,1,2,1,35,0,0,0,-1,2,2,42339.6,26000,9000,63853,59308,60576,1950.0,1500,63853,1500,2062,0,0
37500.0,1,3,2,50,0,0,0,0,0,0,33822.0,28296,23455,24179,24289,24649,1790.1000000000001,1370,1294,1015,900,913,0
250000.0,1,1,1,63,-2,-2,-2,-2,-2,-2,0.0,0,0,0,0,0,0.0,0,0,0,0,0,1
100000.0,1,2,1,33,-1,-1,-1,-1,-1,-1,468.0,390,390,540,540,540,507.0,390,540,540,540,390,1
337500.0,1,1,1,49,3,3,4,4,4,4,307682.39999999997,264267,271951,278509,283545,278436,23327.2,18112,15405,10000,0,0,0
87500.0,2,3,2,29,0,0,0,0,0,0,82846.8,68609,69217,69327,68582,68677,3900.0,4000,3200,3000,3000,3000,0
225000.0,2,1,1,41,0,0,0,0,0,0,5893.2,6688,8432,9977,10030,10836,2600.0,2000,2000,500,1100,0,0
100000.0,1,2,2,31,0,0,-1,-1,-1,-1,420.0,0,70,180,0,220,0.0,500,500,0,820,500,0
75000.0,2,2,2,41,0,0,0,0,0,0,69268.8,56597,50766,47022,31606,30820,2600.0,5015,2000,3000,1300,1500,0
350000.0,2,1,2,28,0,0,0,0,0,0,315094.8,235354,199360,193888,193132,188016,8388.9,6000,5334,5397,5400,5894,0
100000.0,2,2,2,49,0,0,0,0,-1,-1,27325.2,17047,11885,8254,5144,15365,1610.7,1435,1350,5144,15365,2250,0
150000.0,2,2,1,43,2,2,2,2,2,2,76440.0,65069,66450,67373,68186,68959,3900.0,3000,2600,2500,2000,3000,1
37500.0,2,2,1,30,0,0,0,2,2,2,35859.6,27523,31010,30207,31203,30554,2600.0,4273,0,2640,0,1500,1
25000.0,1,2,2,32,1,-1,0,0,0,0,0.0,18965,20042,20115,20000,16433,24654.5,1391,1207,602,707,672,0
25000.0,1,2,2,29,0,0,0,0,0,0,21236.399999999998,18445,19382,18440,18826,17311,2124.2000000000003,1571,629,652,618,640,0
75000.0,2,2,2,36,1,2,0,0,0,2,24652.8,19921,20993,21736,23172,22661,0.0,1700,1400,1800,0,1800,0
125000.0,1,1,2,32,0,0,2,2,2,2,43216.799999999996,39321,39145,39494,39896,28256,5460.0,900,1400,900,6440,500,1
162500.0,2,3,1,33,0,0,0,0,0,0,35968.799999999996,28037,37414,42816,43089,37101,6533.8,15430,12015,8020,1060,5017,0
350000.0,2,1,1,61,-2,-1,2,-1,-1,-1,0.0,4609,1351,1108,1288,3552,5998.2,1,1109,1290,3561,3279,0
150000.0,2,2,1,39,-1,-1,-1,-1,0,0,391.2,499,1870,652,326,0,648.7,1870,652,0,0,1705,0
187500.0,2,2,3,53,0,0,0,0,0,-2,4333.2,5153,6158,4626,0,0,2600.0,1523,2000,0,0,0,0
187500.0,2,2,2,42,0,0,0,0,0,0,7246.8,5837,8770,8740,2323,5307,3900.0,3014,3086,2000,3003,3000,0
162500.0,2,3,1,42,-2,-2,-2,-2,-2,-2,0.0,0,0,0,0,0,0.0,0,0,0,0,0,1
175000.0,2,2,1,54,-1,-1,-2,-2,-2,-1,2948.4,0,0,0,0,579,0.0,0,0,0,579,1968,0
62500.0,2,2,1,36,0,0,2,0,0,2,53964.0,48101,46993,47940,50903,49794,5011.5,0,1694,3713,2000,1900,1
225000.0,1,1,2,46,0,-1,-1,-1,0,0,19639.2,18339,2766,97996,55156,36213,23840.7,2766,97996,1861,1196,3000,0
187500.0,2,1,2,30,-1,0,-1,-1,-1,-2,22603.2,5312,740,10,0,0,2600.0,740,1410,0,0,0,0
387500.0,2,1,1,40,-1,-1,-1,-1,-1,-1,2178.0,3689,20524,7986,1100,9622,4795.7,20658,7986,1100,9622,0,0
325000.0,2,2,2,36,-1,3,2,2,2,0,98728.8,80426,78536,94069,92447,95925,0.0,0,17000,0,5015,4293,0
225000.0,1,1,2,39,-2,-2,-2,-2,-2,-2,0.0,0,0,0,0,0,0.0,0,0,0,0,0,0
25000.0,1,2,2,43,0,0,0,0,0,0,23814.0,18245,17658,16576,13529,10387,2202.2000000000003,1368,547,504,347,6000,0
150000.0,1,1,1,50,0,0,0,0,0,0,25052.399999999998,21909,22922,23376,23866,24339,1779.7,1382,836,866,870,902,0
62500.0,1,2,1,46,0,0,0,0,0,0,44035.2,46041,47890,8412,9412,0,13000.0,3012,1000,1000,0,0,0
75000.0,2,2,1,42,0,0,0,0,0,0,71354.4,60866,54007,52089,29397,29110,3900.0,2570,2202,1200,1100,1100,1
187500.0,2,1,2,41,1,-1,-1,-1,-1,-2,0.0,990,0,234,0,0,1287.0,0,234,0,0,0,0
687500.0,1,1,2,36,1,2,2,-2,-1,-1,21019.2,1600,94,100,704,7480,0.0,94,112,704,7491,7000,0
137500.0,2,2,1,50,0,0,0,0,0,0,129856.79999999999,107512,82828,47978,47276,48109,6890.0,3300,1700,1900,1770,3000,0
175000.0,2,1,1,47,2,2,2,0,0,0,169585.19999999998,141836,139070,134168,135678,136494,5590.0,1003,4854,5500,5200,5100,1
625000.0,1,1,2,52,-2,-2,-1,-1,0,-1,25651.2,20473,3581,18855,6783,5921,26614.9,3587,18860,146,5923,9464,0
100000.0,2,3,1,49,0,0,2,0,0,0,96969.59999999999,81615,79075,79604,78567,79810,9003.800000000001,0,3000,3000,3300,3200,0
162500.0,2,2,2,31,2,0,0,0,0,0,156642.0,127155,126264,128318,96428,98156,7800.0,5200,5000,3500,3622,3920,1
62500.0,1,2,2,29,0,0,0,0,0,0,42199.2,29045,15188,7582,7741,7958,1690.0,1106,1500,281,346,159,0
250000.0,2,1,2,32,0,0,0,0,0,0,75088.8,63814,65265,66234,62356,55080,2961.4,2473,2161,2075,1973,2000,0
225000.0,1,1,2,31,-1,-1,-2,-1,0,0,226.79999999999998,0,0,126884,129020,131708,0.0,0,131453,4209,4350,4099,0
250000.0,2,2,2,41,0,0,0,0,0,0,231699.6,195259,196120,168814,163509,172037,11700.0,8993,7503,6000,11300,6103,0
175000.0,1,3,2,35,2,2,2,2,2,0,174752.4,145339,136223,113942,109652,109118,7806.5,210,7903,0,4183,4213,0
100000.0,2,2,2,30,0,0,2,-1,-1,-1,69592.8,17695,7987,2622,2449,0,4325.1,44,2629,2457,0,0,0
450000.0,2,2,2,50,-2,-1,2,2,-2,-2,0.0,2500,2500,0,0,0,3250.0,0,0,0,0,0,0
62500.0,1,3,2,39,1,2,2,2,2,2,40531.2,34824,33988,36311,36918,36191,2470.0,0,3200,1500,0,3000,1
100000.0,2,1,1,37,-1,3,2,-1,0,0,5912.4,4693,3342,4844,3728,2612,0.0,0,4844,0,0,0,1
237500.0,2,2,2,32,0,0,0,0,0,0,116563.2,98767,101452,103471,104083,106359,5743.400000000001,5452,5471,4083,4359,3697,0
350000.0,2,1,2,40,-1,-1,-1,-1,-1,-1,7792.799999999999,28723,9432,3472,3472,10237,37339.9,9432,3472,3472,10237,12129,0
37500.0,1,3,1,60,2,2,7,7,7,7,2874.0,2395,2395,2395,2395,2395,0.0,0,0,0,0,0,1
100000.0,2,2,3,57,0,0,0,0,0,0,75760.8,57072,55618,50345,52031,53141,2713.1,2019,2000,2500,2095,2002,0
450000.0,2,2,2,44,-1,2,2,-2,-2,-2,786.0,655,0,0,0,0,0.0,0,0,0,0,0,0
87500.0,2,4,1,29,0,0,0,-2,-2,-2,57195.6,47470,0,0,0,0,1300.0,0,0,0,0,0,0
275000.0,1,3,1,44,0,0,0,0,0,-1,231378.0,208365,88004,31237,15980,529,26000.0,5003,3047,5000,1000,81000,0
450000.0,1,1,1,40,-1,-1,-1,-1,-1,-1,14323.199999999999,21865,3366,5210,13308,7089,28577.9,4567,5236,13373,7123,5510,0
287500.0,2,5,2,50,0,0,0,0,0,0,173288.4,146277,149338,152555,155934,159332,7020.0,5500,5700,6000,6000,6000,0
362500.0,1,2,1,42,-2,-2,-2,-2,-2,-2,239893.19999999998,204462,208769,213085,211829,96532,10401.300000000001,8001,8037,10074,5010,179228,0
37500.0,2,2,1,39,2,2,0,0,0,2,20332.8,16374,17724,18473,19763,19306,0.0,1620,1350,1600,0,1630,1
300000.0,1,3,2,45,0,0,0,0,0,0,294373.2,237034,242807,226872,233115,239229,11038.300000000001,9600,8896,10690,223765,9395,0
450000.0,2,1,2,35,-2,-2,-2,-2,-2,-2,5718.0,3415,1539,6501,3458,2786,4464.2,1546,6541,3475,2788,5710,0
37500.0,2,2,2,28,0,0,0,0,0,0,23512.8,20619,21631,22062,22707,23312,1749.8,1358,789,1000,981,1010,0
175000.0,2,2,1,48,2,2,0,0,0,0,108758.4,88637,90859,92734,48461,49067,0.0,4200,4261,2182,1844,1652,1
150000.0,2,1,2,32,-1,0,0,0,0,0,26432.399999999998,51757,113157,106767,30237,0,45500.0,100000,0,0,0,2750,0
62500.0,1,1,2,40,0,0,0,0,0,0,57916.799999999996,19142,18188,18397,18161,18383,2034.5,7240,795,1000,673,647,1
62500.0,1,2,2,27,1,2,0,0,0,0,60937.2,45429,28927,19896,19475,19168,53.300000000000004,1617,816,1003,1004,912,0
375000.0,2,1,2,53,2,0,0,0,0,0,364848.0,305627,305697,269017,275230,260419,14950.0,12000,10000,10500,10000,10000,1
25000.0,2,1,2,27,0,0,0,0,-1,0,22263.6,19446,19065,8332,18868,19247,1950.0,1032,541,20000,693,1000,0
400000.0,2,1,1,38,1,-2,-2,-1,-1,-1,0.0,0,0,1248,1479,0,0.0,0,1248,1479,0,0,0
175000.0,2,2,1,45,0,0,0,0,0,0,166066.8,110701,83468,41202,41687,36335,6692.400000000001,3216,2003,3000,3041,5056,0
312500.0,2,2,1,38,3,2,2,-2,-2,-2,3000.0,2500,0,0,0,0,0.0,0,0,0,0,0,1
587500.0,1,1,1,42,0,0,0,0,0,0,161473.19999999998,226498,165474,120644,119006,110780,195071.5,7046,10000,15029,15017,10023,0
200000.0,2,2,2,39,-1,-1,-1,-1,-1,-1,22749.6,11842,7918,13780,12297,12752,31200.0,8000,13780,12300,12752,6000,0
250000.0,2,2,1,41,0,0,0,0,0,0,221636.4,186660,77221,110294,68214,72103,10401.300000000001,5000,35000,6000,5000,5000,0
100000.0,2,2,1,44,0,0,0,0,0,2,76041.59999999999,67331,75973,70283,73491,66976,6500.0,10000,2550,5100,0,2700,0
337500.0,2,1,2,31,1,-2,-1,-1,-2,-2,0.0,0,6336,0,0,0,0.0,6336,0,0,0,0,0
125000.0,2,2,1,35,2,-1,-1,0,0,0,883.1999999999999,1237,40476,41408,36362,34213,1608.1000000000001,43757,2005,1500,2000,2000,0
450000.0,2,2,2,40,2,2,2,0,0,0,432027.6,363239,350214,319960,260944,202686,19100.9,30,12302,10004,7506,19721,1
437500.0,2,1,2,44,-1,-1,-1,-1,-1,-1,4632.0,648,11094,4041,4485,9364,842.4,11198,4057,4523,9407,3948,0
37500.0,2,2,1,32,0,0,0,0,0,0,5432.4,7427,11013,16013,16340,3396,3900.0,6000,5000,327,3396,1680,0
350000.0,2,2,1,37,0,0,0,0,0,0,13873.199999999999,12662,13752,14815,15168,15523,1690.0,1300,1300,600,600,600,0
25000.0,2,1,2,41,-2,-2,-2,-2,-2,-2,267.59999999999997,0,0,0,0,0,0.0,0,0,0,0,0,0
487500.0,1,1,2,36,0,0,0,0,0,0,23362.8,17227,17400,19180,20036,4071,2895.1,2400,2180,1036,2071,3291,0
287500.0,2,2,2,33,-1,-1,-1,-1,-1,-1,9046.8,6500,6500,45914,1465,600,8450.0,6500,45914,1465,600,958,0
250000.0,2,1,2,38,-1,-1,-1,-2,-2,-2,1015.1999999999999,4292,0,0,0,0,6466.2,0,0,0,0,0,0
62500.0,2,2,1,41,0,0,0,0,0,0,31532.399999999998,25371,22790,23372,22216,19586,2210.0,1800,1300,1000,1000,900,0
100000.0,2,3,1,30,-2,-2,-1,-1,-2,-2,4052.3999999999996,3377,3476,3377,3377,5062,4390.1,3476,3377,3377,5062,3387,0
37500.0,1,2,2,34,1,2,0,0,0,0,29016.0,23498,24532,25517,25896,26282,0.0,1715,1700,1100,952,958,0
37500.0,1,2,2,44,0,0,0,0,0,0,34449.6,28285,26702,20115,18426,18013,1968.2,1278,671,870,879,0,0
375000.0,2,1,2,35,0,0,0,0,0,0,260794.8,206703,203164,164371,161331,154515,10400.0,20219,7500,6500,7500,6000,0
37500.0,2,2,2,36,0,0,0,0,0,0,34381.2,28716,26570,26829,26839,27449,2340.0,2000,1600,1000,1000,1000,0
250000.0,1,1,2,31,2,2,2,2,2,2,236374.8,200055,202494,162228,154294,147514,10140.0,7500,0,6700,5000,7000,1
25000.0,1,2,1,32,0,0,0,3,2,0,7918.799999999999,9315,19067,18472,18037,18487,3900.0,10000,0,0,900,2000,0
450000.0,1,1,2,45,-1,3,2,-1,-1,2,598.8,499,499,13136,9160,2752,0.0,0,13169,2784,12,14293,1
87500.0,1,1,2,33,0,0,0,0,0,0,11056.8,10560,12071,12866,14644,16230,1950.0,2000,1000,2000,2000,3000,0
225000.0,2,1,2,58,-2,-2,-2,-2,-2,-2,0.0,0,0,0,0,0,0.0,0,0,0,0,0,0
450000.0,2,2,2,39,1,-2,-2,-2,-2,-2,0.0,0,0,0,0,0,0.0,0,0,0,0,0,1
62500.0,1,3,1,58,0,0,0,0,0,0,7941.599999999999,7641,8651,8824,9008,9187,1472.9,1143,316,326,328,339,0
200000.0,1,1,2,32,-1,-1,-2,-2,-2,-2,198.0,0,0,0,0,0,0.0,0,0,0,0,0,1
25000.0,2,2,1,52,3,2,2,2,2,2,21326.399999999998,18487,17892,19294,19840,19376,1690.0,0,1700,1000,0,850,1
312500.0,1,3,1,56,-2,-2,-2,-2,-2,-2,0.0,2482,0,0,0,0,3273.4,0,0,0,0,0,0
37500.0,1,2,2,32,0,0,0,0,0,0,22741.2,17298,14793,15566,15014,15413,1651.0,1300,1000,1000,800,1000,0
225000.0,2,2,1,38,0,0,0,0,0,-1,36937.2,31202,31188,32979,22526,13338,2600.0,1408,2979,2526,13338,15186,0
62500.0,2,3,1,49,1,2,3,2,4,3,15734.4,14679,15143,16892,16341,15798,2730.0,1000,2300,0,0,0,1
625000.0,1,1,2,59,-2,-2,-2,-2,-2,-2,3160.7999999999997,1108,1318,36032,0,11270,1454.7,1318,36032,0,11270,28051,0
62500.0,2,2,1,31,0,0,0,0,0,0,50269.2,33849,30220,30235,28979,23593,2315.3,2016,1450,1314,814,978,0
37500.0,2,2,2,28,2,-1,-1,-1,0,0,874.8,479,859,755,755,220,627.9,859,755,0,0,0,1
500000.0,2,1,2,38,-1,-1,-1,-1,-1,-1,9321.6,31313,8744,11640,41432,20075,40729.0,8853,11816,41432,20974,44135,0
337500.0,2,2,1,43,0,0,0,0,0,0,72784.8,59464,54715,51796,53256,59733,3900.0,3019,5000,5000,10000,10000,0
25000.0,1,2,1,43,-1,0,0,0,0,0,22402.8,19304,19905,20302,20133,20000,1723.8,1317,714,925,400,0,0
62500.0,2,1,2,30,1,-2,-2,-2,-2,-2,0.0,0,0,0,0,0,0.0,0,0,0,0,0,1
450000.0,2,1,2,37,-2,-2,-2,-2,-2,-2,0.0,0,0,0,0,0,0.0,0,0,0,0,0,0
250000.0,2,1,1,45,-1,-1,-1,-1,-1,-1,4592.4,8030,5020,5451,2619,5188,10439.0,5020,5451,2619,5188,8794,0
600000.0,2,1,1,57,-2,-2,-2,-2,-2,-2,126343.2,86619,18802,34863,73914,47938,113321.0,18802,34874,73921,47938,56447,0
112500.0,2,1,2,28,-1,-1,-2,-1,-1,-1,3636.0,0,0,4220,1130,212,0.0,0,4220,1130,212,298,0
175000.0,2,1,2,31,0,0,-2,-2,-2,-2,26025.6,0,0,0,0,0,0.0,0,0,0,0,0,0
575000.0,2,1,1,48,-2,-2,-1,0,0,0,388089.6,261444,309622,297039,258056,188083,6797.7,580464,80017,31017,27,38700,0
25000.0,1,1,2,29,1,2,2,2,0,0,8035.2,7437,8810,9470,18315,19237,1300.0,1495,1000,9000,1800,900,1
300000.0,2,2,1,41,0,0,0,0,0,0,278437.2,226221,222929,215858,210887,205828,10650.9,9000,6600,6400,6382,5994,0
187500.0,1,2,2,30,0,0,0,0,0,0,169490.4,71740,146608,148658,135768,138681,5200.0,77000,6000,5000,5100,5100,0
175000.0,2,1,2,34,2,2,2,2,2,2,117486.0,100152,100772,101562,103214,88085,6110.0,3200,3500,3193,0,2304,1
62500.0,1,2,1,63,-1,-1,-1,-1,-1,-1,2347.2,2060,4904,2056,2515,1464,2678.0,4904,2056,2515,1464,1515,0
225000.0,2,1,1,38,-1,0,0,0,0,0,1195.2,1999,2216,2301,2364,2286,1953.9,1400,250,228,106,1601,1
125000.0,2,1,1,51,0,0,0,2,0,0,47094.0,41602,47885,46817,48400,51588,3900.0,7000,0,2500,4000,0,0
62500.0,2,3,1,49,-1,-1,-1,-1,0,0,2400.0,780,0,7472,10174,11104,1014.0,0,7472,3000,1104,1000,0
125000.0,1,1,2,36,1,2,2,0,0,2,24606.0,22553,21904,23531,24636,25592,3510.0,0,2000,1500,1500,0,0
225000.0,1,2,1,41,2,2,2,2,2,2,136968.0,115764,117426,119000,120528,123451,6500.0,5000,5000,5000,5000,0,1
37500.0,1,2,1,40,1,-1,-1,2,0,0,0.0,26232,29093,28319,29064,28658,34101.6,3300,0,1200,1100,1500,1
25000.0,1,3,2,45,1,3,2,0,0,0,10896.0,8790,8505,9557,10395,11227,0.0,0,1200,1000,1000,1000,0
62500.0,2,1,2,28,0,0,0,2,2,2,18302.399999999998,16885,18500,18864,19807,19407,2860.0,2200,1000,1500,0,3000,0
100000.0,1,1,1,65,0,0,0,0,-2,-2,63978.0,47740,50100,0,0,0,4290.0,6267,0,0,0,4189,0
175000.0,2,2,2,43,0,0,2,0,0,2,18525.6,12140,11225,6688,6908,6438,3406.0,0,310,400,0,1435,0
25000.0,2,2,1,51,3,3,2,0,0,0,12174.0,9836,10525,18930,19320,19861,0.0,1000,9000,1000,1000,400,1
62500.0,2,2,1,29,2,0,0,0,0,0,60852.0,45641,29259,9442,9792,9684,2566.2000000000003,1552,334,498,500,493,1
425000.0,2,2,2,39,0,0,0,0,-1,-1,19754.399999999998,12927,10814,7880,2338,0,1703.0,3011,5000,2338,0,0,0
37500.0,2,2,1,27,0,0,0,0,0,0,34346.4,28219,27764,27973,28576,12135,2210.0,1500,700,700,500,1000,0
150000.0,2,1,2,39,-1,-1,-1,0,-1,-1,618.0,882,6531,6313,1100,1330,1146.6000000000001,6900,5037,1100,1330,3800,0
450000.0,2,1,2,35,-2,-2,-2,-2,-2,-2,900.0,1166,398,0,418,1840,1515.8,398,0,418,1840,0,0
350000.0,2,1,2,33,-1,-1,-1,-1,-1,0,322.8,4160,3590,274,5274,8222,5415.8,3607,275,5275,3223,3335,0
137500.0,2,1,2,37,0,0,0,2,2,2,37022.4,31957,37051,36303,42800,38381,2477.8,6000,0,8000,0,5000,0
250000.0,2,3,2,75,-1,-1,-1,0,0,-2,8530.8,9999,5300,5300,0,0,13032.5,5300,0,0,0,0,0
375000.0,1,1,1,39,0,0,0,0,0,0,1508.3999999999999,6467,7655,7507,7659,0,7280.0,1500,0,300,0,6600,0
225000.0,2,1,1,54,-2,-2,-2,-2,-2,-2,0.0,0,0,0,0,0,0.0,0,0,0,0,0,0
25000.0,2,2,1,27,2,2,2,0,0,0,20071.2,19143,18391,18562,11798,0,3900.0,0,371,1236,0,0,1
350000.0,1,2,2,44,-2,-2,-2,-2,-2,-2,7501.2,12501,4873,4071,0,0,16350.1,4897,4176,0,0,0,0
450000.0,2,2,1,37,1,-2,-2,-2,-2,-2,0.0,0,0,0,0,0,0.0,0,0,0,0,0,1
62500.0,1,2,2,35,1,2,0,0,0,0,62902.799999999996,51309,51135,48371,56294,61259,0.0,2500,2271,50000,10100,3000,0
225000.0,2,2,1,46,0,0,0,0,0,0,119910.0,102359,96462,96846,95549,94131,6531.2,4300,3500,4000,4000,3650,0
300000.0,1,1,1,55,-1,-1,-1,-2,-1,-1,42140.4,17330,58422,54755,43605,26293,14366.300000000001,116904,54762,43705,26293,13011,0
62500.0,2,2,2,28,0,0,0,0,0,0,61202.399999999994,50974,50021,49353,30439,29890,2577.9,2456,3288,1230,1085,1252,1
500000.0,1,1,2,35,0,0,0,0,0,0,195048.0,155319,171087,172732,156830,139816,13000.0,32000,18000,5000,4000,10000,0
250000.0,1,2,2,32,-1,-1,-1,-1,-1,-1,2388.0,2035,1577,2424,671,1606,2645.5,1577,2424,671,1606,27124,1
100000.0,1,2,1,41,3,2,2,4,4,3,720.0,600,600,600,600,300,0.0,0,0,0,0,0,1
250000.0,2,5,3,45,0,0,0,0,0,-1,270576.0,211608,197824,201940,98496,3480,9441.9,8857,9117,29420,3484,1998,0
225000.0,1,2,2,44,-1,-1,-1,-1,-1,-1,858.0,4637,969,21365,9707,3837,6028.1,1595,21365,9707,3837,5328,0
100000.0,2,2,1,42,0,0,0,0,0,0,47806.799999999996,40596,41914,42618,43525,44433,2210.0,1996,1700,1745,1800,2500,0
312500.0,1,2,1,55,-2,-2,-2,-1,-1,-1,468.0,390,390,8042,16014,5607,507.0,390,8042,16014,5607,390,0
25000.0,1,3,1,51,0,0,0,0,0,0,13590.0,12654,13659,13635,13922,14689,1974.7,1524,500,507,1000,500,0
150000.0,2,2,1,57,1,2,0,0,0,0,147820.8,117849,120471,117218,116871,122192,0.0,6100,5700,4500,9000,4700,1
250000.0,1,2,2,44,0,0,0,0,0,0,37483.2,31996,32704,33351,34050,36184,2389.4,1546,1193,1236,2700,1022,0
187500.0,2,1,2,42,-1,-1,-1,-1,0,0,24268.8,24837,4159,15089,2233,0,32292.0,4159,17589,0,0,500,0
62500.0,1,2,2,54,1,2,0,0,0,0,56832.0,45915,46686,47084,14253,15479,0.0,2200,2000,1000,2000,2000,0
75000.0,1,2,1,55,-1,-1,-1,-1,0,0,9465.6,13989,9588,18041,14458,12710,18233.8,9700,18064,4016,5029,2828,0
462500.0,2,1,1,47,0,0,0,0,0,0,325742.39999999997,256269,200761,125646,111185,45816,14683.5,8300,5000,4600,10000,280000,0
125000.0,2,3,2,46,-1,-1,-1,-1,0,-1,8918.4,1633,2043,4830,3535,4307,2122.9,2043,4830,0,4307,0,1
87500.0,2,1,2,33,0,0,0,0,0,0,24402.0,21699,22460,20345,42123,19852,2600.0,1500,3000,721,1200,2000,0
75000.0,2,2,2,32,0,-1,-1,0,0,0,8761.199999999999,11482,39511,39654,38168,36526,14965.6,39511,1866,1400,2000,1300,0
25000.0,2,2,2,45,0,0,0,0,0,0,8026.799999999999,7723,8730,8936,8994,9244,1690.0,1294,500,350,400,400,0
362500.0,2,1,2,33,0,0,0,0,0,0,150814.8,113486,116427,103550,64527,64030,5609.5,6000,4000,3000,2500,3000,0
162500.0,2,1,1,38,0,0,0,0,0,0,76206.0,64121,66351,73399,71007,71253,6500.0,5000,10000,3000,3000,3228,0
62500.0,1,2,3,51,0,0,0,0,0,0,59731.2,50405,49099,19125,18504,19197,2672.8,1300,669,671,1000,684,1
12500.0,2,1,2,38,2,2,2,0,0,0,8983.199999999999,9354,7183,7814,7814,7190,3900.0,0,1000,0,0,0,0
25000.0,1,1,2,27,1,2,0,0,0,0,12709.199999999999,10277,11304,12311,12410,13358,0.0,1500,1500,600,1300,0,0
450000.0,1,1,1,40,-1,-1,-1,-1,-1,-1,1848.0,1099,6342,5077,1274,0,1432.6000000000001,6353,5105,1277,0,2058,0
300000.0,2,1,2,32,0,0,-2,-2,-2,-2,141810.0,0,0,0,0,0,0.0,0,0,0,0,0,0
250000.0,1,1,2,39,-1,-1,-2,-2,-1,-1,3903.6,3969,0,2315,4255,2010,5206.5,326,2323,4264,2028,1857,0
450000.0,2,2,1,53,-2,-2,-2,-2,-2,-2,3000.0,0,0,0,0,0,0.0,0,0,0,0,0,1
112500.0,2,1,2,29,0,0,0,-2,-2,-2,93432.0,76387,0,0,0,0,4279.6,0,0,0,0,0,0
350000.0,1,1,1,33,1,2,0,0,0,2,342298.8,276229,277026,280771,270992,111885,6.5,10031,10021,7111,34,171574,0
212500.0,1,2,2,36,-1,-1,-1,-1,0,-1,3489.6,3408,2908,9283,2908,2908,4430.400000000001,2908,9283,0,2908,7163,0
62500.0,2,1,2,36,2,2,3,2,0,0,58683.6,53997,52298,50778,48055,45704,8450.0,0,0,3130,2532,1700,1
175000.0,1,2,2,46,0,0,0,0,0,2,223137.6,170133,155737,140586,136641,117308,7914.400000000001,5677,4797,15414,0,2330,0
400000.0,2,2,2,40,-1,-1,-1,-1,0,0,1562.3999999999999,3571,311,8088,10881,11600,4642.3,311,8088,5000,1600,1810,0
287500.0,2,1,2,34,-1,-1,-1,-1,-1,-1,10699.199999999999,318,725,2586,3198,4260,413.40000000000003,725,2592,3198,4260,4944,0
50000.0,1,1,1,62,0,0,0,0,0,2,104775.59999999999,88918,92387,94078,101340,20650,3547.7000000000003,3692,2846,7540,0,0,0
62500.0,2,2,2,29,0,-1,-1,0,0,-2,17776.8,9631,36631,29150,0,0,13981.5,36671,583,0,0,0,0
287500.0,2,2,1,36,1,-1,0,0,0,0,0.0,2716,3648,6648,7982,9203,3530.8,1000,3000,4000,2000,1000,0
100000.0,1,1,1,46,1,2,0,0,0,0,122859.59999999999,92704,87338,46927,80194,0,0.0,4000,939,80000,0,0,0
12500.0,2,3,2,48,-1,-1,-1,0,0,-2,1911.6,1928,5797,7727,4196,0,2607.8,5805,4013,4217,4,12700,0
62500.0,2,2,1,28,0,0,0,0,-1,0,60771.6,50199,23986,0,20129,20502,3563.3,2079,2177,41608,713,837,0
625000.0,2,1,2,49,-2,-2,-2,-2,-2,-2,35995.2,10625,14567,0,3808,6751,13812.5,14573,0,3808,6751,0,0
425000.0,2,2,1,38,-2,-1,0,-1,0,0,1958.3999999999999,3121,44092,31292,17391,21678,2635.1,39774,43325,5000,10000,10079,0
25000.0,2,3,3,48,1,2,-1,0,-1,-1,4912.8,1683,2924,1462,1462,6105,0.0,2924,0,1462,6105,0,0
25000.0,1,1,2,32,1,2,-1,-1,0,0,7528.799999999999,5971,3980,9040,9040,0,0.0,4000,9040,0,0,17291,0
62500.0,1,1,1,40,0,0,0,0,0,0,41971.2,6018,13930,7106,6020,9011,1465.1000000000001,1074,215,249,4383,172,0
225000.0,2,3,1,48,-1,-1,-1,-1,-1,-1,1767.6,22969,27315,13315,8194,12800,29859.7,27392,13315,9000,12800,9460,0
100000.0,2,1,2,28,2,2,2,0,0,2,89832.0,80461,78259,66068,50748,51490,8924.5,37,2122,3600,1600,18,1
325000.0,1,1,1,48,1,-2,-2,-1,0,0,0.0,0,0,14855,13650,0,0.0,0,15055,0,0,0,1
25000.0,1,3,1,45,3,2,2,2,2,2,360.0,300,300,300,300,300,0.0,0,0,0,0,0,1
75000.0,2,2,2,36,0,0,0,0,0,0,69807.59999999999,59626,55775,28187,28978,27119,4420.0,2300,1200,1200,1500,1500,0
25000.0,2,2,2,29,3,2,3,2,3,2,21228.0,19102,19502,20881,20266,20511,2600.0,1000,2000,0,700,0,1
137500.0,1,2,1,61,0,0,0,0,0,0,112779.59999999999,88777,82501,54458,45943,44724,4382.3,2636,1883,1584,1604,2008,0
300000.0,2,3,1,42,-2,-2,-1,-1,-2,-1,0.0,0,1130,3525,0,2116,0.0,1133,3525,0,2116,7442,0
162500.0,1,3,1,32,-1,-1,-1,-1,-2,-1,600.0,2000,1354,0,0,2699,2600.0,1354,0,0,2699,3766,1
100000.0,2,2,1,40,2,2,-1,-1,-1,-1,302.4,0,2072,1752,1876,1876,0.0,5572,1752,2000,1876,2071,0
175000.0,2,2,1,35,-2,-2,-2,-2,-2,-2,0.0,0,0,0,0,1122,0.0,0,0,0,1122,0,0
87500.0,1,2,3,39,-2,-2,-1,0,0,0,70650.0,0,72772,39980,40126,39788,0.0,72772,1400,1500,1500,1600,0
287500.0,2,2,1,48,2,2,2,0,0,0,267382.8,232264,227054,196356,199525,201836,18590.0,158,7100,7400,7500,7820,1
100000.0,2,2,2,30,0,0,2,2,2,2,32226.0,28789,31026,31401,31986,32468,3101.8,2998,1183,1400,1139,0,0
62500.0,2,2,1,63,1,2,2,2,2,2,38535.6,31319,33688,32849,34950,35658,0.0,3200,0,2795,1431,0,0
187500.0,2,2,1,41,0,0,0,0,-1,-1,84001.2,45813,44309,27428,2013,4724,3250.0,1200,2618,2013,4724,0,0
400000.0,2,2,2,31,0,0,0,0,0,0,385179.6,319377,319368,305308,188120,192087,18200.0,14033,14008,7000,7000,7600,0
62500.0,2,2,1,44,0,0,0,0,0,0,56888.4,37716,30873,24659,15849,8540,2650.7000000000003,1400,1612,0,0,0,0
137500.0,2,1,2,40,-1,2,-1,0,0,-1,658.8,179,1166,790,806,1729,0.0,1166,0,446,1729,0,0
300000.0,2,2,1,33,-1,-1,-1,-1,-2,-2,1732.8,2553,747,0,0,0,3318.9,747,0,0,0,1295,0
287500.0,2,1,2,31,-2,-1,2,-1,0,-1,0.0,1732,476,3157,340,769,2758.6,0,3157,0,769,1265,0
300000.0,1,2,3,40,0,0,0,0,0,0,22070.399999999998,16427,16475,14648,9384,8171,1956.5,1327,1500,500,500,2000,0
612500.0,1,1,1,48,2,-1,-1,-2,-1,-1,4747.2,3081,0,0,2236,3052,4005.3,0,0,2236,3052,3159,1
175000.0,1,3,1,58,0,0,0,0,0,0,159800.4,135889,81607,83927,84861,86556,7020.0,3000,4000,3500,3504,3500,0
300000.0,1,2,1,43,2,2,-1,-1,0,0,8547.6,6848,836,2508,1672,836,1086.8,836,2508,0,0,563,1
450000.0,1,2,2,33,-2,-2,-2,-2,-1,0,0.0,0,0,0,1090,8788,0.0,0,0,1090,7910,170027,0
500000.0,2,2,1,49,-2,-2,-2,-2,-2,-2,0.0,804,11192,0,0,0,1045.2,11242,0,0,0,0,0
575000.0,1,1,2,39,0,0,0,0,0,0,435379.2,372284,380257,386847,301231,325831,19922.5,16000,15000,11000,30000,20004,0
112500.0,2,2,2,29,-1,-1,-2,-2,-2,-2,624.0,0,0,0,0,0,0.0,0,0,0,0,0,0
500000.0,2,1,2,33,-1,0,-1,0,0,0,1699.2,1548,22085,21021,19761,12613,1367.6000000000001,22085,420,56,687,800,0
25000.0,2,2,2,54,1,2,2,2,0,0,22461.6,18132,19530,18950,16510,19386,0.0,3000,0,1000,3000,2000,1
112500.0,2,1,2,37,-1,-1,-2,-1,-1,-1,9075.6,0,0,3230,387,1642,0.0,0,3242,387,1642,0,0
12500.0,2,2,2,28,0,0,0,0,0,2,6483.599999999999,6462,7479,8489,9007,9227,1690.0,1272,1282,800,500,0,0
212500.0,1,2,1,62,-1,-1,-1,-1,0,-1,950.4,0,396,792,396,396,0.0,3396,792,0,396,396,1
500000.0,2,1,2,34,-2,-2,-2,-2,-2,-2,9146.4,38849,13586,19502,3809,4512,50826.1,13653,19617,3930,7021,24987,0
187500.0,2,2,1,41,2,2,2,2,2,2,165267.6,141048,142475,143966,146736,149697,9100.0,5200,5300,5200,5500,5200,0
100000.0,2,1,2,31,0,0,0,0,0,0,35186.4,28563,25443,28790,29929,23796,3900.0,3000,4000,1500,1000,2000,1
475000.0,1,1,2,41,0,0,0,0,0,0,82731.59999999999,75024,61114,60586,55489,55702,10400.0,5000,2500,5000,4000,4000,0
225000.0,1,1,2,36,-2,-2,-2,-2,-2,-2,3516.0,3300,2860,4216,2609,9609,4290.0,2860,4216,2609,9700,6525,0
350000.0,1,3,1,45,2,0,0,0,0,0,213864.0,184848,188411,191291,189029,192023,13000.0,9000,8000,6738,6974,7600,1
25000.0,1,3,2,45,0,0,0,2,2,0,15834.0,14197,15657,14418,13561,13291,1609.4,2959,580,0,435,518,0
250000.0,2,2,2,39,0,0,0,-1,-1,-1,246434.4,177755,3455,1078,1598,171700,7155.2,1526,1078,1598,173026,6000,0
62500.0,2,1,2,34,2,0,0,2,0,0,60553.2,48340,51113,48114,19400,19240,2730.0,4900,0,3000,2500,1000,0
250000.0,2,3,1,48,1,2,0,0,0,0,143318.4,116014,119576,123551,129486,133262,0.0,5000,5000,7000,5000,5000,1
187500.0,1,2,1,48,0,0,0,0,0,0,107385.59999999999,89951,86961,79284,74531,78359,6520.8,5050,3026,5000,5012,4057,0
500000.0,2,2,2,55,-1,-1,2,-1,-1,-1,19183.2,4359,1783,129,3170,657,5666.7,0,129,3170,657,1160,0
275000.0,2,2,1,39,-1,-1,-1,-1,-1,-1,464.4,1083,1969,389,389,389,1411.8,2099,390,390,390,391,0
187500.0,1,1,1,54,-2,-2,-2,-2,-2,-2,133617.6,109115,102598,3039,0,0,7800.0,4044,309,0,0,0,0
50000.0,2,1,2,29,0,0,0,0,2,0,42270.0,35939,36606,38687,37296,38181,2512.9,1600,3000,0,1500,1500,1
62500.0,1,3,1,46,0,0,2,2,2,2,6744.0,46907,45880,48697,49504,50577,54730.0,0,3900,1900,2000,0,0
487500.0,2,1,1,44,-2,-2,-2,-2,-2,-2,58100.4,15530,112316,114797,131601,130295,2600.0,97472,4000,20000,31667,6539,0
62500.0,1,2,3,54,0,0,0,0,2,0,29138.399999999998,23470,23297,22546,19563,20227,1950.0,1500,2150,0,1000,1000,0
100000.0,2,2,1,41,0,0,0,0,0,0,93597.59999999999,77452,74773,76908,77068,78434,4810.0,3500,4000,3200,4000,2700,0
212500.0,2,1,2,31,0,0,0,0,0,0,27216.0,13827,9522,10254,5520,6212,2600.0,2000,2000,0,2000,1320,0
450000.0,2,2,1,44,1,-2,-2,-2,-2,-2,0.0,0,0,0,0,0,0.0,0,0,0,0,0,1
187500.0,2,2,2,33,0,0,0,0,0,0,30766.8,16213,18075,19902,5331,9281,2600.0,2000,2000,1000,3950,0,0
62500.0,2,2,1,41,2,2,2,0,0,2,3108.0,4836,4613,5378,5848,5606,3195.4,0,1000,557,0,2000,0
62500.0,2,3,2,28,2,0,0,0,0,0,56295.6,47486,47963,33499,19227,19334,2519.4,1703,1304,680,696,717,0
37500.0,2,3,2,27,-1,-1,0,-1,0,-1,0.0,29393,27390,2390,780,24310,43425.200000000004,1000,2390,0,48620,156,0
125000.0,2,2,2,32,0,0,0,0,0,0,45320.4,34457,30036,30337,30997,32904,2324.4,1799,1100,1150,2423,0,0
425000.0,1,2,1,44,0,0,0,0,0,0,178348.8,109990,112515,114951,117849,120739,5200.0,4000,4000,4500,5000,1500,0
275000.0,2,2,1,41,2,2,2,0,0,0,234870.0,197466,189149,187531,187856,186532,10660.0,0,7000,7000,7200,23700,1
362500.0,2,2,1,43,0,0,0,0,0,0,172992.0,147451,150617,153351,156213,158938,7800.0,6010,5600,5700,5700,6000,0
75000.0,2,3,2,46,0,0,0,0,0,0,67570.8,58369,59237,59851,32002,32388,3900.0,2400,1812,3200,2000,4000,0
37500.0,2,2,1,52,1,2,0,0,0,0,28450.8,23047,24056,24380,24835,25423,0.0,1698,1022,1000,1000,1000,0
500000.0,2,3,1,45,-1,-1,0,-1,-1,-2,32442.0,28119,31166,35238,1408,4869,36665.200000000004,33716,37400,1408,4869,5539,0
225000.0,2,1,1,41,-2,-2,-2,-2,-2,-2,3415.2,2092,4629,3007,5827,1118,2719.6,4631,3007,5827,1200,1030,0
137500.0,1,2,1,47,-2,-2,-2,-2,-2,-1,120640.79999999999,90201,77817,64246,65746,57715,4781.400000000001,1948,1285,1500,60589,1620,0
262500.0,1,2,1,50,0,0,0,0,0,0,99482.4,84897,56023,57137,58333,59373,4958.2,2931,2045,2117,2010,1853,0
587500.0,1,1,1,44,-1,0,0,0,0,0,95346.0,74993,48344,45433,45853,21158,3052.4,1542,1041,2019,789,5013,0
37500.0,2,2,2,29,1,2,2,0,0,0,32028.0,27954,27226,28427,28752,28447,2600.0,0,2000,1000,1100,1500,0
350000.0,2,1,2,36,-2,-2,-2,-2,-2,-2,1869.6,0,940,0,699,0,0.0,940,0,699,0,399,0
150000.0,2,2,2,28,0,0,0,0,0,0,120872.4,96551,69676,44879,43532,44467,5621.2,3234,1448,1400,1400,1400,1
287500.0,2,1,2,34,0,0,-1,-1,0,0,14872.8,12105,2439,5185,9893,11567,2732.6,3000,6000,5000,2000,2000,0
250000.0,2,2,1,58,-1,-1,-1,-1,-2,-1,6070.8,0,16556,0,0,47140,0.0,16556,0,0,47140,0,0
312500.0,2,2,2,40,0,0,0,0,0,0,290053.2,205944,210513,214696,219218,228900,9725.300000000001,8000,7682,7979,13350,3000,0
12500.0,2,1,2,32,2,0,0,2,0,0,7320.0,7274,9596,9289,9593,9795,1665.3,2603,0,1000,500,421,1
125000.0,2,2,1,44,-2,-2,-2,-2,-2,-2,2260.7999999999997,0,0,0,0,0,0.0,0,0,0,0,0,0
350000.0,1,1,2,39,0,0,0,0,0,0,301520.39999999997,258944,262562,164059,131807,180524,19500.0,10565,20253,20518,155067,11007,0
25000.0,1,2,2,28,1,2,0,0,0,0,21414.0,17261,18976,19804,19204,18210,0.0,2000,1600,0,1150,2000,0
112500.0,2,2,1,37,0,0,0,0,0,0,81897.59999999999,57751,45074,38489,28558,29245,3104.4,2000,2412,1200,1300,1200,0
250000.0,1,2,1,43,2,2,2,2,0,0,122726.4,104978,105924,102663,97090,98045,6500.0,4500,0,3500,3500,9000,1
62500.0,1,2,2,34,1,2,0,0,0,0,59534.399999999994,48546,49157,49890,48941,49940,0.0,1900,1333,0,999,0,0
137500.0,2,2,2,33,1,2,0,0,0,2,135116.4,107799,108464,110737,114581,111219,0.0,4000,4000,8500,0,4000,1
112500.0,2,3,1,59,3,2,2,2,2,0,103473.59999999999,85437,90635,91745,87466,85662,1950.0,7500,3500,0,3300,3500,1
400000.0,1,1,1,45,-1,-1,-1,-1,-1,-1,9888.0,8240,8240,8240,15273,16106,10712.0,8240,8240,15273,16106,9690,0
87500.0,1,1,1,47,0,0,0,0,0,0,85506.0,71338,71267,69813,71324,71268,3640.0,2800,2900,2800,2800,2990,1
125000.0,2,2,2,37,2,0,0,0,2,2,60398.399999999994,52644,54905,58133,60197,59226,3900.0,3000,4000,3000,0,4300,0
612500.0,1,1,1,55,-1,-1,-1,-1,-1,-1,21460.8,6836,4657,3398,1476,1602,8886.800000000001,4657,3398,1476,1602,7531,1
25000.0,2,2,2,39,0,-1,-1,-2,-2,-2,20986.8,3077,0,0,0,0,4000.1000000000004,19837,0,15846,2000,0,0
125000.0,2,3,1,54,0,0,0,0,0,0,49305.6,41807,43348,42782,40779,40618,2600.0,3000,1900,1550,1430,3143,0
100000.0,1,2,2,34,-1,0,0,0,0,0,57717.6,49089,47184,47059,47938,48904,2705.3,2068,1833,1889,1915,1879,0
100000.0,1,2,2,35,2,2,2,2,2,2,87735.59999999999,74639,75408,76618,77459,75327,4290.0,2600,3000,3000,1580,5800,0
62500.0,1,1,2,41,2,2,0,0,0,0,55152.0,44883,40820,33545,46832,24101,0.0,1973,1784,845,1750,1010,1
500000.0,2,2,2,31,0,0,0,0,0,0,89358.0,68544,60763,53184,45776,38432,4680.0,2200,1700,1500,1315,800,0
37500.0,1,2,1,64,0,0,0,0,0,0,24052.8,21246,22115,22158,22610,0,1990.3,1400,443,452,0,0,0
562500.0,2,2,1,43,0,0,0,0,0,0,105403.2,92361,96013,34079,35629,59829,7800.0,6000,10000,15000,35000,115000,0
350000.0,2,2,1,42,0,0,0,0,0,0,303376.8,255974,110389,114874,118273,114204,13793.0,10018,10000,5038,5039,5010,1
275000.0,2,2,2,34,0,0,0,0,0,0,260814.0,100501,74430,64485,24609,23419,5239.0,4000,4492,1000,1000,0,0
37500.0,2,2,1,47,0,0,0,0,0,0,11761.199999999999,10535,11552,11933,12092,17884,1560.0,1200,573,500,6000,1200,1
300000.0,2,2,1,46,-2,-2,-2,-2,-2,-2,6439.2,0,6911,611,2631,4583,0.0,6945,614,2634,4606,6242,0
450000.0,2,2,1,34,1,-1,2,-1,-1,-1,0.0,828,414,414,414,414,1617.2,2,416,416,416,600,0
262500.0,2,3,1,32,0,0,-2,-1,-1,-2,5640.0,0,0,1008,0,0,0.0,0,1008,0,0,0,0
587500.0,2,2,1,40,0,0,0,0,0,0,77850.0,57920,59307,61500,59563,57368,3256.5,3000,3016,2200,3000,1600,0
175000.0,2,2,2,31,0,0,0,0,0,0,218908.8,115115,120176,101065,64570,51521,13269.1,9120,3000,2117,2000,2000,0
62500.0,1,3,3,50,-1,0,-1,-1,-1,-1,28892.399999999998,22385,3000,5260,1025,5900,1300.0,3008,5260,1025,5900,2800,0
162500.0,2,3,1,48,3,2,2,2,2,2,22902.0,18491,20579,19950,21625,21129,0.0,2400,0,2000,0,1800,1
250000.0,1,1,2,41,-1,-1,-1,-1,-1,-1,475.2,396,396,396,396,396,514.8000000000001,396,396,396,396,396,0
50000.0,2,2,1,33,1,2,2,2,2,0,33295.2,23209,22040,23396,20430,20763,2600.0,0,2000,0,1000,1000,1
400000.0,2,2,2,42,-2,-2,-2,-2,-2,-2,0.0,0,0,197300,0,227835,0.0,0,203000,400,310135,1000,0
587500.0,1,1,1,43,0,0,0,0,0,0,187744.8,152017,153651,155381,155287,160843,7183.8,5484,5504,5655,9471,5269,0
162500.0,2,1,2,34,-2,-2,-2,-2,-2,-2,0.0,0,0,2115,0,0,0.0,200,2115,0,0,0,1
37500.0,2,2,1,27,1,2,2,2,2,0,33644.4,29055,28303,29462,28859,29122,2268.5,0,3554,0,1190,1030,0
325000.0,1,2,1,48,0,0,0,0,0,0,119427.59999999999,76712,55185,82040,60867,59005,4568.2,3049,58312,3018,3020,1511,0
362500.0,2,2,1,37,0,0,0,0,0,0,93840.0,79726,80890,81615,75661,77012,4810.0,3600,3000,3000,3000,3000,0
175000.0,1,2,2,35,-1,-1,-1,-1,-1,-1,391.2,326,326,326,326,326,423.8,326,326,326,326,326,1
437500.0,2,3,1,43,-2,-2,-1,0,0,0,434.4,792,3015,6980,8762,7532,1029.6000000000001,3019,4580,4000,284,1000,0
87500.0,2,2,2,28,-1,-1,-1,0,0,0,2187.6,326,6598,6405,7248,8090,423.8,6598,227,1270,1296,271,0
37500.0,1,3,1,47,1,2,2,2,2,2,29202.0,23651,26346,26920,26194,27854,0.0,3401,1300,0,2400,2000,1
250000.0,1,2,2,30,2,2,2,2,2,2,177192.0,148603,143647,152605,155981,158508,7150.0,0,12000,8000,5800,80,1
62500.0,2,1,2,28,0,0,0,0,0,0,10666.8,10234,13734,14754,16499,18223,1950.0,4000,1255,2000,2000,3000,0
325000.0,2,1,2,37,-2,-2,-2,-2,-2,-2,0.0,0,3210,0,0,2712,0.0,3210,0,0,2712,0,1
62500.0,2,2,1,40,0,0,0,0,0,0,19263.6,16024,25350,25738,25948,26163,2600.0,10000,1500,1000,1000,1500,0
37500.0,2,3,2,30,0,0,0,0,0,0,25179.6,22636,24417,27020,28107,28727,2600.0,2500,3000,1500,1056,544,0
37500.0,2,3,1,45,2,0,0,0,0,0,33339.6,27584,28638,29584,30036,29404,2272.4,1802,1748,1200,1223,1100,1
375000.0,2,2,1,34,-1,-1,-1,-1,0,-1,2190.0,2017,2476,5797,1542,1256,2622.1,2476,5797,0,1256,23265,0
37500.0,2,2,1,37,0,0,-2,-2,-2,-2,4144.8,0,0,0,708,940,0.0,0,0,710,1042,0,0
112500.0,2,3,1,44,-1,-1,-1,-1,-1,-1,8793.6,3697,4487,3169,3847,5403,4919.2,4511,3174,3852,5417,4720,0
37500.0,2,1,1,37,0,0,0,0,0,0,33316.799999999996,29276,28637,29325,30004,30506,2600.0,2000,1500,1100,1300,1000,1
175000.0,2,3,1,61,-1,-1,3,2,2,5,13327.199999999999,13627,13125,14600,16066,17521,3900.0,0,2000,2000,2000,3000,0
87500.0,2,2,2,28,0,0,0,0,0,0,38692.799999999996,33549,34308,35638,36046,36958,2393.3,1600,1900,1300,1489,1800,0
437500.0,2,1,2,46,-2,-2,-2,-2,-2,-2,0.0,3813,1298,500,2398,0,4956.900000000001,1298,500,2398,0,1902,0
262500.0,2,2,2,37,-1,0,0,0,-1,-1,2342.4,2787,6316,6504,326,89599,1983.8,4000,514,326,89599,3292,0
62500.0,2,2,2,49,0,0,2,3,2,0,19312.8,18961,20857,20229,19623,19878,4101.5,2500,0,0,707,713,1
37500.0,2,2,2,33,-1,-1,-2,-1,-1,-1,6825.599999999999,0,0,920,5448,0,0.0,0,1298,5448,0,10000,0
200000.0,2,1,1,29,-1,-1,0,0,-1,-1,3588.0,8619,4405,4445,2820,4970,11204.7,1000,4000,2820,4970,2825,0
325000.0,1,1,1,43,3,2,2,-2,-2,-2,3000.0,2500,0,0,0,0,0.0,0,0,0,0,0,1
37500.0,2,2,1,29,0,0,0,0,0,0,26736.0,23671,24233,22893,3332,3400,2272.4,1310,490,67,68,0,0
62500.0,1,2,2,30,0,0,0,0,0,3,25579.2,23038,24720,26370,29332,28574,3087.5,2375,2375,3547,0,0,0
25000.0,1,2,2,29,0,0,2,0,0,0,18843.6,19775,19096,19612,20164,19771,6061.900000000001,0,1000,1000,5000,0,0
125000.0,2,2,1,33,0,0,0,0,0,0,113094.0,95268,96620,97938,78126,65680,4550.0,3800,3900,3000,2300,2300,0
62500.0,2,1,2,30,0,0,-1,0,0,0,9728.4,4895,12128,12128,6000,0,1300.0,12128,0,0,0,0,0
62500.0,2,2,1,31,2,2,2,2,2,2,56160.0,47830,48868,49470,48003,50755,2730.0,2100,1701,1,3906,0,1
300000.0,2,2,1,33,-1,0,0,0,-1,-1,6888.0,5639,3428,4634,4590,9675,1579.5,2000,2000,4590,9675,15000,0
400000.0,2,2,1,52,-1,-1,2,-1,2,-1,12190.8,37758,15591,39240,28424,25120,49497.5,0,39424,0,25120,35375,0
200000.0,2,2,2,32,1,-2,-1,0,0,-2,0.0,0,6204,6204,0,0,0.0,6204,0,0,0,0,0
337500.0,2,1,2,30,-1,-1,-1,-1,-1,-1,5998.8,5588,3366,0,2192,0,7264.400000000001,3366,0,2192,0,18192,0
187500.0,2,1,2,30,0,0,0,0,0,2,47334.0,40799,40832,33843,37015,30074,2600.0,1417,1256,4429,1000,0,0
262500.0,2,1,1,49,-1,-1,-1,-2,-2,-2,17991.6,1938,0,0,0,0,2519.4,0,0,0,0,0,0
400000.0,2,3,1,40,0,0,0,0,0,0,188698.8,148123,142852,133583,129049,128325,7800.0,6048,6000,5000,5000,5000,1
137500.0,2,2,2,28,-1,-1,-1,-1,-1,0,649.1999999999999,541,541,941,6993,37264,703.3000000000001,541,941,6993,31229,8426,0
100000.0,2,2,1,37,0,0,-2,-2,-2,-2,7185.599999999999,0,0,0,0,0,0.0,0,0,0,0,0,0
100000.0,1,1,2,44,0,0,0,0,0,0,59005.2,50376,51536,52782,53781,55389,2600.0,2000,2100,2000,2500,2500,1
350000.0,1,2,1,44,2,0,0,0,0,0,156658.8,131955,134910,139280,139188,271388,6500.0,5000,6585,6409,6046,3053,1
487500.0,1,1,1,52,-1,-1,-1,-1,-1,-1,6921.599999999999,8843,18982,11700,0,2978,11537.5,19051,11754,0,2978,0,0
337500.0,2,2,1,48,0,0,0,0,0,0,162081.6,102743,100360,97583,91849,94824,6500.0,7000,4049,1000,5003,0,0
100000.0,2,3,2,65,0,0,0,0,0,0,44757.6,19025,12720,14169,13828,1664,3900.0,3000,2030,3000,1000,839,0
200000.0,2,1,2,38,-1,-1,-2,-2,-2,-2,838.8,0,26808,0,0,0,0.0,26808,0,0,0,0,1
262500.0,2,1,1,43,-2,-2,-2,-2,-2,-2,0.0,0,0,0,0,0,0.0,0,0,0,0,0,0
125000.0,2,2,2,34,0,0,0,-1,-1,-1,9378.0,11139,3708,2180,1949,717,6500.0,1000,2180,1949,717,39000,0
150000.0,2,3,1,53,-1,2,-1,-1,0,-1,4614.0,199,1823,3646,1823,1823,0.0,1823,3646,0,1823,1823,1
262500.0,2,3,1,45,-1,-1,0,0,0,0,2770.7999999999997,4791,4909,6588,9074,8651,6228.3,1909,2588,3074,3651,6349,0
175000.0,2,1,2,40,2,2,2,2,2,2,67833.59999999999,57973,58679,59379,60636,61656,3640.0,2100,2100,2200,2000,2400,0
187500.0,1,1,1,38,0,0,0,0,0,0,173713.19999999998,146271,128105,130555,133985,136151,7806.5,5005,5005,6005,5005,5005,0
262500.0,1,1,2,32,0,0,0,0,0,0,43220.4,32205,29104,29447,12411,5555,3919.5,3004,3058,1000,5000,4002,0
250000.0,1,1,2,45,0,0,0,0,0,-1,231657.6,193926,198233,200350,200390,19959,8333.0,6342,4007,4008,19959,1000,0
100000.0,1,2,2,32,2,2,0,0,0,0,69988.8,56789,58276,60102,61423,72197,0.0,2400,3000,2500,11576,39,1
100000.0,1,2,2,39,2,2,2,2,2,2,87068.4,77708,79384,77519,82607,81158,9100.0,3500,0,7000,0,4000,1
425000.0,2,2,1,44,-2,-2,-2,-2,-2,-2,112520.4,65758,353,5674,3344,3406,85485.40000000001,359,5674,3692,3406,2622,0
37500.0,2,2,1,46,3,2,2,-1,-1,-1,1992.0,856,428,428,13749,659,556.4,0,428,13749,659,5548,0
100000.0,1,1,2,37,0,0,0,2,0,0,45166.799999999996,38659,43427,42421,42344,43229,2145.0,5400,0,1662,1717,1600,0
287500.0,1,2,2,42,1,-2,-2,-2,-2,-2,0.0,0,0,0,0,0,0.0,0,0,0,0,0,1
562500.0,1,1,1,48,2,2,-2,-2,-2,-2,1200.0,0,0,0,0,0,0.0,0,0,0,0,0,0
62500.0,1,2,1,60,0,0,0,0,0,0,30396.0,25894,26866,26673,26871,27009,2268.5,1717,914,1000,963,1112,0
87500.0,2,3,2,28,0,0,2,0,0,0,19323.6,17185,16581,14106,14427,11689,3640.0,0,650,650,570,450,0
275000.0,2,1,1,51,2,2,0,0,0,0,292220.39999999997,228368,224414,196229,190050,183779,0.0,10000,7200,7001,6900,6400,0
375000.0,2,3,1,42,1,2,2,-1,-1,-1,7170.0,5312,1896,1523,2559,2881,2476.5,5,1527,2569,2889,2074,0
275000.0,2,2,2,33,0,0,0,0,0,0,52123.2,46883,44179,44704,44997,45199,6515.6,2500,2000,2000,3000,3000,0
325000.0,2,1,2,34,1,-1,-1,-1,-1,0,0.0,18488,17276,6165,9219,980,24034.4,17276,6179,9219,0,9012,0
137500.0,1,2,1,56,0,0,0,0,0,0,54014.4,45964,46922,48140,49339,50542,2600.0,2000,2000,2000,2000,3000,0
425000.0,2,1,2,39,0,0,0,0,0,0,399499.2,340159,73004,72338,58935,123936,18980.0,3035,1958,2819,100000,3000,0
25000.0,2,3,2,28,0,0,2,2,2,2,16660.8,16344,15784,17517,17097,18654,3900.0,0,2000,0,2000,0,1
125000.0,2,1,2,52,0,0,-2,-2,-2,-2,27564.0,0,0,0,0,0,0.0,0,0,0,0,0,0
262500.0,1,3,2,53,0,0,0,0,-1,-1,240986.4,206893,94347,0,658,1758,14920.1,3658,0,1000,1800,14015,0
400000.0,1,1,1,38,-2,-2,-2,-2,-2,-2,2252.4,4094,4664,3878,22483,4097,5348.2,4687,3985,22595,4117,5838,0
487500.0,2,1,1,53,1,-1,-1,-1,-1,-1,0.0,5660,3730,9526,0,2680,7358.0,3730,9526,0,2680,200,0
650000.0,2,2,2,47,0,0,0,0,0,0,524990.4,405442,381086,353074,330171,324386,19123.0,14200,12300,11200,11200,11200,0
225000.0,2,3,2,57,0,0,0,0,0,0,207678.0,171015,162516,163447,134939,135815,7672.6,7693,5464,4893,5095,4862,0
62500.0,1,2,1,51,0,0,0,0,0,0,53487.6,60540,15993,16327,16863,17282,2860.0,2600,600,800,700,700,0
137500.0,2,2,2,31,-2,-2,-2,-2,-2,-2,518.4,3220,5704,1256,1848,400,4186.0,5904,0,3000,0,0,0
12500.0,1,1,2,35,3,2,2,7,7,7,2760.0,2300,2300,2300,2300,2300,0.0,0,0,0,0,0,1
287500.0,1,2,1,40,0,0,0,0,0,0,204495.6,166858,170323,172136,175550,179291,7768.8,6158,6247,6276,6562,7769,0
300000.0,2,2,1,58,0,0,0,0,2,0,162386.4,100522,84626,76205,46771,35207,5890.3,3728,3612,0,1100,2000,0
125000.0,2,2,1,43,1,2,0,0,0,0,79750.8,43930,25762,27848,66537,57506,0.0,1700,3000,40000,2500,2560,0
187500.0,2,2,1,34,0,-1,0,0,0,0,9766.8,151691,143248,109930,80987,80938,197198.30000000002,6502,4333,2810,3100,3187,0
25000.0,2,2,1,29,-1,4,4,3,4,3,23898.0,19902,19299,20686,20073,19470,780.0,0,2000,0,0,0,1
325000.0,1,3,1,53,0,0,0,0,0,0,185912.4,158848,160654,155059,141570,134143,10400.0,6000,7100,5300,5000,5000,0
325000.0,1,1,2,38,0,0,0,0,0,0,112520.4,80944,67691,53334,76056,64968,3918.2000000000003,3017,2016,43000,2000,2000,0
100000.0,1,2,2,29,1,2,2,2,0,0,214249.19999999998,174189,183197,177641,149806,141706,0.0,11900,6500,6500,5800,6500,1
37500.0,1,2,1,42,0,0,0,0,0,0,18064.8,15104,15428,16273,16305,780,2016.3000000000002,1265,1500,841,0,0,1
75000.0,2,2,1,47,0,0,0,0,0,0,70678.8,55834,55993,56675,57550,57545,3352.7000000000003,2047,2024,2180,2321,2500,0
62500.0,2,1,2,29,1,2,2,2,2,0,40062.0,35538,34686,39097,38171,39396,3900.0,0,5000,0,2000,5000,0
250000.0,2,1,2,34,0,0,0,-1,0,-1,78238.8,21489,0,1762,1768,860,8491.6,0,1762,6,1257,8308,0
62500.0,2,1,2,31,-1,-1,-2,-2,-1,0,6062.4,0,0,0,4400,9318,0.0,0,0,4400,5000,7000,0
637500.0,2,2,1,43,0,0,0,0,0,0,114706.8,35224,37361,39437,40292,41153,2600.0,2700,2700,1500,1500,10000,0
62500.0,2,2,1,43,0,0,-2,-2,-2,-2,61680.0,0,0,0,0,0,0.0,0,0,0,0,0,1
625000.0,1,1,2,34,-1,-1,-1,-1,-1,-1,35131.2,7934,635,12416,4022,259,10363.6,637,12553,4070,259,11675,0
150000.0,2,2,1,33,-2,-2,-2,-2,-2,-2,1935.6,136,0,0,0,0,176.8,0,0,0,0,0,0
25000.0,1,2,2,39,0,0,0,0,0,-1,16476.0,15170,15277,13478,16978,12914,2600.0,2000,1000,5000,12914,600,0
62500.0,2,2,2,30,2,0,0,0,0,-1,58428.0,49347,16002,6120,3910,299,2199.6,1033,122,78,299,9292,0
400000.0,1,1,2,36,1,-2,-2,-2,-2,-2,0.0,0,0,0,0,0,240.5,28,12,208,8,14,1
250000.0,2,1,2,33,-1,-1,-1,-1,-1,-1,21760.8,18410,1213,9095,18393,612,23933.0,1297,9113,18393,612,54856,0
350000.0,2,2,1,44,1,-1,0,0,0,0,0.0,35918,37297,37154,32581,33316,50207.3,2000,1130,922,1011,5000,1
75000.0,2,3,2,32,0,0,0,0,0,0,47190.0,40668,42009,43804,44473,45752,2600.0,2000,2500,1700,2000,1700,0
25000.0,2,2,1,43,3,4,3,2,2,2,22399.2,18087,17517,16930,18043,17156,0.0,0,0,1381,0,1600,1
62500.0,2,2,1,28,0,0,0,0,0,0,45103.2,38866,19240,20256,20918,22081,2600.0,1322,1338,1000,1500,1000,1
325000.0,2,1,1,65,1,-2,-1,-1,-1,-1,0.0,0,21400,0,969,869,0.0,22500,0,969,1000,0,0
112500.0,2,2,2,29,0,0,0,0,0,0,42493.2,17417,26046,10689,12455,15181,13000.0,14790,5000,5249,9932,0,0
625000.0,1,3,1,51,-1,-1,-1,-1,-1,-1,4837.2,3684,7544,14459,9736,9123,4821.7,7594,14484,9762,9142,17241,0
125000.0,1,2,2,55,1,-1,-1,0,0,-2,0.0,2976,44591,8910,0,0,3868.8,44591,0,0,0,0,0
200000.0,2,1,1,52,1,-2,-2,-2,-2,-2,0.0,0,0,0,0,0,0.0,0,0,0,0,0,0
212500.0,2,3,1,66,1,-2,-2,-2,-1,-1,0.0,0,0,0,200,0,0.0,0,0,200,0,0,0
112500.0,1,1,1,61,0,0,0,0,0,0,70125.59999999999,60208,62000,60673,22196,29809,3343.6,3188,2661,1000,8000,1000,0
187500.0,2,1,2,29,0,0,0,0,0,0,63388.799999999996,15214,16452,17281,18576,18783,5200.0,2000,2000,2000,2000,3000,0
262500.0,2,1,2,36,0,0,0,0,0,0,93396.0,68850,42884,23547,18574,12466,3321.5,2027,1045,1000,500,10000,0
487500.0,2,1,2,50,2,2,2,-1,2,2,1000.8,155,0,4240,3346,2698,1.3,1693,6940,7,1230,3,0
225000.0,2,2,2,35,0,0,0,0,0,0,208924.8,171889,172288,175557,178010,178976,9100.0,8000,8000,7001,6600,7000,0
112500.0,2,1,2,32,-2,-2,2,2,-2,-2,1414.8,6346,4607,0,0,0,9126.0,2980,3000,0,0,0,0
175000.0,2,2,3,46,0,0,0,0,0,0,23215.2,21708,22940,19068,16409,16383,3900.0,2000,2198,1000,3000,2399,1
325000.0,2,1,2,41,-1,-1,-1,-1,-1,-1,9288.0,1445,782,790,849,12319,1878.5,782,790,849,12319,7575,0
62500.0,2,1,2,30,0,0,0,0,0,0,28552.8,22588,20376,10203,9868,9700,1817.4,1136,483,340,368,300,0
12500.0,1,2,1,29,5,4,3,2,0,0,11794.8,9539,9244,8949,9137,9177,0.0,0,0,480,340,500,1
187500.0,2,3,1,70,-2,-2,-2,-2,-2,-2,0.0,0,500,0,0,0,0.0,500,0,0,0,0,0
500000.0,2,3,1,35,0,0,0,0,0,0,145462.8,113770,355718,298654,263190,202907,6475.3,263106,10900,10063,7708,5394,0
75000.0,2,2,1,53,0,0,0,0,0,0,68278.8,58032,59624,58124,58852,58872,2704.0,2530,1865,1445,293,1545,0
100000.0,1,1,2,35,-1,0,0,0,0,0,48331.2,41897,45535,45954,47706,49235,6500.0,7000,4000,5000,5000,2029,0
37500.0,1,2,1,42,0,0,0,2,2,2,23550.0,20673,23702,23026,27798,27219,2172.3,3700,0,5335,0,2054,0
200000.0,2,3,1,39,0,0,2,2,-2,-2,5715.599999999999,4899,697,0,0,0,3911.7000000000003,0,1373,0,0,1040,0
350000.0,2,2,1,39,0,0,0,0,0,0,99229.2,75867,76835,70722,60694,62032,4550.0,3200,2500,2400,2500,2500,0
37500.0,2,2,2,55,0,0,2,0,0,0,32740.8,29001,28201,28763,29383,28987,6063.2,0,994,1047,1412,756,0
62500.0,2,3,1,64,1,-2,-2,-2,-2,-2,0.0,0,0,0,0,0,0.0,900,1800,0,0,0,1
62500.0,2,2,1,38,0,0,0,0,-1,0,47464.799999999996,38600,23711,8663,19596,20082,6500.0,5038,3000,20130,1000,1000,0
25000.0,2,1,2,29,-1,2,0,0,0,2,23056.8,15703,9914,8200,11876,4792,0.0,1000,0,5000,5400,13324,0
262500.0,2,3,2,50,-2,-2,-1,-1,-2,-2,379.2,312,2368,316,316,316,405.6,2376,316,316,316,8611,0
300000.0,2,2,2,34,0,0,0,0,0,0,110491.2,84598,90102,90198,89822,95856,6507.8,9002,7000,5049,21862,5529,0
87500.0,2,2,2,30,0,0,0,2,2,0,84585.59999999999,51152,35122,28633,28039,28621,2600.0,4500,1200,0,1200,1185,0
100000.0,2,3,2,49,0,0,0,2,0,0,54494.4,32091,36633,35749,36353,37115,2470.0,5400,0,1500,1500,1600,1
62500.0,1,1,2,69,0,0,0,0,0,0,55621.2,20055,18725,17848,14610,11314,1790.1000000000001,1165,522,1000,485,426,0
37500.0,2,2,1,47,2,2,2,0,0,2,5569.2,7071,6811,6795,7342,7075,3277.3,0,245,658,0,268,1
187500.0,1,2,2,34,0,0,-1,-1,0,0,123362.4,112174,6263,6824,10824,14631,15841.800000000001,6263,6824,10000,10000,10000,0
37500.0,1,3,1,46,0,0,0,0,0,2,23884.8,21267,22120,23746,25346,24801,2600.0,1510,3000,2000,0,3000,0
450000.0,2,1,2,32,0,0,0,0,0,0,156768.0,120058,110795,101668,78730,66682,5850.0,4100,4208,3000,2300,1800,0
125000.0,1,2,1,43,0,0,0,0,0,0,119592.0,99908,98052,94423,96056,97320,5980.0,3500,3400,3500,5000,3500,0
375000.0,2,2,1,61,0,0,0,0,0,0,155080.8,127932,124793,123572,116832,115064,13078.0,10864,10078,10512,10020,10157,0
25000.0,1,2,1,46,1,2,2,2,0,0,23941.2,19314,20526,19360,19660,6000,0.0,2976,0,500,120,780,1
25000.0,2,2,1,35,1,-2,-1,2,2,-2,0.0,0,780,780,0,0,0.0,780,0,0,0,0,1
225000.0,1,2,2,34,1,2,2,-2,-1,2,6318.0,5002,0,0,1378,978,0.0,0,0,1704,0,2690,1
187500.0,2,2,2,35,0,0,-2,-2,-2,-2,78709.2,0,0,0,0,0,0.0,0,0,0,0,0,0
337500.0,1,1,1,42,2,0,0,0,0,0,192082.8,156346,159223,165480,76144,77944,7800.0,7000,9000,5000,3000,3000,1
387500.0,2,2,1,53,-2,-2,-2,-2,-2,-2,0.0,0,0,0,0,0,0.0,0,0,0,0,0,0
112500.0,1,1,2,32,-1,-1,-1,-1,-1,-1,1248.0,3953,6986,868,350,874,5151.900000000001,6986,868,350,874,548,1
25000.0,1,3,2,39,-1,-1,2,2,-2,-2,468.0,780,780,0,0,0,1014.0,0,0,0,0,0,1
150000.0,2,1,1,38,0,0,0,-1,-1,0,42675.6,25614,19747,1201,2333,2250,1853.8,6400,1500,2700,0,0,1
300000.0,1,2,2,34,0,0,0,0,0,0,108528.0,92433,94548,96375,98453,100549,4550.0,3600,3500,3500,3500,3500,0
325000.0,2,1,2,44,0,0,0,0,0,0,129361.2,122955,117089,95975,62817,61221,39070.200000000004,20057,5113,3040,20000,30007,0
112500.0,2,1,2,34,1,2,0,0,0,0,11244.0,9078,10267,10350,10564,10771,0.0,1500,550,529,531,550,1
250000.0,1,1,1,59,1,2,0,0,0,0,8533.199999999999,4803,4629,14915,8523,5586,13.0,1215,12000,4000,4978,1000,0
137500.0,2,2,1,46,0,0,0,0,0,0,62865.6,41742,43852,39840,32801,33174,2314.0,3306,1108,1126,1269,679,0
625000.0,1,1,1,40,-1,-1,-1,-2,-1,-1,7508.4,10445,7009,12515,8037,7944,13639.6,7114,12587,8071,7978,13896,0
87500.0,2,2,1,28,0,0,0,0,0,0,83941.2,70722,70815,63183,31633,31275,4160.0,3202,2989,1081,1099,1143,1
375000.0,2,2,1,36,0,-1,-1,-1,0,0,4278.0,316,316,17597,15257,9482,410.8,316,17597,2000,2690,2000,0
62500.0,1,2,2,30,2,2,0,0,0,2,8616.0,6922,7849,8018,8884,8593,0.0,1200,300,1000,0,1000,1
425000.0,2,2,1,51,-2,-2,-2,-2,-2,-2,0.0,0,0,0,0,0,0.0,0,0,0,0,0,0
200000.0,2,2,1,41,-1,-1,-1,-1,-1,-1,2464.7999999999997,1949,2562,8582,2758,0,2535.0,2562,8582,2758,0,4163,0
175000.0,2,2,2,46,0,0,0,0,0,0,156526.8,108411,107113,120327,62855,67243,6500.0,5000,20000,10000,10000,10000,0
237500.0,2,2,1,53,0,0,0,0,0,0,252734.4,206806,203803,167103,163528,162555,9744.800000000001,9144,5972,5858,6174,6047,0
25000.0,1,3,2,29,4,3,2,0,0,0,24682.8,19927,16371,17291,18001,18706,0.0,0,1500,1000,1000,836,1
25000.0,2,1,2,36,-1,-1,-1,-1,-1,-1,499.2,416,0,416,416,416,540.8000000000001,416,832,416,416,416,0
250000.0,1,3,1,70,0,0,0,0,0,0,220383.6,167157,144218,137975,132600,121028,9269.0,6611,4282,4367,4079,3664,0
225000.0,1,1,2,33,-1,-1,-1,-1,-1,-1,799.1999999999999,662,0,55566,1056,390,860.6,0,61411,1056,0,1998,0
625000.0,2,2,1,47,0,0,0,0,0,0,74534.4,60246,74832,126778,82611,71338,26032.5,40000,85000,139,20000,29761,0
75000.0,2,2,2,34,2,0,0,0,0,0,70201.2,54932,85672,41483,19394,18893,2600.0,1900,1572,1000,700,668,1
100000.0,1,2,1,57,0,0,0,0,0,0,90135.59999999999,76860,77456,21118,22260,23396,4550.0,2202,1500,1500,1500,1500,0
387500.0,1,2,2,51,2,0,0,0,0,0,122476.79999999999,104072,105063,107113,109263,120347,6539.0,4000,3633,3671,12600,0,1
25000.0,1,3,2,50,0,0,0,0,0,0,6300.0,7151,9024,10865,12677,14309,2600.0,2000,2000,2000,2000,2000,1
175000.0,2,1,2,32,2,2,2,2,2,2,113883.59999999999,96912,98015,99155,100979,99251,5720.0,3600,3600,3500,0,3470,1
187500.0,2,2,1,33,0,-1,-1,-1,0,0,6632.4,614,12515,10749,7549,5749,1300.0,13000,12006,7000,0,0,0
625000.0,2,2,1,45,-2,-2,-2,-2,-1,0,289112.39999999997,18676,9390,0,282777,288937,1420.9,9429,3423,291227,9011,9030,0
125000.0,1,2,1,54,0,0,0,0,0,0,83875.2,71360,72820,74264,75821,77410,3364.4,2644,2656,2752,2850,2965,0
12500.0,2,3,1,52,0,0,0,0,0,0,3426.0,3871,4883,5053,5275,0,1389.7,1081,251,375,0,0,1
125000.0,2,1,1,43,0,0,0,0,0,0,82699.2,66762,68566,65132,48738,51020,3900.0,5000,2436,3000,3000,2000,0
775000.0,2,1,2,43,-1,-1,-1,-2,-1,0,2359.2,35703,1241,0,23969,5567,46413.9,1241,119,24088,0,0,0
150000.0,1,1,2,36,-1,-1,-1,-1,-1,-1,2808.0,4908,70,220,220,220,6380.400000000001,70,220,220,220,360,0
75000.0,1,2,2,33,0,0,0,0,0,0,72865.2,61452,59797,30372,45283,24588,5200.0,1353,27826,1300,1903,3000,1
487500.0,2,1,2,38,0,0,0,0,0,0,100920.0,85538,79875,82853,82747,44143,6500.0,3500,4502,3518,2003,3001,0
100000.0,1,2,2,37,0,0,0,0,0,0,61646.399999999994,51872,47593,43882,42256,42527,2408.9,1700,1522,1548,1488,1500,0
62500.0,1,2,2,30,-1,2,2,-2,-2,-2,1404.0,780,0,0,0,0,0.0,0,0,0,0,0,1
100000.0,2,2,2,28,-1,0,0,0,0,0,68776.8,58489,50452,51573,49061,33931,2788.5,2000,2012,2049,2008,1217,0
112500.0,1,1,2,34,0,0,0,0,0,0,87328.8,67584,57985,56268,55970,56825,3770.0,2700,2200,2100,2200,2200,0
125000.0,2,3,2,29,1,-2,-2,-2,-1,-1,0.0,0,0,0,2483,0,0.0,0,0,2483,0,80,0
312500.0,2,1,2,38,-1,-1,-2,-1,0,0,19580.399999999998,0,0,188841,194321,198156,0.0,0,188841,8500,8000,7080,0
12500.0,1,2,2,38,0,0,0,0,0,0,9812.4,9131,9669,7624,8049,6857,3250.0,1145,1000,1000,1000,1500,0
250000.0,1,1,2,34,-1,-1,-1,-1,-1,-1,204.0,3300,38526,0,18681,12399,4313.400000000001,42497,0,18774,12461,9526,0
237500.0,2,1,2,33,2,2,2,2,2,2,191325.6,163684,166163,168592,171923,169165,10595.0,6500,6500,6000,0,6200,1
125000.0,1,2,1,51,2,0,0,0,0,0,120000.0,99774,102237,98452,99423,101548,5850.0,5000,4500,3800,3900,4000,1
337500.0,1,1,2,34,0,0,0,0,0,0,272974.8,181629,185614,189524,193971,199763,9100.0,7000,7000,7500,9000,10000,0
12500.0,1,2,2,29,1,2,0,0,0,2,6453.599999999999,5146,6205,7139,7918,7646,0.0,1300,1200,900,0,700,0
125000.0,1,2,2,35,0,0,0,0,0,-1,37647.6,32155,32331,29035,19576,33825,2082.6,1451,4,41,34938,292,0
375000.0,1,2,1,43,0,0,0,2,2,2,217664.4,171685,181780,177363,189423,188567,10400.0,14500,0,15150,7700,0,0
187500.0,1,1,2,36,3,2,2,0,0,-1,150103.19999999998,121521,67164,54078,9778,389,6457.1,65,1346,5051,8601,4435,1
100000.0,1,1,1,33,2,2,2,0,0,0,67526.4,58756,59587,60997,62856,66897,5200.0,2400,3000,3000,5100,0,0
325000.0,2,1,1,48,-1,-1,-1,-1,0,-1,3850.7999999999997,0,2552,2236,2236,2450,0.0,2552,2236,0,2500,0,0
100000.0,2,2,1,35,1,2,2,2,0,0,83930.4,68219,75688,73563,43255,35852,0.0,8600,0,1600,1300,1300,1
137500.0,2,2,2,33,2,2,2,2,2,2,104128.8,88702,89655,90593,89025,94509,5460.0,3300,3300,0,7000,2300,1
187500.0,1,1,1,41,1,-2,-2,-2,-1,-1,0.0,0,0,0,316,782,0.0,0,0,1580,782,638,0
187500.0,1,3,1,54,0,0,0,0,0,0,39439.2,37293,36772,4521,6452,6742,6536.400000000001,3000,3000,2000,378,3306,0
62500.0,2,2,2,28,0,0,0,0,0,0,60736.799999999996,48702,47770,37239,20526,19771,3250.0,1700,2151,687,2000,669,0
250000.0,2,2,1,35,-2,-1,2,-1,-1,-2,0.0,1541,811,2754,17557,1144,2003.3000000000002,4,3071,17557,1144,1252,0
375000.0,2,2,1,32,0,0,0,0,0,0,343585.2,283547,578971,293063,296677,230338,26000.0,12003,10524,11238,8814,9463,1
87500.0,2,1,2,34,0,0,0,0,0,0,80240.4,66502,54263,47562,43735,43509,3926.0,5040,2000,2000,12000,5000,0
125000.0,1,2,2,32,0,0,0,0,0,0,99130.8,81989,82466,78234,75615,76849,4037.8,3000,2805,2739,3085,2958,0
100000.0,1,1,2,31,0,0,0,0,0,0,67700.4,50855,47656,35351,32895,22755,3380.0,4000,3000,3500,3500,2300,0
25000.0,1,3,2,39,0,0,2,0,0,-2,7882.799999999999,6939,4679,2960,0,0,3183.7000000000003,0,1000,0,0,0,0
500000.0,1,1,1,44,0,0,-1,0,0,0,12312.0,17794,6402,20772,12406,10945,15861.300000000001,6430,20118,5037,5054,3104,0
137500.0,2,2,2,29,0,0,0,0,0,0,34747.2,33115,31752,30539,29468,33259,6500.0,2000,2000,2000,7000,2000,0
25000.0,2,3,2,58,-1,-1,-2,-2,-1,-1,5280.0,0,0,0,390,0,0.0,0,0,1390,0,780,0
62500.0,2,2,1,31,0,0,0,0,-1,2,27498.0,22247,22493,660,1979,836,1834.3,1650,0,1979,0,1320,0
562500.0,2,1,1,46,-1,0,0,2,-1,-1,3195.6,3146,3246,1623,1623,1694,2789.8,1623,0,1623,1694,2795,0
300000.0,2,2,1,43,0,0,0,0,0,0,236677.19999999998,185901,189190,193018,188593,179309,8712.6,7000,7000,6500,6600,6230,0
187500.0,2,2,2,46,0,0,0,0,0,0,19125.6,16128,17051,15109,13895,14236,1712.1000000000001,2008,1004,505,573,1003,0
87500.0,2,2,1,49,0,0,0,0,0,0,5065.2,6642,8361,10208,11038,11848,3250.0,2000,2000,1000,1000,1000,1
62500.0,1,2,2,29,1,2,2,2,2,2,40789.2,33168,34805,34933,36692,37934,0.0,2500,1000,2900,2000,1500,1
25000.0,2,2,1,30,2,2,2,2,0,0,13442.4,12228,12738,11207,6720,5071,1950.0,1005,0,511,1283,0,1
212500.0,2,1,2,33,2,2,2,2,2,2,158236.8,133897,129761,138604,136283,145012,7280.0,0,11000,0,11000,5656,1
562500.0,1,2,1,49,-1,-1,-1,-1,-1,-1,23941.2,7277,1096,1968,1575,3889,10663.9,1105,2012,2007,4019,510,0
62500.0,1,3,2,27,0,0,-1,0,0,0,58107.6,44450,956,976,1976,2939,2795.0,956,20,1000,1000,1000,1
412500.0,2,2,1,50,0,0,0,0,0,0,57172.799999999996,48906,50531,50595,40491,31020,2600.0,2500,1309,1243,2027,1056,0
50000.0,2,2,1,50,1,2,0,0,0,0,13682.4,10928,11940,12241,12544,12835,0.0,1200,500,500,500,500,1
287500.0,1,2,2,35,0,0,2,0,0,0,46381.2,45681,44652,48540,52477,56506,10400.0,0,4970,4907,4936,5024,1
275000.0,1,1,2,40,1,2,0,0,2,2,228126.0,185836,187220,199542,202036,200956,0.0,6600,15200,7000,2000,15000,1
312500.0,1,3,2,40,-1,-1,-1,-1,-1,-1,35235.6,4501,27548,1800,11942,4680,5851.3,27548,1800,11942,4680,0,0
212500.0,2,2,1,55,0,0,0,0,0,0,213547.19999999998,176155,171665,65479,61234,42484,9440.6,5586,2272,2998,39321,1390,0
200000.0,2,1,1,39,1,-2,-2,-1,0,-1,0.0,0,0,603,277,1451,0.0,0,1630,0,1500,0,1
25000.0,1,2,1,32,0,0,2,0,0,0,20474.399999999998,19248,18181,18156,19102,17363,3705.0,0,514,2000,1000,1570,0
100000.0,2,2,1,51,0,0,0,0,0,0,91524.0,77376,38556,34345,36020,38420,4420.0,3000,3000,3000,3000,3000,0
625000.0,2,2,1,40,0,0,0,0,0,0,343914.0,292813,302966,300000,400000,0,14300.0,14846,6000,100000,0,279260,0
287500.0,2,2,1,48,0,0,0,0,0,0,101785.2,87055,87601,89762,92735,95768,5580.900000000001,4162,5000,5000,5000,5000,0
25000.0,1,2,2,33,0,0,0,0,0,0,10467.6,10265,12086,13180,13660,14288,2600.0,2000,1600,1000,1000,1000,0
387500.0,2,2,2,31,0,0,0,0,0,0,13879.199999999999,9532,10687,12754,16105,18823,3913.0,5002,4008,5000,5000,912,0
250000.0,2,5,1,47,0,0,0,0,0,0,179221.19999999998,108152,87537,67974,35003,35736,5102.5,3683,2947,1253,1297,1305,0
150000.0,2,2,1,48,-2,-2,-2,-2,-2,-2,0.0,999,0,0,0,0,1298.7,0,0,0,0,0,1
325000.0,1,2,2,37,-1,-1,-1,-1,-1,-1,1437.6,1198,1198,1198,1198,1198,1557.4,1198,1198,1198,1198,1198,1
275000.0,2,1,1,36,0,0,0,0,0,0,81266.4,74057,75767,77902,79505,82061,9750.0,3500,4000,3500,4000,3000,0
162500.0,2,1,2,32,-2,-2,-2,-2,-2,-2,0.0,0,734,0,390,988,0.0,734,0,390,988,1990,0
312500.0,2,2,2,34,2,2,2,0,0,0,302824.8,258503,252087,246649,177663,125960,15317.9,0,8065,5404,5000,5000,1
225000.0,2,2,2,31,-1,-1,-1,0,-1,-1,468.0,390,5248,4167,780,467,507.0,5248,5,780,467,3513,0
575000.0,2,1,2,34,0,0,0,0,0,0,98778.0,170894,160223,160894,165246,169983,117195.0,7018,7000,7002,8007,8038,0
62500.0,2,3,2,46,2,2,2,2,2,2,27651.6,24064,24981,25473,25857,26298,2210.0,1600,1200,1100,1000,0,1
225000.0,2,2,1,44,2,2,2,2,2,0,212535.6,180628,176137,183007,179505,105229,10140.0,0,11700,0,3775,7000,1
37500.0,1,2,2,38,0,0,0,0,0,-2,34738.799999999996,30319,29400,30000,0,0,2902.9,1000,600,0,0,0,0
25000.0,2,3,2,50,-1,-1,-1,-1,-1,0,468.0,350,360,370,780,390,455.0,400,400,800,0,390,0
275000.0,1,1,1,48,-2,-2,-2,-2,-2,-2,9234.0,2701,98376,3874,5226,14973,3542.5,98875,3893,5252,15047,3980,0
75000.0,1,1,2,32,-2,-2,-2,-2,-1,-1,14234.4,1856,0,4839,9567,11407,2419.3,0,4853,9567,2000,0,0
112500.0,2,1,1,33,-1,0,0,0,0,0,15310.8,10941,10420,14420,9855,9097,6500.0,6000,4000,5000,3500,5000,1
62500.0,2,3,1,41,0,-1,0,0,0,0,4537.2,1710,25967,17227,15714,15876,2223.0,25000,754,600,800,1900,0
37500.0,1,2,2,28,0,0,0,0,0,0,32730.0,26948,28183,25484,27062,28703,2600.0,2000,1400,2000,2100,2500,0
100000.0,2,2,2,34,-1,-1,-1,2,0,-1,1731.6,1443,4545,2886,1443,3743,1875.9,4545,0,0,3743,3000,1
337500.0,1,1,1,46,-1,-1,-1,-1,-1,-1,379.2,316,316,571,7711,571,410.8,316,571,7711,571,571,0
612500.0,1,3,1,56,-1,-1,-1,-1,-1,-1,466.79999999999995,376,467,78,399,10,490.1,481,1,711,1,1,1
125000.0,2,2,2,29,2,0,0,2,2,-1,21525.6,20486,21644,9209,6495,78080,3694.6,3000,0,6000,80900,0,1
225000.0,2,3,1,52,-1,-1,-1,-1,-1,-1,379.2,316,316,316,316,316,410.8,316,316,316,316,316,0
25000.0,2,3,1,61,2,0,0,0,0,0,15436.8,14150,15334,16222,17598,9950,1950.0,1500,1000,1500,1500,1500,0
25000.0,2,2,1,47,0,0,0,3,2,2,14434.8,13045,16024,15420,13929,11307,1591.2,3203,0,1000,0,2000,0
75000.0,1,2,2,32,2,0,0,2,0,0,70317.59999999999,56486,60877,56138,56806,57935,3421.6,5924,0,2200,2200,2290,1
12500.0,1,3,2,29,0,0,0,0,0,0,3283.2,4050,5426,6743,8544,9858,3900.0,2000,2000,2000,2000,1000,0
125000.0,1,1,2,43,0,0,0,0,0,0,48972.0,42653,42351,43011,43011,28947,3252.6,1200,860,0,579,0,0
387500.0,2,1,1,39,0,0,0,0,0,0,324931.2,263983,215686,186680,82775,107595,14404.0,8054,7037,2010,50186,2011,0
687500.0,1,1,2,36,0,0,0,0,0,0,52522.799999999996,38907,36111,32723,26946,26439,2623.4,1520,1131,1005,1107,1019,0
112500.0,2,3,1,60,0,0,0,0,0,0,47677.2,38272,36858,35447,33465,31680,2600.0,2000,2000,1400,1400,1712,0
62500.0,1,1,2,29,-1,0,0,0,0,0,57355.2,49045,45506,41471,18298,19001,2730.0,1900,2000,1000,1000,1000,0
450000.0,1,1,1,59,1,-1,-1,-1,-1,0,0.0,2520,7508,434,2139,993,3914.3,7545,502,2205,5,1799,1
62500.0,2,3,1,46,0,0,0,0,0,0,58083.6,49448,50125,9717,9549,9840,3315.0,2227,339,500,600,500,0
37500.0,2,3,1,58,2,0,0,0,0,0,41730.0,35946,37685,33305,28305,20371,2252.9,2452,1072,1089,3101,5000,0
62500.0,2,2,2,31,0,0,0,0,0,0,59666.399999999994,49052,49243,8760,8796,9176,2860.0,1325,490,300,500,500,0
187500.0,1,3,2,35,0,0,0,0,0,0,96264.0,47272,141568,97990,96017,79743,4023.5,135332,2848,2330,2204,2100,0
225000.0,2,1,2,32,-1,-1,-1,-1,-1,-1,316.8,264,264,264,264,264,343.2,264,264,264,264,264,0
262500.0,1,1,1,38,0,0,0,0,0,0,185656.8,150011,139854,138054,136674,136196,6279.0,4700,4515,4426,4436,4765,0
500000.0,2,1,1,45,-1,-1,-1,-2,-2,-2,4459.2,4318,273,743,516,200,5613.400000000001,273,743,516,200,422,0
437500.0,1,2,2,38,0,0,0,2,0,0,30608.399999999998,26580,31802,30895,27158,27927,2340.0,6000,0,1000,1000,668,0
187500.0,2,3,1,33,0,0,0,0,0,0,175590.0,140902,131798,115350,105770,111850,6662.5,10104,10017,4000,15000,8000,0
175000.0,2,2,2,31,0,0,-1,-1,0,0,4935.599999999999,6030,16025,24616,19458,20047,2600.0,16025,24616,1000,1000,1000,0
250000.0,1,3,1,47,0,0,0,2,0,0,181670.4,148467,153409,145476,119025,115255,9100.0,14834,0,4575,4180,4634,0
212500.0,2,2,1,44,0,0,0,0,0,0,27444.0,20653,21577,20334,19161,18613,2600.0,1685,1231,608,650,547,0
37500.0,1,3,1,55,-1,-1,-1,-1,-1,-1,468.0,390,390,390,390,390,507.0,390,390,390,390,2109,0
112500.0,2,1,2,31,-1,-1,-1,-2,-1,-1,16099.199999999999,5206,0,0,1980,170,9594.0,0,0,1980,170,1397,1
250000.0,2,2,2,35,-2,-1,-1,-2,-2,-2,466.79999999999995,5889,389,389,389,389,7657.0,390,390,390,390,1168,0
375000.0,1,3,1,77,-1,-1,-1,-1,-1,2,5980.8,752,3737,1433,5522,3233,982.8000000000001,3753,1433,5522,0,27232,0
25000.0,1,2,2,27,0,0,2,2,2,2,22428.0,12289,5560,6310,7204,6943,4550.0,1000,1000,1000,0,1000,0
75000.0,1,2,2,29,0,0,0,0,0,2,72903.59999999999,54892,59268,17967,20309,17867,3640.0,6100,621,2609,0,756,0
137500.0,2,2,1,46,0,0,0,0,0,0,124959.59999999999,106135,45766,46864,50935,49538,5850.0,2000,2000,5000,2023,806,1
50000.0,2,2,2,31,-1,0,0,0,-1,0,34789.2,24391,13600,0,44024,18697,1690.0,1000,0,22373,680,10000,0
37500.0,1,2,2,28,0,0,0,0,0,0,36744.0,30432,30263,29418,30275,0,2600.0,2500,1200,1000,0,0,0
262500.0,1,2,2,30,2,0,0,0,2,0,8968.8,8625,3511,4950,4727,5494,1950.0,1500,1500,0,1000,1000,1
200000.0,2,2,1,46,-1,-1,-1,-1,-1,-1,9709.199999999999,5344,5117,4730,6634,3477,6947.2,5124,4730,6635,3477,2979,0
250000.0,2,1,1,37,-1,-1,-1,-1,-1,-1,1015.1999999999999,810,1198,6081,4203,3044,1123.2,1198,6081,4203,3044,0,0
37500.0,2,3,1,40,0,0,0,0,0,0,34543.2,26496,25098,26209,25325,26400,1950.0,1450,1500,1500,1500,1500,0
12500.0,2,1,2,29,0,0,0,0,0,0,7958.4,7095,7565,8854,9229,8376,2600.0,2000,2000,1000,1000,1000,0
250000.0,2,1,2,32,-2,-2,-2,-2,-2,-2,5929.2,5555,15546,1665,3370,0,7293.0,15616,1673,3385,0,95456,0
575000.0,1,2,1,66,1,-1,-1,-1,-1,-1,0.0,8602,0,880,1018,99,11182.6,0,880,1018,99,1922,0
450000.0,2,3,2,34,-1,-1,-1,-1,0,0,5864.4,4982,4851,3255,8255,8411,6506.5,4851,4784,5000,3000,2000,0
250000.0,2,1,1,38,2,-1,-1,-1,-1,-1,1291.2,696,316,1076,316,1226,904.8000000000001,316,1076,316,1226,696,0
125000.0,2,2,1,46,0,0,0,0,0,0,134310.0,107224,107126,101859,79519,74368,5200.0,7000,3533,2673,3500,4303,0
550000.0,1,1,2,42,0,0,0,0,0,0,223273.19999999998,232558,312398,222336,223882,130672,65000.0,100448,7015,6422,6086,4000,0
450000.0,2,2,2,44,-1,-1,-1,0,-1,-1,15438.0,4462,19560,8894,5329,998,5829.2,19623,222,5355,998,9004,0
200000.0,2,1,2,28,0,0,0,0,0,-1,93536.4,78960,79594,49777,327,222,5200.0,3000,1000,0,222,2682,1
62500.0,2,1,2,27,1,2,0,0,0,0,5320.8,4215,5241,6238,5979,7492,0.0,1103,1100,215,2000,1000,0
375000.0,2,1,1,64,-1,-1,-1,-1,-1,-1,15578.4,10114,10195,34010,20854,64741,14479.4,10217,34039,20854,64741,39441,0
125000.0,1,2,2,31,0,0,0,0,0,0,87684.0,74847,97369,98232,97752,0,13000.0,43000,5000,3000,0,0,0
25000.0,2,3,1,49,0,0,0,0,0,0,6763.2,6737,7832,8624,8800,9300,1560.0,1208,1000,176,500,0,0
125000.0,2,1,1,44,2,2,2,2,2,2,113678.4,97284,99542,99898,99786,97670,6500.0,4700,2950,3100,5,6170,1
625000.0,1,2,1,49,0,0,0,0,0,0,110061.59999999999,93338,96781,98274,100528,102748,5200.0,5000,4000,4000,4091,6169,0
75000.0,1,2,2,27,0,0,0,0,0,0,71490.0,51991,35435,19262,19285,19565,2666.3,1653,680,700,700,693,0
25000.0,2,2,1,46,-1,2,-1,-1,0,0,7878.0,4460,1500,8745,5316,4058,0.0,1500,8745,0,0,1664,0
587500.0,1,2,2,40,0,0,0,-1,-1,-2,315576.0,204078,78325,119866,0,0,14207.7,4177,126307,36,26,27232,0
412500.0,1,2,1,50,0,0,0,0,0,0,104299.2,87548,89421,91115,92935,91584,4075.5,3285,3221,3247,3317,3555,0
100000.0,2,2,1,49,0,0,-1,-1,-1,-1,2062.7999999999997,1732,1250,175,175,175,1300.0,1250,175,175,175,175,0
62500.0,1,3,2,32,0,0,-2,-2,-2,-2,21000.0,0,0,0,0,0,0.0,0,0,0,0,0,0
625000.0,2,2,1,36,0,0,0,0,0,0,418231.2,345128,337816,316739,167616,364940,19773.0,15022,20121,5925,35069,35110,0
25000.0,1,2,1,33,0,0,0,2,2,3,18271.2,16658,19374,18766,20859,20247,2600.0,3300,0,2700,0,500,0
137500.0,2,3,1,54,0,0,0,0,0,0,63330.0,52687,53403,56028,57996,59839,3900.0,3000,5000,3000,3000,2000,0
162500.0,1,1,2,33,0,0,0,0,0,-2,110608.8,93991,54735,31682,0,0,5311.8,2635,1700,0,0,0,0
287500.0,2,3,2,30,0,0,0,0,-1,-1,31456.8,26504,20010,0,104160,0,2600.0,1067,0,104160,0,0,0
62500.0,1,2,2,47,0,0,0,0,0,0,47083.2,39729,27068,28604,28199,58428,2722.2000000000003,1451,1987,1039,1500,1200,1
62500.0,2,3,2,64,0,0,0,0,2,2,60913.2,50185,59509,31495,30552,29556,3250.0,2600,6000,1300,0,1300,0
450000.0,2,1,2,47,-2,-1,-1,-1,-1,-2,54723.6,29788,2950,6366,11480,222,38846.6,2950,6366,11480,222,4285,0
562500.0,1,2,2,41,-2,-2,-2,-2,-2,-2,9614.4,4009,5226,4715,3275,6422,5227.3,5241,4729,3284,6441,4285,1
525000.0,2,1,1,50,2,0,0,0,0,0,494746.8,414634,409078,412057,402926,373095,21153.600000000002,17029,15514,15056,13707,14128,1
175000.0,2,3,2,29,0,0,0,0,0,0,25107.6,19713,19385,19244,17185,36377,2122.9,1600,800,1753,20000,938,0
375000.0,1,2,2,46,0,0,0,-1,-1,2,41376.0,31159,18580,1400,6297,977,1913.6000000000001,1000,1410,6297,0,19480,0
62500.0,2,2,1,42,0,0,0,0,-1,0,27990.0,21940,20718,24048,5017,3570,1820.0,1200,5000,5017,71,2710,0
125000.0,1,2,1,41,0,0,0,0,0,0,55442.4,47239,48258,49218,99677,51738,2319.2000000000003,1803,1763,1843,4654,2297,0
25000.0,1,1,2,45,2,2,2,0,0,2,18675.6,16995,16433,17443,19254,18804,2600.0,0,1289,2100,0,2000,0
325000.0,2,1,2,33,1,-2,-1,-1,-2,-2,0.0,0,355,2165,2165,0,0.0,355,2835,335,335,335,0
625000.0,1,1,2,32,0,0,0,0,0,0,303457.2,224633,486367,616836,250600,296217,39041.6,271636,30876,60044,50539,100562,0
200000.0,2,1,2,32,0,0,-2,-1,-1,-1,15880.8,0,6000,15866,4168,2067,0.0,6000,15866,4168,2067,11826,0
412500.0,2,2,2,46,0,0,0,0,0,0,91534.8,79179,82293,86458,91512,100433,5432.7,5000,6458,6512,10433,5442,0
187500.0,2,2,2,31,0,0,0,0,0,0,129007.2,108154,43027,4946,3460,4112,6641.7,1316,1004,104,2012,108008,0
62500.0,1,1,2,31,-1,0,0,0,0,0,18537.6,16392,18096,18425,18619,19060,1950.0,2000,1500,1200,900,1000,1
287500.0,2,1,1,40,0,0,0,0,0,0,198486.0,168697,172990,177963,77076,78848,7835.1,7000,8000,3000,3000,3226,0
287500.0,2,1,1,40,0,0,-2,-2,-2,-2,27490.8,0,0,0,0,0,0.0,0,0,0,0,0,0
225000.0,1,3,1,42,-1,-1,-1,0,-1,-1,1404.0,420,2745,3053,1012,1312,546.0,2745,1000,1392,1312,1110,1
125000.0,2,1,2,32,0,0,0,0,0,0,69752.4,60155,61685,70611,70198,72075,3900.0,2500,10000,2505,3000,3420,0
275000.0,2,1,1,38,0,0,0,0,0,0,245046.0,210183,212877,189161,180715,171449,26000.0,10000,8140,8000,7000,10000,0
175000.0,2,2,2,55,0,0,0,0,0,2,114372.0,97902,100214,102496,108405,106649,5200.0,3800,3800,7600,0,4000,0
262500.0,2,1,1,43,-1,-1,2,2,-1,-1,2832.0,4707,4465,0,9306,5855,5804.5,0,0,9306,5855,9840,0
112500.0,1,3,2,50,0,0,0,-1,0,0,103822.8,88925,56116,48430,49585,50443,5330.0,2500,52285,2000,2100,5000,0
75000.0,2,2,1,29,3,2,2,2,0,0,40639.2,33041,35284,31602,32221,30208,0.0,2900,0,1200,1409,1115,1
587500.0,2,2,2,38,-2,-2,-2,-2,-1,-1,0.0,0,0,0,779,0,0.0,0,0,779,0,0,1
75000.0,1,2,1,44,-1,0,0,0,0,0,16902.0,14575,18423,13099,14537,16928,2600.0,5000,4000,2000,5000,2000,0
425000.0,2,2,2,32,0,0,0,0,-1,0,71186.4,70886,81480,13580,22474,70590,26081.9,20385,6157,22533,60052,30059,0
25000.0,1,1,2,31,0,-1,-1,-1,-1,-1,1788.0,3150,10464,0,1690,18156,4095.0,10464,0,1690,18156,19800,0
625000.0,1,1,2,41,-2,-2,-2,-2,-2,-2,54127.2,81264,18122,27229,21462,27911,106197.0,18225,27365,21570,28050,17397,1
262500.0,2,2,2,33,0,0,0,0,0,0,174771.6,133339,137000,55855,58370,59537,6163.3,5778,1955,3370,1913,1998,0
500000.0,1,2,1,49,-1,-1,0,0,0,-1,7666.799999999999,59407,26616,15333,9995,4175,77441.0,1105,10021,51,4735,1733,0
25000.0,1,2,1,55,1,2,2,2,0,0,21847.2,18217,19930,780,780,0,1300.0,3000,0,0,0,0,0
287500.0,1,1,1,46,-2,-2,-2,-2,-2,-2,1862.3999999999999,792,19272,1172,1172,2246,1029.6000000000001,19272,1172,1172,2246,1172,0
62500.0,2,2,1,32,1,2,2,2,2,2,24351.6,21657,23012,23338,23658,23139,2600.0,2000,1000,1000,0,1500,1
250000.0,2,1,1,63,-1,-1,-1,-1,-1,-2,339.59999999999997,5361,6309,385,0,0,6969.3,6309,385,0,0,3390,0
100000.0,2,2,2,65,-2,-2,-2,-2,-2,-2,692.4,494,438,387,246,939,650.0,438,387,246,939,350,0
62500.0,2,2,2,50,-2,-2,-2,-2,-2,-2,396.0,330,4975,4810,330,330,429.0,4975,4838,330,330,330,0
62500.0,1,3,1,43,0,0,0,0,0,0,12990.0,11377,10760,10973,10693,9888,1950.0,1155,368,372,356,500,0
25000.0,1,2,1,50,-2,-2,-2,-2,-2,-2,1981.1999999999998,0,390,390,780,0,0.0,390,390,780,0,0,0
287500.0,2,1,1,46,-1,-1,-1,0,-1,-1,2263.2,8013,3962,1410,1410,1410,10444.2,4007,0,1410,1410,1410,0
200000.0,2,2,2,28,0,0,0,0,-1,-1,21504.0,17195,17164,7175,1942,100025,2600.0,3181,3012,1942,100025,3000,0
100000.0,2,2,1,40,0,0,0,0,0,0,17251.2,15689,16393,16724,17086,17431,1865.5,1139,470,500,490,544,0
137500.0,2,2,1,34,0,0,0,-2,-1,2,32808.0,17353,0,0,3161,2996,13000.0,0,0,3161,0,30000,0
625000.0,1,2,1,52,-1,-1,-1,-1,-1,-1,22155.6,17849,12818,5674,11416,36000,23414.3,12818,5674,11416,36018,14537,0
12500.0,2,2,3,48,0,0,0,0,0,2,7332.0,6302,5972,6985,7845,7574,1612.0,1200,1120,980,0,268,0
125000.0,1,3,2,32,0,0,0,0,0,0,118495.2,99118,66147,64691,49332,50366,5389.8,2556,2802,1786,1850,2000,0
212500.0,1,3,1,34,0,0,0,0,0,0,198032.4,168990,172307,35234,32869,33862,9360.0,7500,1200,1200,1500,1300,0
87500.0,2,2,2,33,0,0,0,0,0,0,82154.4,69205,70644,70759,70352,70659,4030.0,3160,3100,2500,2600,2800,0
287500.0,2,2,1,50,0,0,0,0,0,0,85378.8,71922,77500,72851,72860,48758,3900.0,11261,10000,2100,5000,5000,0
37500.0,2,2,2,29,0,0,2,2,2,0,29085.6,26996,26269,27734,27151,28199,4500.6,0,2200,0,1500,1500,1
800000.0,2,3,2,39,0,0,0,0,0,-1,126507.59999999999,133637,118372,33929,79807,19552,67137.2,30291,41,70128,19576,194014,0
25000.0,1,2,2,34,0,0,0,0,2,0,12385.199999999999,11348,12359,13730,13371,13491,1560.0,1208,1579,0,608,2000,0
137500.0,2,2,1,43,2,2,0,0,0,2,49942.799999999996,40650,41744,42783,47476,45355,0.0,1750,1750,5400,700,1000,1
450000.0,2,1,2,39,-2,-2,-2,-2,-2,-2,7531.2,16062,8539,8665,2132,745,20984.600000000002,8630,8710,2142,748,3030,0
162500.0,2,1,2,36,0,0,0,0,0,0,160614.0,126804,130264,133603,132215,131848,9100.0,7000,7000,5500,5100,5500,0
25000.0,1,3,2,61,0,0,0,0,0,0,18662.399999999998,16596,17609,17329,17850,18046,1690.0,1300,700,800,602,600,0
62500.0,2,2,1,33,-1,-1,-1,2,-1,-1,1222.8,1672,836,836,836,1517,2173.6,836,0,836,1517,1394,0
125000.0,2,2,1,49,1,2,0,0,3,2,92070.0,74901,76094,84457,82525,81086,0.0,3000,9657,0,0,3200,1
162500.0,1,3,1,39,0,0,0,0,0,0,6532.8,5927,7106,7106,8106,9106,1717.3,1500,0,1000,1000,598,0
287500.0,1,1,2,49,-2,-1,-1,-1,-1,-1,6502.8,3288,806,1467,9192,4388,4297.8,806,1500,9216,4388,0,0
25000.0,2,2,1,34,0,0,2,3,3,2,19435.2,17825,20234,20510,19897,19900,2860.0,3000,900,0,500,0,0
275000.0,2,1,2,41,0,0,0,0,0,0,267117.6,222168,217900,221193,181859,184605,13000.0,8018,10121,6006,10987,143779,1
450000.0,2,1,2,35,-1,-1,-1,-1,-1,-1,13431.6,332,272,1465,18503,5151,431.6,272,1465,18503,5151,0,0
287500.0,2,1,2,32,1,2,0,0,-1,-1,55953.6,45253,10507,6742,4387,1670,0.0,1000,135,4387,1670,2798,0
175000.0,1,3,1,46,-1,-1,-1,0,-1,-1,2566.7999999999997,0,1686,1686,205,6689,0.0,1686,0,205,6689,0,0
250000.0,2,1,2,44,-1,-1,0,0,-1,-1,2732.4,16002,13207,8738,6471,2723,20827.3,1005,185,6482,2731,3974,0
75000.0,1,2,3,46,0,0,0,0,0,0,73341.59999999999,50643,44004,26940,9971,0,2860.0,2000,1200,0,0,28000,0
162500.0,1,1,2,34,0,0,0,0,0,0,132628.8,108204,99784,71451,67024,62655,13000.0,5000,4000,4000,7500,8200,0
225000.0,1,1,2,33,0,0,0,0,0,-1,11823.6,18399,29973,42347,0,10653,13951.6,22119,17012,0,10706,9659,0
62500.0,2,2,2,28,3,2,2,2,0,0,27135.6,21957,24482,24693,25283,27367,0.0,3200,910,1000,2500,0,1
62500.0,2,2,1,52,0,0,0,0,0,0,59485.2,37680,31932,25300,18902,18920,2600.0,1812,2000,664,700,709,0
225000.0,2,2,1,40,-1,-1,-1,-1,-2,-2,1516.8,176,1247,0,0,0,228.8,1247,0,0,0,1768,0
112500.0,1,2,2,39,0,0,0,0,0,0,103530.0,87848,88065,90032,50802,50821,5205.2,4000,4003,2000,2000,2000,0
387500.0,1,1,1,46,0,0,0,0,0,0,296642.39999999997,233712,197450,194834,185943,183624,10676.9,8668,8247,6729,6639,6764,0
562500.0,2,1,2,40,1,2,2,0,0,0,157621.19999999998,132453,128901,132982,141298,137347,6139.900000000001,0,6270,12000,16309,5000,0
37500.0,1,3,2,30,0,0,-2,-2,-2,-2,1453.2,0,0,0,0,0,0.0,0,0,0,0,2000,0
150000.0,2,2,2,30,0,0,2,0,0,2,56343.6,48670,49587,50961,53597,55094,3250.0,2000,2500,4100,2500,0,0
287500.0,2,2,2,41,-2,-1,-1,-1,-1,-1,1029.6,885,669,656,827,2360,1150.5,669,656,827,2376,943,0
187500.0,1,1,2,35,-1,-1,-1,0,-1,-1,4098.0,2419,1541,1345,23018,1989,3152.5,1541,4,23087,1996,4010,0
500000.0,2,1,2,35,-2,-2,-1,-1,0,0,3494.4,2668,3222,21755,15258,16002,3468.4,3222,21755,500,1000,475,0
125000.0,2,1,2,34,0,0,0,-1,0,0,102321.59999999999,65279,33077,43593,40782,37949,6500.0,5024,43593,1700,1500,1500,0
150000.0,2,2,1,30,0,0,0,0,0,0,62530.799999999996,43007,33481,28563,24065,2802,2034.5,3194,1200,6206,0,310,0
50000.0,1,3,2,48,2,2,7,7,7,7,2880.0,2400,2400,2400,2400,2400,0.0,0,0,0,0,0,1
25000.0,2,2,2,27,0,0,0,0,0,0,19983.6,18062,18374,19222,18014,18627,2600.0,1700,1500,1000,1000,1000,0
37500.0,1,2,2,31,-1,0,0,0,-1,-1,15375.599999999999,14899,16790,12400,780,0,3900.0,3000,6000,780,0,0,0
562500.0,2,1,3,42,1,-2,-2,-2,-2,-2,0.0,0,0,0,0,0,0.0,0,0,0,0,0,0
62500.0,1,2,1,54,0,0,0,0,0,0,34545.6,21485,18800,17272,14226,14991,1790.1000000000001,1500,500,2000,1000,2000,0
212500.0,2,2,1,36,0,0,0,0,-2,-1,76737.59999999999,62090,63000,0,0,3300,6500.0,4000,0,0,3300,0,0
25000.0,1,1,2,40,3,2,2,2,0,0,12259.199999999999,10653,11371,10906,11588,12416,1170.0,1200,0,1000,1400,0,1
37500.0,2,2,2,27,0,0,0,0,2,0,30643.199999999997,26635,27383,29061,28492,29850,2340.0,1500,2100,0,1800,1000,0
112500.0,2,2,2,35,2,0,0,0,0,2,90744.0,75382,73980,75036,77094,75708,4290.0,3350,3300,5500,1600,3950,1
450000.0,1,1,1,34,0,0,0,0,0,-1,66124.8,52585,45914,8835,3421,2391,2722.2000000000003,1760,204,17,2403,0,0
37500.0,1,3,1,52,0,0,0,-1,0,0,142304.4,89271,91157,30420,30384,29774,8611.2,3000,31959,1052,1062,1114,0
187500.0,2,2,2,30,-1,-1,-1,-1,0,0,83199.59999999999,2299,5290,17205,27130,3801,4421.3,5294,17211,14635,1,32784,0
625000.0,2,1,1,44,0,0,0,0,0,0,502749.6,439432,440324,440565,440050,438953,51261.6,20000,20000,20000,20000,20000,0
225000.0,2,3,1,52,-1,0,0,0,0,0,17430.0,13828,10394,17562,8495,5090,1751.1000000000001,5000,10026,5000,785,5000,0
12500.0,1,2,2,37,1,2,0,0,0,0,10801.199999999999,8322,8630,8630,7850,8150,0.0,1400,0,0,1600,0,1
287500.0,1,2,2,32,-1,-1,-1,-1,0,0,499.2,568,1427,14947,13255,8226,738.4,1427,14947,437,1000,900,1
525000.0,1,2,2,31,1,2,2,0,0,0,468225.6,395881,382620,333210,324487,327615,18200.0,15,13175,11700,11900,12140,1
87500.0,2,2,1,38,2,2,2,2,3,2,76755.59999999999,65350,66279,70580,69180,70392,3900.0,2600,6000,0,2500,1165,1
400000.0,2,1,2,36,-1,-1,-1,-1,-1,0,14292.0,4401,3345,1104,82434,82319,5778.5,3398,1104,82434,0,20895,0
187500.0,2,1,2,35,-2,-2,-2,-2,-2,-2,260.4,0,2403,0,4932,402,0.0,2403,0,4932,402,3516,0
100000.0,1,2,1,31,0,0,0,0,0,0,81230.4,63789,65771,28690,29137,29569,3591.9,3500,900,700,700,700,0
250000.0,2,2,1,35,-2,-2,-2,-2,-2,-2,0.0,0,441,653,500,600,0.0,441,653,500,600,751,0
250000.0,2,1,1,44,-1,-1,-1,-1,-1,-1,30178.8,14963,9308,3060,6016,3480,19609.2,9354,3082,6046,3497,3514,0
475000.0,1,1,2,35,0,0,0,0,0,0,230558.4,148842,177842,120027,97256,108213,13159.9,50434,7132,11068,20050,35925,0
250000.0,1,1,2,34,-1,-1,-1,0,-1,-1,5772.0,0,726,726,495,1402,0.0,726,0,495,1562,1420,1
25000.0,1,3,1,43,0,0,-1,-1,-1,-1,23766.0,19900,390,390,0,780,1300.0,390,390,0,780,0,1
237500.0,1,2,1,47,0,0,0,0,0,0,37587.6,28890,26793,27304,25845,22796,1950.0,1500,2000,1500,898,1000,0
125000.0,2,2,1,33,0,0,0,0,0,0,114301.2,98226,98295,100406,100430,101392,7021.3,3576,3754,3806,3796,4000,0
237500.0,1,1,1,42,0,0,0,0,0,-1,25953.6,20893,5869,29223,19616,148482,2600.0,3869,25128,10115,148482,4800,0
75000.0,1,1,2,35,-1,-1,-1,-1,-1,-1,316.8,264,264,264,264,264,343.2,264,264,264,264,0,1
587500.0,1,2,2,32,2,2,2,2,0,0,355887.6,303320,307843,479978,305145,309959,16900.0,11001,0,10484,10838,10367,0
450000.0,1,2,1,46,1,-2,-2,-2,-2,-2,0.0,0,0,0,0,0,0.0,0,0,0,0,0,1
187500.0,2,3,2,46,2,0,0,0,0,0,123154.79999999999,85817,78898,70886,65869,67805,4030.0,3160,2505,2500,3000,5000,1
350000.0,2,2,2,48,-1,2,2,-2,-2,-2,5006.4,3560,0,0,8160,657,0.0,40,0,8200,657,3,0
250000.0,1,2,2,73,0,0,0,0,0,0,244239.59999999998,204149,179350,152525,152765,152680,11531.0,7578,5700,5882,5799,5888,0
187500.0,1,1,1,43,5,4,3,2,2,-2,346302.0,282677,159283,148309,143972,139650,0.0,0,0,5000,5000,0,1
137500.0,2,2,1,47,2,2,2,2,2,0,34059.6,27653,29003,29447,27701,28285,0.0,2000,1000,0,1000,1000,0
262500.0,1,1,1,45,0,0,2,0,0,2,157041.6,138909,135322,136339,143681,140425,15288.0,0,4546,9524,2,4756,0
75000.0,2,2,2,29,1,2,3,3,2,2,53085.6,47076,48871,47669,48135,50056,5200.0,3000,0,1500,3000,2750,0
150000.0,2,2,2,48,0,0,0,-1,0,0,145712.4,60163,61723,25638,26092,14586,100392.5,21903,25646,5080,0,5052,0
187500.0,1,1,1,59,-2,-1,-1,-2,-2,-2,4818.0,499,0,0,316,316,651.3000000000001,632,0,1896,316,782,1
137500.0,1,2,2,34,0,0,-2,-2,-2,-2,49560.0,0,0,0,0,0,0.0,0,0,0,0,0,0
187500.0,1,1,2,36,0,0,0,0,-1,-1,133105.19999999998,64600,58158,24856,704,1899,3900.0,1500,1000,704,1899,0,0
25000.0,2,2,2,29,1,-2,-2,-2,-1,-1,0.0,0,0,0,222,6345,0.0,0,0,222,6345,2000,0
562500.0,2,3,1,41,-2,-2,-2,-2,-2,-2,0.0,0,0,0,0,0,0.0,0,0,0,0,0,0
287500.0,2,1,2,32,0,0,-1,-1,-1,-1,9241.199999999999,7744,6997,1386,5578,1386,2636.4,6997,1386,5578,1386,3495,0
262500.0,2,2,1,49,0,0,0,0,0,0,148975.19999999998,127341,92812,89878,80812,139202,7800.0,6000,6000,5000,60000,7000,0
175000.0,1,2,2,35,-1,-1,-1,-1,-1,-1,53160.0,54700,34050,3000,3000,49128,71110.0,34050,3000,3000,49128,5000,0
37500.0,2,2,2,27,2,0,0,0,0,0,33584.4,25690,27032,28070,29402,29854,1846.0,1762,1800,2089,1059,1123,1
375000.0,2,3,1,47,-1,-1,-2,-2,-1,-1,1062.0,0,0,0,494,0,0.0,0,0,494,0,138,0
62500.0,1,1,2,29,0,0,0,0,0,0,50469.6,35340,22110,19837,19855,20151,1777.1000000000001,1606,692,709,721,692,0
200000.0,2,3,1,42,0,0,0,0,0,0,21000.0,15933,19536,7550,6977,7811,13000.0,10000,3006,3000,3000,0,0
250000.0,1,2,1,51,-1,2,-1,-1,2,-1,8808.0,5980,4486,9790,4944,4696,0.0,4486,10000,0,4696,4696,0
300000.0,1,2,1,47,0,0,-1,-1,-1,-1,79672.8,63650,7117,2898,5530,67010,1654.9,7117,2905,5530,46275,17446,0
325000.0,1,1,2,33,-1,-1,-1,-1,-1,-1,92395.2,11515,13392,22209,54807,62534,14969.5,13419,22209,54807,62534,37935,0
437500.0,2,3,1,55,-1,-1,-1,-1,-1,-1,49282.799999999996,312,34034,1157,8584,2076,409.5,34034,1157,8584,2076,6265,0
37500.0,1,3,2,51,6,5,4,3,2,0,39760.799999999996,32351,31397,30321,30000,28961,0.0,0,0,0,5000,0,0
162500.0,2,1,1,32,-1,-1,-1,-1,-1,-1,4035.6,8305,15253,7338,3666,7856,10814.7,15253,7338,3669,7856,7836,0
587500.0,2,2,2,35,0,0,0,0,0,0,31858.8,25247,28019,27139,26923,28350,1846.0,5000,1408,2000,2000,10000,0
887500.0,1,2,1,56,1,-2,-2,-2,-2,-2,0.0,0,0,0,0,0,0.0,0,0,0,0,0,0
100000.0,1,1,2,51,0,0,0,0,0,0,63208.799999999996,58068,28116,30656,24750,25543,11700.0,7000,5004,3000,4000,5000,0
625000.0,1,1,1,40,0,0,0,0,2,0,172606.8,117883,100809,104716,101568,92150,6297.2,5095,7229,0,2843,1200,0
287500.0,1,1,1,40,-2,-2,-2,-2,-2,-2,470.4,4106,2562,6245,394,987,5348.2,2566,6286,394,989,3129,0
187500.0,2,1,2,33,0,0,0,0,0,-2,177519.6,111608,91705,32907,0,0,4162.6,20088,700,0,0,0,0
25000.0,2,2,1,37,3,2,2,7,7,7,2880.0,2400,2400,2400,2400,2400,0.0,0,0,0,0,0,1
362500.0,1,3,2,39,0,0,0,0,0,0,6541.2,6230,140802,143354,146225,148820,1560.0,135000,5200,5500,5500,5400,1
75000.0,2,1,2,33,0,0,2,2,-1,-1,24874.8,14486,12163,8891,1723,40276,3920.8,1000,0,1723,40276,3000,0
212500.0,1,1,2,41,2,2,0,0,0,0,212539.19999999998,172711,167796,168915,121713,120909,0.0,6700,6000,4500,6000,4100,0
150000.0,2,2,1,42,0,0,0,0,0,0,127762.79999999999,108606,107945,111622,115301,117873,7020.0,4000,5500,5500,5500,1000,0
150000.0,1,1,2,33,-1,0,0,0,0,0,10706.4,43070,47023,53576,57529,61392,45500.0,5000,8000,5000,5000,4000,1
450000.0,2,1,1,45,-1,-1,-1,-1,0,-1,19848.0,1160,10600,51571,28310,14482,1508.0,10646,51571,0,14482,12874,0
37500.0,1,2,2,47,-1,-1,-1,-1,-1,-1,3338.4,2975,2230,1390,4040,3080,3867.5,2230,1390,4040,3080,2190,0
25000.0,2,1,2,31,-1,-1,-1,-1,-1,0,13236.0,5331,20985,6932,37345,28798,6930.3,20985,6932,37845,2000,11200,0
12500.0,2,2,2,27,2,0,0,0,0,0,9098.4,8502,9479,9669,9978,9928,1560.0,1136,326,444,199,0,1
150000.0,2,3,2,42,-1,-1,-1,-1,-1,-1,931.1999999999999,1616,776,776,776,776,2100.8,776,776,776,776,776,1
225000.0,1,1,2,33,0,-1,-1,0,-1,-1,11755.199999999999,500,3866,6019,7602,7622,650.0,3866,3300,7602,7622,0,0
250000.0,1,1,1,42,-1,2,-1,-1,-1,-1,535.1999999999999,123,123,200,123,280,0.0,123,200,123,280,151,1
75000.0,1,2,2,48,1,-2,-1,-1,-2,-2,0.0,0,780,0,0,0,0.0,780,0,0,0,0,0
325000.0,2,1,1,40,-2,-2,-2,-2,-2,-2,0.0,0,0,0,0,5181,0.0,0,0,0,5181,0,0
137500.0,2,3,1,47,0,0,0,0,0,0,132229.19999999998,110736,63652,62738,50687,49850,4160.0,2450,2027,1710,1800,1700,0
62500.0,1,1,2,35,0,0,0,0,0,0,59032.799999999996,50036,47855,48894,50258,48276,2571.4,1797,1836,2200,2000,2500,0
25000.0,2,3,1,50,2,0,0,0,0,0,16876.8,12451,11176,6934,11203,7737,3900.0,1006,144,10000,308,2000,1
75000.0,2,3,1,53,-1,-1,-1,-1,-1,-1,379.2,316,316,316,316,316,410.8,316,316,316,316,316,1
37500.0,1,2,2,30,0,0,0,0,0,0,23946.0,20348,18339,18794,23530,23531,1739.4,1500,1000,5000,2000,24,0
187500.0,1,2,2,42,-1,0,0,0,0,0,82814.4,63265,64131,64942,61803,58987,3250.0,2500,3780,2200,2000,2000,0
50000.0,1,1,1,39,-1,-1,-1,-1,-1,-1,8421.6,7402,8374,7505,7515,9120,9644.7,8382,7505,7515,9120,6180,0
275000.0,1,2,1,45,2,2,0,0,0,0,266901.6,206473,208464,175407,175170,174726,5.2,8027,6218,6220,6316,6504,0
187500.0,2,2,1,35,-1,-1,2,-1,-1,-1,835.1999999999999,1392,696,696,873,1392,1809.6000000000001,0,696,873,1392,696,1
150000.0,2,2,2,34,0,0,0,0,0,0,98476.8,83847,85558,86491,88136,89886,5200.0,4000,3250,3195,3210,4200,0
25000.0,2,2,1,34,0,0,0,0,0,0,16749.6,15016,16069,16776,17118,19835,2080.0,1600,1278,620,3000,900,0
337500.0,2,3,1,40,0,0,0,-2,-1,0,72272.4,61650,0,248,163248,163412,3900.0,0,248,163000,5925,4782,0
162500.0,1,2,1,57,0,0,2,2,0,0,98878.8,89003,90160,87817,89746,98655,10310.300000000001,3500,0,3499,10648,0,0
37500.0,1,3,2,29,2,2,2,0,0,-2,34164.0,31407,30200,30000,0,0,4429.1,0,0,0,0,0,0
250000.0,2,3,1,56,1,-1,-1,-2,-2,-2,0.0,1221,0,0,0,0,1587.3,0,0,0,0,0,0
450000.0,2,2,1,45,1,-2,-1,0,-1,-1,0.0,0,5512,4102,1756,4400,843.7,10000,0,1756,4400,0,0
100000.0,1,3,1,53,0,0,0,0,0,0,91545.59999999999,71659,67528,64035,60612,57532,3903.9,2403,3003,3001,2401,3109,0
12500.0,1,3,1,59,4,3,2,2,2,2,9523.199999999999,7662,8386,9069,9966,8410,0.0,1000,1000,1000,0,2000,1
37500.0,2,3,2,41,2,2,2,2,2,2,30524.399999999998,26734,26011,27353,26776,28620,2600.0,0,2078,0,2291,0,1
25000.0,1,1,2,34,0,0,0,2,0,0,16602.0,14897,17512,16926,17368,17959,2080.0,3170,0,1000,1000,3000,0
37500.0,1,1,1,64,-1,-1,-1,-1,-1,0,468.0,390,390,1389,3684,2744,507.0,390,1389,3684,0,4794,0
100000.0,2,2,2,28,0,0,0,0,0,0,97197.59999999999,63184,58346,56361,55933,56936,5850.0,1973,3000,5000,2100,3200,0
50000.0,2,2,1,56,0,0,0,0,0,0,173276.4,147924,26974,22710,37977,39347,5184.400000000001,2014,799,32001,2000,1000,1
212500.0,2,2,1,50,1,2,2,0,0,0,133164.0,117076,113778,117989,118803,121434,12298.0,0,6100,4210,4500,4500,1
137500.0,2,1,2,30,1,2,2,0,0,0,72589.2,61874,56386,44181,35538,25417,3900.0,31,3000,1500,2000,1000,0
237500.0,1,2,2,33,0,0,0,0,0,0,431136.0,362680,161193,123203,85510,83704,13477.1,6596,4831,2806,2870,10017,0
225000.0,1,1,1,55,0,0,0,0,0,0,75338.4,66114,69436,72560,76169,77988,6500.0,5000,5000,5000,3000,5000,0
25000.0,2,2,1,29,2,0,0,0,0,0,21116.399999999998,18629,19318,19434,19571,19792,2104.7000000000003,1308,688,706,806,595,1
37500.0,2,2,1,43,0,0,0,0,2,0,9574.8,9046,10279,10610,10339,8710,1560.0,1423,754,0,1000,3000,0
187500.0,2,1,1,60,-1,-1,-1,-2,-2,-2,2484.0,7620,0,0,0,0,9906.0,0,0,0,0,0,0
375000.0,1,2,2,42,-2,-2,-1,-1,-1,-1,14002.8,27719,63037,1137,3916,4803,36351.9,63354,1140,3939,4817,5692,0
112500.0,1,2,1,41,4,3,2,0,0,0,75284.4,61413,59823,29526,25903,26563,0.0,0,1300,1000,1000,1500,1
25000.0,2,2,2,51,-1,-1,-1,0,0,-2,226.79999999999998,2249,3551,6180,0,0,2923.7000000000003,3551,5000,0,0,0,1
200000.0,2,2,2,46,0,0,-2,-2,-2,-2,86280.0,0,0,0,0,0,0.0,0,0,0,0,0,0
225000.0,2,2,1,39,0,0,-2,-1,0,0,30000.0,0,0,6398,15218,24901,0.0,0,6398,9000,10000,500,0
125000.0,1,1,2,34,-1,0,-1,-1,0,-1,853.1999999999999,1141,210,780,390,930,1300.0,780,1930,0,930,0,1
437500.0,1,1,1,48,-2,-2,-2,-2,-2,-1,3453.6,0,850,7980,22703,2093,0.0,850,3990,45406,2093,2090,0
25000.0,2,1,2,28,0,0,-2,-1,0,0,8079.599999999999,0,0,19132,19533,20235,0.0,0,19132,709,1027,600,0
262500.0,2,2,2,48,-2,-2,-2,-2,-2,-2,4292.4,1003,0,0,0,0,1303.9,0,0,0,0,150,0
37500.0,2,2,2,28,4,3,2,2,3,2,19016.399999999998,15308,15910,16752,16197,16583,0.0,1150,1400,0,800,0,1
400000.0,1,2,2,41,0,0,0,0,0,0,381626.39999999997,321560,150062,139555,116315,106541,14053.0,4746,4241,3275,3265,2865,0
112500.0,2,1,2,30,2,2,2,2,0,0,103216.8,92898,92860,88533,90942,88813,10790.0,2400,1000,4000,3600,4000,0
125000.0,2,3,2,51,1,-1,2,2,-1,0,0.0,203,203,0,7856,16544,263.90000000000003,0,0,7856,10000,865,0
162500.0,2,3,2,44,0,0,0,2,0,0,160590.0,134495,133745,130814,130758,123468,9750.0,10000,0,4500,4500,4179,0
287500.0,2,2,1,51,-1,-1,-1,-1,-1,-1,5193.599999999999,1518,1958,368,1613,1371,1973.4,1972,368,1613,1371,752,1
450000.0,2,1,2,36,-1,-1,-1,-1,-2,-2,1779.6,9386,2635,0,0,0,12201.800000000001,2643,227,1536,12975,19818,0
62500.0,2,2,1,54,0,0,0,0,0,0,57178.799999999996,49100,50380,19144,17625,17246,2886.0,2500,644,628,642,1500,0
200000.0,2,3,1,46,1,2,2,2,0,0,54068.4,46017,47188,46134,47063,50034,2600.0,2200,0,2000,3900,2000,0
487500.0,2,1,2,58,0,0,0,0,0,0,36480.0,34756,29530,27620,32364,34041,6500.0,5000,5000,5000,5000,1161,0
275000.0,2,1,1,48,0,0,2,-1,0,-1,8247.6,4911,2080,2080,4160,2080,2899.0,0,2080,2080,2080,4160,0
250000.0,2,1,2,37,-1,-1,-1,-1,-1,-1,10174.8,2021,1050,0,400,976,2627.3,1050,0,400,976,1123,0
75000.0,2,3,2,42,0,0,0,0,0,0,64640.399999999994,54971,57284,58562,29121,27003,2600.0,3200,3300,1000,1100,1000,0
450000.0,1,1,1,54,-1,-1,-2,-2,-1,2,5637.599999999999,0,0,0,5084,2500,0.0,0,200,5084,0,0,1
175000.0,2,2,1,52,-2,-2,-2,-2,-2,-2,0.0,0,0,0,0,0,0.0,0,0,0,0,0,0
262500.0,1,2,1,41,-1,-1,-1,-1,-2,-2,1272.0,777,7971,0,0,0,1012.7,7994,0,0,0,1704,0
262500.0,1,2,2,31,1,-2,-2,-2,-1,3,0.0,0,0,0,1290,990,0.0,0,0,1290,0,0,1
162500.0,2,1,2,37,0,0,0,0,0,0,70531.2,53702,43760,31540,23675,15841,2613.0,2037,1218,2182,1003,1001,0
250000.0,2,2,1,39,-2,-2,-2,-1,-1,-1,7951.2,2469,3760,4273,3015,5076,3218.8,3771,4285,3023,5088,6282,0
287500.0,2,1,1,40,-1,-1,-1,-1,-1,-1,1495.2,3284,4283,3476,3283,426,4305.6,4309,3549,3297,426,1390,0
150000.0,2,1,2,28,0,0,0,0,0,0,121084.79999999999,91354,160932,54967,42017,30455,8617.7,3117,1551,2000,1273,2000,0
137500.0,1,2,2,56,0,0,0,0,0,0,133140.0,69564,51264,51584,49601,50485,3250.0,2500,1800,1800,2000,2000,0
487500.0,2,3,1,43,-2,-2,-2,-2,-1,-1,289.2,0,0,0,739,0,0.0,0,0,739,0,0,1
500000.0,1,3,2,40,-1,-1,-1,-2,-2,-1,110.39999999999999,101,0,0,0,1058,131.3,0,0,0,1100,1100,0
275000.0,2,2,1,40,0,0,0,0,0,0,54886.799999999996,46975,48211,47418,48657,48129,2600.0,2000,2000,2000,2000,2000,0
62500.0,1,2,1,60,0,0,0,0,0,0,60633.6,50541,49345,20238,18646,19034,2730.0,1305,1201,663,684,652,0
37500.0,2,1,2,29,2,2,6,6,5,4,2160.0,1800,1800,1800,1200,600,0.0,0,0,0,0,0,0
450000.0,2,2,1,47,1,-1,-1,-1,-1,-1,0.0,6815,0,1000,6344,2408,8859.5,0,1000,6344,2408,0,0
25000.0,2,1,2,30,1,2,2,2,2,3,10179.6,10186,10871,10402,12077,11594,2600.0,1000,0,2000,0,0,1
112500.0,2,2,1,32,1,-1,-1,-1,-1,-1,0.0,1191,0,2130,3486,1495,1548.3,0,2151,3486,1495,0,0
187500.0,1,4,2,37,0,0,0,-1,0,0,191902.8,68686,161192,150464,143375,146411,5224.7,146896,157436,4600,4709,5600,0
25000.0,1,2,1,58,-2,-2,-2,-2,-2,-2,42502.799999999996,31195,26849,23060,23060,0,0.0,0,0,0,129,18143,0
625000.0,1,1,1,62,-1,-1,-1,-1,-1,-1,5472.0,600,0,51697,37511,1685,780.0,0,51697,37511,1685,414,0
112500.0,1,2,2,38,0,0,0,0,0,0,73057.2,65215,66748,70101,80611,89870,6500.0,2200,4035,12200,10000,0,0
125000.0,1,3,1,40,0,0,0,0,0,0,113360.4,96521,98728,74239,75704,55704,4715.1,3938,2515,2516,4022,2032,0
450000.0,2,1,1,42,-2,-2,-2,-2,-2,-2,0.0,0,0,0,0,0,0.0,0,0,0,0,0,1
75000.0,2,2,1,47,0,0,0,0,0,0,69916.8,57923,58987,17350,17937,17298,4160.0,3000,800,1000,1000,1000,0
137500.0,2,2,1,43,0,0,0,0,0,0,234524.4,176420,63142,39854,9293,0,6500.0,10000,5048,2000,39958,52000,1
550000.0,2,1,1,41,0,-1,-1,-1,0,0,17080.8,11061,19669,18613,13669,24849,14385.800000000001,19669,33152,0,20000,7046,0
100000.0,2,2,2,43,0,0,0,0,0,0,21379.2,18095,17374,14298,12259,10498,3900.0,2000,1000,2000,2000,2000,0
62500.0,2,1,1,39,0,0,0,0,2,0,58962.0,49209,36372,30305,29742,30556,2562.3,2000,3342,0,1400,1000,0
62500.0,2,3,3,56,0,0,0,0,0,0,53745.6,45471,46394,47865,47455,48426,3057.6,2275,2398,1336,1366,1444,1
475000.0,2,1,1,49,0,0,0,0,0,0,438027.6,365445,350474,342569,307959,309709,18616.0,15065,13017,15026,12017,12031,0
450000.0,2,2,1,33,-2,2,0,-1,-1,-1,11133.6,6198,5154,2453,570,0,8076.900000000001,1025,2465,572,0,0,1
275000.0,2,2,2,43,0,0,0,0,0,0,171415.19999999998,146533,151098,153094,156295,151840,7800.0,7000,6000,6000,10000,10000,0
275000.0,1,1,2,30,0,0,-1,0,-1,2,35596.799999999996,5995,8419,6523,508,370,1323.4,8424,20,878,1,3046,0
537500.0,2,1,1,38,-2,-2,-2,-2,-2,-1,2204.4,373,1198,0,538,77543,484.90000000000003,1198,0,538,77543,584,0
62500.0,1,2,1,36,-1,-1,2,2,-2,-2,1740.0,2590,770,0,0,0,3367.0,0,0,0,0,0,0
225000.0,2,1,2,37,-1,-1,-1,-1,-1,-1,799.1999999999999,666,666,666,666,666,865.8000000000001,666,666,666,666,666,0
162500.0,2,3,2,58,-1,-1,-1,-1,-1,-1,13302.0,45677,27951,17255,10400,18776,59406.1,27951,17307,10400,18776,2944,0
62500.0,1,2,2,35,0,0,0,0,0,0,60608.399999999994,48751,44688,19823,13645,10876,5200.0,2220,1000,1500,1000,1500,0
37500.0,2,1,2,30,0,0,0,0,0,0,31651.199999999997,27483,28242,16498,16923,17649,2015.0,1308,1300,700,1000,2000,0
300000.0,2,1,1,41,-1,-1,-1,0,-1,-1,8469.6,4786,6853,5673,7588,2737,6225.7,6853,113,7588,2737,0,1
37500.0,2,3,2,44,0,0,0,0,0,0,33338.4,5585,29572,26387,11207,0,2629.9,27887,2000,1000,0,0,0
12500.0,1,2,1,32,4,3,3,2,3,2,4154.4,4150,3940,4720,4500,4282,1170.0,0,1000,0,0,433,1
62500.0,1,2,3,46,0,0,0,0,0,0,37436.4,24486,24777,24521,16773,16524,5967.0,3000,3005,3014,3632,4006,0
287500.0,1,2,2,33,-1,-1,-1,-1,-1,-1,781.1999999999999,651,651,0,651,1496,846.3000000000001,651,0,651,1496,1953,0
250000.0,1,1,2,35,1,-1,-1,-1,-1,-1,0.0,1870,1000,0,1275,543,2431.0,1000,0,1275,543,0,0
62500.0,1,2,1,40,1,-1,-1,-1,-2,-2,0.0,1118,667,0,0,0,1453.4,673,0,0,0,0,0
112500.0,2,1,2,32,0,0,2,0,0,0,55905.6,49496,48425,50611,52764,55898,5200.0,0,3000,3000,4000,2043,0
150000.0,2,2,2,31,1,2,2,2,2,2,63147.6,51208,57538,56019,60135,61298,0.0,7200,0,5200,2300,0,0
25000.0,1,2,2,39,-2,-2,-2,-2,-2,-2,2659.2,2199,1530,750,2280,1500,2858.7000000000003,1530,750,1140,3000,780,0
375000.0,2,2,2,46,-1,-1,-1,-1,-1,-1,1458.0,43909,27785,5221,1278,3245,57125.9,27863,5234,1278,3245,22,0
125000.0,1,1,1,40,0,0,0,0,0,0,54148.799999999996,46168,47160,98775,49513,53433,2249.0,1722,3214,2119,5064,0,0
250000.0,2,2,1,56,0,0,0,0,0,0,345618.0,148160,98651,251331,255017,54705,5811.0,9746,155858,5869,1964,1938,0
450000.0,1,1,1,47,0,-1,-1,-1,-1,-1,37032.0,20180,21908,1780,47307,0,26265.2,21908,1780,47307,0,0,0
187500.0,2,2,2,27,0,0,0,-1,0,0,9120.0,8749,10652,32330,15681,6173,1690.0,3652,33866,410,200,776,0
62500.0,2,1,2,38,1,-2,-1,0,0,-1,0.0,0,12493,28365,6300,999,0.0,12493,16000,0,999,0,0
512500.0,1,2,2,53,0,0,0,-1,-1,0,34705.2,13482,8484,15286,17116,18777,7048.6,3040,15362,17133,5076,4040,1
100000.0,1,3,1,39,1,2,2,2,2,2,85324.8,72737,73987,72199,76621,78451,4420.0,3000,0,5637,3200,0,1
25000.0,2,1,2,27,0,0,0,0,0,0,20300.399999999998,17904,20030,18475,17631,3950,4550.0,2450,2000,376,79,2350,0
325000.0,2,3,1,44,0,0,0,0,0,0,183282.0,149672,140068,140367,141710,146578,8615.1,7000,7000,5000,7000,5000,0
87500.0,2,1,2,31,0,0,0,0,0,0,55466.4,47650,48867,47808,43022,44077,3250.0,2300,2300,2000,1900,3000,0
625000.0,1,2,2,35,-1,-1,-1,-1,-1,-1,1042.8,2496,1924,976,986,1200,3259.1,1933,980,990,1206,1069,0
250000.0,1,2,2,34,-2,-2,-2,-2,-2,-2,16518.0,14304,29399,15817,6155,9955,18595.2,29404,15825,6155,9955,19773,0
287500.0,2,1,2,30,0,0,0,0,0,-2,39498.0,21726,12299,5860,0,0,6232.2,3116,5029,0,0,0,0
62500.0,2,2,1,39,2,2,2,2,0,0,24452.399999999998,19427,19590,19209,19456,35976,2145.0,800,200,674,636,660,0
237500.0,1,3,1,43,0,0,0,0,0,0,113905.2,97397,99789,102131,104491,106755,5200.0,4000,4000,4000,4000,4000,0
25000.0,2,2,1,29,0,0,0,0,0,0,20629.2,18594,19489,20200,20000,0,2600.0,1500,1200,0,0,0,0
137500.0,2,1,2,33,0,0,0,0,0,0,63231.6,54148,73596,76938,47942,40963,6583.2,42000,5091,2026,3033,2510,0
275000.0,2,2,1,48,-1,-1,-1,-1,-1,-1,379.2,316,316,956,1087,316,410.8,316,956,1087,316,4342,0
25000.0,1,2,1,36,0,0,0,0,0,0,42781.2,20160,20080,19680,19680,0,6448.0,1400,0,0,0,0,0
500000.0,2,2,2,48,-2,-2,-2,-2,-2,-2,18000.0,18400,15000,492,14926,7626,23920.0,15000,492,15000,7725,3000,0
162500.0,1,2,1,51,0,0,0,0,0,0,56218.799999999996,44861,46405,44342,45641,40945,2342.6,3005,1603,3022,1005,3308,0
62500.0,2,2,1,35,-1,-1,2,-1,2,2,499.2,832,416,3285,2685,2270,1081.6000000000001,0,3285,0,190,0,1
287500.0,2,1,1,58,-1,-1,-2,-2,-2,-2,12000.0,0,0,0,0,0,0.0,0,0,0,0,0,0
137500.0,2,1,2,32,0,0,0,0,0,0,135525.6,113331,108567,110772,111946,111853,7800.0,5500,5500,4500,4400,4400,0
100000.0,1,3,1,36,1,-2,-2,-2,-2,-2,0.0,0,0,0,0,0,0.0,0,0,0,0,0,0
87500.0,2,2,1,38,1,2,0,0,0,0,62280.0,49307,48214,27572,26810,20541,0.0,1500,1300,1505,1000,1000,0
275000.0,2,2,1,58,2,0,0,0,0,0,264466.8,223682,223193,215040,210884,210479,11037.0,8100,8000,7804,8254,6640,1
100000.0,2,2,1,47,0,0,0,0,0,0,28717.2,23366,22275,21631,22961,19269,1950.0,2000,1000,3000,1000,1000,1
175000.0,2,1,1,42,0,0,2,2,2,2,149250.0,133384,135691,137675,135371,138455,14300.0,6000,5700,0,5500,5000,1
325000.0,1,2,1,49,-1,-1,-1,-1,-1,-2,13807.199999999999,973,1183,2270,0,0,1267.5,1186,2287,0,0,2580,0
187500.0,2,1,1,39,-2,-2,-2,-2,-2,-2,6854.4,14539,8796,20359,17329,20087,18900.7,8796,20375,17329,20087,0,0
125000.0,1,2,2,35,1,3,7,6,7,8,87182.4,90461,89011,96593,105083,103522,26000.0,0,10000,10000,0,0,1
412500.0,2,1,1,58,0,0,0,0,0,0,365906.39999999997,292517,211831,153841,156866,155679,18200.0,7507,6000,6171,6000,6000,0
500000.0,1,1,2,46,-1,-1,-1,-1,0,-1,13753.199999999999,5864,5300,6534,5222,500,7640.1,5300,6534,0,500,360,0
62500.0,2,2,2,30,8,7,6,5,4,3,45176.4,37102,36238,36374,35229,34365,0.0,0,1000,0,0,3000,1
475000.0,2,1,2,49,0,0,0,0,0,0,446300.39999999997,355744,347667,304356,311458,299277,19592.3,13500,11000,12000,12000,11000,0
175000.0,2,2,2,32,-1,-1,-1,-1,-1,-1,1423.2,3713,390,390,6580,0,5200.0,390,390,6580,0,780,0
250000.0,2,1,2,31,0,-1,0,0,0,0,17415.6,84387,87121,87857,88766,90228,109703.1,5000,4000,4000,4000,3000,0
137500.0,1,3,2,38,1,2,0,0,0,-2,8553.6,1852,2625,2625,0,0,0.0,1000,0,0,0,0,1
287500.0,2,1,1,40,0,0,-1,-1,-1,-1,7214.4,0,1897,0,89,2398,101.4,1897,0,89,2398,671,1
37500.0,2,3,2,55,-2,-2,-2,-2,-1,2,0.0,0,0,0,7092,6832,0.0,0,0,7092,0,0,0
450000.0,2,1,1,53,-2,-2,-2,-2,-1,-1,2542.7999999999997,0,0,0,711,875,3.9000000000000004,0,0,714,879,1519,0
62500.0,2,2,1,28,0,0,0,0,0,0,48652.799999999996,41098,28383,28937,29119,29334,2600.0,1500,1432,1004,1035,1178,0
225000.0,2,2,2,34,0,0,0,2,2,0,120640.79999999999,102971,108232,108628,94416,178120,6973.2,8633,3600,0,3700,9603,0
125000.0,2,1,1,47,2,2,2,2,2,2,55434.0,47166,46112,48925,49794,50823,2600.0,0,3900,1800,2000,2000,1
425000.0,2,3,1,41,-1,2,2,-1,-1,2,3079.2,1689,0,35947,83360,82516,10.4,0,35958,50000,0,10000,0
75000.0,2,2,1,51,0,0,0,0,0,0,73184.4,60832,50469,40564,40601,40467,2788.5,1612,1404,1442,1445,1389,0
175000.0,1,2,2,29,-1,-1,-1,-1,-1,-1,7574.4,0,8431,11034,5040,7838,0.0,8579,11034,5040,7838,11737,1
275000.0,1,1,1,47,-1,-1,-1,-1,0,-1,2829.6,156,0,50510,2202,4533,202.8,0,50510,0,5131,0,0
37500.0,2,3,1,36,2,3,2,2,2,0,36068.4,29280,30206,30496,29731,29047,0.0,1700,1100,3,1053,1303,0
25000.0,1,1,2,27,0,0,0,0,0,0,19944.0,17446,18534,19145,19547,19947,2600.0,2000,1278,1000,1000,764,0
187500.0,2,1,2,40,-2,-2,-2,-2,-2,-2,0.0,26660,858,0,3600,0,34658.0,858,0,3600,0,458,0
75000.0,1,3,2,31,0,0,0,0,0,0,67664.4,57648,59521,58637,38490,38492,2860.0,2805,1764,1356,1500,1523,0
187500.0,2,1,2,30,0,0,0,0,0,0,36366.0,40190,39743,48971,38291,569,13247.0,10000,10003,0,0,0,0
75000.0,1,2,1,37,0,0,0,0,0,0,26828.399999999998,23663,24779,25322,19248,18061,2189.2000000000003,1800,1287,813,700,681,0
287500.0,2,1,1,44,0,0,0,0,0,0,263654.39999999997,208532,229229,143168,145270,141874,39650.0,25000,10000,5000,5000,18000,0
150000.0,2,3,0,46,0,0,-2,-2,-1,-1,3968.3999999999996,0,0,0,1344,881,335.40000000000003,0,0,1344,929,599,0
250000.0,1,1,1,42,1,-2,-1,-1,0,0,0.0,0,250,4188,1399,1196,0.0,250,4188,0,0,0,0
187500.0,1,3,2,48,-1,-1,-1,-1,0,0,2019.6,1828,3502,8979,5190,0,2388.1,3526,8998,129,0,0,0
225000.0,2,3,2,46,0,0,0,0,0,0,157174.8,133062,124014,125279,115315,117740,7460.7,4700,4316,4090,4245,5000,0
525000.0,2,3,2,32,-2,-2,-1,0,0,0,1783.2,0,116659,119808,122181,130976,3482.7000000000003,120000,5003,5000,10979,5016,1
150000.0,2,2,1,47,0,0,0,0,0,0,137688.0,113994,113989,115225,116511,112823,5249.400000000001,5000,4000,5000,4000,5000,0
375000.0,2,4,1,46,-1,-1,-1,-1,0,-1,4078.7999999999997,0,4358,862,862,287,0.0,4358,862,0,287,5159,0
250000.0,1,2,1,60,0,0,0,0,0,0,203144.4,172655,178858,180101,173138,176920,8030.1,8982,6758,6257,6633,6115,0
25000.0,1,2,2,38,0,0,0,0,0,0,43989.6,19253,20179,18800,19500,0,5200.0,1409,0,1000,0,0,0
250000.0,2,1,1,55,-1,-1,-1,-1,0,0,2542.7999999999997,1662,2482,19272,22388,21105,2160.6,2482,19272,10004,10000,3471,0
87500.0,2,2,2,28,0,0,0,0,0,0,54891.6,38365,38988,38192,28775,16497,2104.7000000000003,4000,1200,592,330,177,0
587500.0,2,2,1,59,1,2,0,0,0,0,430297.2,351295,358671,367492,374249,381132,0.0,13033,14800,14359,13897,14425,0
587500.0,1,1,2,32,0,0,0,0,0,0,256194.0,183680,153743,146971,127546,129998,13006.5,9001,8001,5001,5001,6145,0
250000.0,2,1,1,43,-1,-1,-2,-1,-1,-2,228.0,0,0,367,0,0,0.0,0,367,150,0,0,0
625000.0,2,1,2,43,0,0,0,0,0,0,67436.4,55246,62402,42594,43652,38254,6500.0,10004,8000,3000,5000,8000,0
400000.0,1,1,1,53,2,2,2,2,2,2,248078.4,201932,215392,218370,220977,225021,0.0,18300,8000,7700,7700,0,1
225000.0,1,1,2,31,-1,-1,-1,-1,-1,0,17478.0,9500,10122,770,4159,4159,12350.0,10122,770,4159,0,5243,0
87500.0,1,2,2,31,0,0,0,0,0,0,83880.0,67591,68338,26916,27480,28043,3257.8,1925,1000,997,1020,1100,0
62500.0,2,1,2,30,0,0,0,-2,-2,-2,60456.0,38712,0,0,0,0,5200.0,0,0,0,0,0,0
375000.0,2,2,2,36,-1,-1,-1,-1,0,-1,4014.0,1083,4339,7423,4059,2508,1413.1000000000001,4355,7423,0,2508,4141,0
87500.0,2,1,2,29,0,0,0,0,0,0,13099.199999999999,12386,9864,5201,6950,7256,2600.0,2063,2000,2000,421,2000,0
125000.0,1,1,2,31,-1,-1,-1,-1,-1,-1,2246.4,4490,4056,10782,3187,18515,5853.900000000001,4066,10900,3196,18543,3215,0
112500.0,2,2,1,38,0,0,0,0,0,-2,4580.4,8545,8961,11676,1189,0,6500.0,1285,3000,1189,0,8832,0
62500.0,2,2,2,40,1,2,0,0,-1,0,37808.4,30705,33467,12870,3325,5103,0.0,3467,1229,3325,2000,2167,0
62500.0,2,2,2,30,0,0,0,0,0,0,28234.8,27889,22800,21930,23183,17613,6266.0,1500,1000,2000,1000,500,0
175000.0,1,2,1,34,0,0,0,0,2,0,169119.6,140883,138087,141620,110532,111638,7153.900000000001,7210,15128,0,4200,4300,0
212500.0,1,1,1,56,-1,-1,-1,-1,-1,-1,379.2,316,316,316,316,316,410.8,316,316,316,316,316,0
300000.0,1,1,1,65,2,0,0,0,0,0,221312.4,188583,191992,185383,179565,92788,9101.300000000001,6180,6000,5951,5285,192557,1
112500.0,1,3,1,43,2,2,2,0,0,0,34528.799999999996,29420,28502,30162,17274,15243,1820.0,0,2041,1007,1015,330,0
250000.0,2,2,2,42,1,-1,-1,-2,-2,-2,0.0,297,0,0,0,0,387.40000000000003,0,0,0,0,544,0
62500.0,1,3,2,57,0,0,0,0,0,0,56974.799999999996,49344,19596,19194,19201,19199,38292.8,1300,675,694,704,798,0
37500.0,2,2,2,29,1,-1,-1,-2,-2,-1,0.0,565,0,0,4897,6685,741.0,25,0,4922,6788,0,0
287500.0,2,2,2,32,-2,-2,-2,-2,-2,-2,391.2,326,326,326,326,326,423.8,326,326,326,326,326,0
75000.0,1,2,1,56,0,0,0,0,0,0,72668.4,58563,27436,29752,30351,28871,3952.0,3000,3000,4000,2000,3000,0
75000.0,2,2,2,28,0,0,0,0,0,0,55194.0,44955,20264,20614,20877,21535,3120.0,1700,1403,1000,1000,1000,0
487500.0,1,2,1,45,1,2,0,0,0,0,509092.8,395060,258372,261498,213003,102423,763.1,9500,30140,4235,1998,25226,0
100000.0,1,1,1,46,-1,-1,-1,-1,-1,-1,14025.6,8739,10926,3355,6127,25675,11360.7,10926,3362,6127,25675,7606,0
175000.0,2,2,1,47,0,0,0,0,0,0,187274.4,158495,160681,144194,144802,147311,7475.0,5530,6600,5100,5460,5460,0
62500.0,2,2,3,49,0,0,0,0,0,0,51529.2,44002,43378,28048,28477,29056,2340.0,2122,1600,1000,1000,1000,0
162500.0,1,1,2,31,-1,-1,0,0,0,0,2811.6,32278,24175,15182,12805,14415,42018.6,1217,1000,3000,2000,390,0
175000.0,1,1,2,37,0,0,0,0,0,0,121749.59999999999,99196,78458,76387,76344,67302,5196.1,3520,2500,2689,2494,2498,0
525000.0,2,1,1,39,-1,0,0,-1,0,-1,528.0,1479,2940,3160,4160,883,1350.7,1500,3160,1000,883,28000,0
100000.0,2,2,2,29,0,0,2,2,2,2,84493.2,75874,76710,74792,79636,77757,8654.1,2629,0,6000,0,3000,0
400000.0,2,1,2,32,0,0,0,0,0,0,144189.6,122307,112144,107318,105952,109626,7800.0,5000,5333,5000,5000,3000,0
287500.0,1,1,2,33,-2,-1,-1,-1,-1,-1,28626.0,18298,1741,16594,18261,18333,23801.7,1741,33188,20000,19000,19319,0
87500.0,1,2,1,42,0,0,0,2,2,2,81087.59999999999,68884,70511,48772,27026,26056,3900.0,3500,0,2200,0,1000,1
12500.0,1,1,2,28,0,0,2,2,4,5,3642.0,5802,5561,8455,9730,8999,3900.0,0,3000,2000,0,0,0
487500.0,2,1,2,32,2,0,0,0,0,0,463561.2,392458,290201,295606,300709,305904,22100.0,11000,11000,10656,11000,12000,0
250000.0,1,2,1,46,0,0,0,0,0,0,62394.0,52442,46472,48692,50571,51756,5200.0,2000,3000,3000,2000,2000,1
75000.0,2,1,2,38,1,2,0,0,0,0,14131.199999999999,11295,12799,14272,15225,16320,0.0,2000,2000,1500,1500,1500,0
250000.0,2,2,2,37,0,0,0,0,-1,0,29314.8,13060,13683,0,123250,125926,1950.0,1000,0,128000,4600,5000,1
100000.0,1,6,1,46,0,0,0,0,0,-1,198693.6,153033,133017,19164,3272,11766,5656.3,3520,1000,3272,11766,1740,1
375000.0,2,2,1,47,0,0,0,0,0,0,202555.19999999998,165430,147077,127270,129397,132142,9113.0,6000,5006,5000,5000,6000,0
175000.0,2,2,1,42,-1,0,0,0,0,0,79035.59999999999,63803,61998,63517,62463,62168,3900.0,10000,6500,3900,6700,2000,0
500000.0,1,2,1,42,-1,-1,-1,-1,-1,-1,8413.199999999999,9639,8102,8585,12633,20338,13000.0,8501,9003,13000,20500,11000,0
75000.0,1,2,1,34,2,2,2,2,2,2,48704.4,41642,40673,43342,44299,45222,2600.0,0,3348,1800,1800,0,1
25000.0,2,3,2,59,0,0,0,0,0,0,16251.599999999999,14308,16856,18073,18773,19166,1690.0,2800,1500,1000,695,1000,0
187500.0,2,1,1,37,1,-2,-2,-2,-2,-2,0.0,0,0,0,0,0,0.0,0,0,0,0,0,1
137500.0,2,2,2,33,2,2,2,0,0,0,126016.79999999999,104574,94521,88833,82585,75992,11700.0,10,3917,2730,2770,2800,0
62500.0,1,2,1,30,0,0,0,0,0,0,33238.799999999996,28513,29341,29928,29533,28538,2034.5,1393,980,994,1024,886,0
175000.0,1,3,1,43,0,0,0,0,0,0,165994.8,138072,136377,106241,96986,94665,8847.800000000001,4744,4546,3672,3602,4006,0
325000.0,2,1,1,47,-1,-1,-1,-1,-1,-1,3345.6,4046,2800,2800,2979,8247,5275.400000000001,2800,2800,2979,8247,0,0
175000.0,1,1,2,30,0,0,0,0,0,0,110958.0,93536,96820,97000,97467,79872,4550.0,4790,3092,3148,2981,3912,0
237500.0,2,1,2,45,0,0,0,0,0,0,94065.59999999999,80740,83134,96310,98411,107391,4680.0,4000,14000,3000,10000,4000,0
62500.0,1,2,2,27,0,0,0,0,0,-1,57445.2,44546,28628,19502,1971,7538,2009.8000000000002,1519,1035,296,20300,1000,0
275000.0,2,3,2,34,0,0,0,0,0,0,17095.2,15601,17140,14131,15424,17345,3381.3,2140,2131,3424,2345,3385,0
175000.0,2,3,2,31,0,0,0,0,0,0,112060.8,93443,57219,57621,48323,45082,4568.2,3000,2000,2000,1636,1686,0
87500.0,2,3,1,47,0,0,0,0,0,0,26481.6,30307,30570,31367,32163,32975,38350.0,2000,2000,2000,2000,1780,0
212500.0,1,3,1,44,1,2,2,2,0,0,205274.4,166870,165156,161137,164501,166064,0.0,13000,0,6000,12400,5700,0
512500.0,1,1,1,46,0,0,0,0,0,0,476370.0,409780,383225,396283,274224,321787,39000.0,20000,20000,50000,30000,43312,0
125000.0,2,3,1,51,2,2,2,2,2,2,52412.4,42674,45983,46927,47759,46865,0.0,4000,2000,1900,0,2000,1
387500.0,1,2,1,39,0,0,0,0,0,0,116635.2,95832,83123,46342,44693,43296,7800.0,5000,4000,3000,3000,2000,0
137500.0,1,2,2,31,0,-1,-1,2,0,0,72969.59999999999,196,3290,3089,3601,3396,254.8,3290,0,563,296,200,0
37500.0,1,1,2,33,-1,-1,-1,-1,-2,-2,717.6,0,950,0,0,0,0.0,950,0,0,0,0,0
100000.0,2,2,1,42,-2,-2,-2,-2,-2,-2,1588.8,1087,0,5963,1280,1243,1413.1000000000001,0,5963,1280,1243,1216,0
162500.0,1,1,2,32,0,0,0,0,0,0,83223.59999999999,49878,30242,31239,31893,32549,2780.7000000000003,1503,1500,1157,1186,5000,0
262500.0,2,2,1,49,-2,-2,-2,-2,-2,-2,0.0,4098,0,0,0,0,5327.400000000001,0,0,0,0,0,1
262500.0,2,1,2,38,-2,-2,-2,-2,-2,-2,0.0,0,0,0,0,0,0.0,0,0,0,0,0,0
287500.0,2,2,2,36,0,0,-2,-1,-1,0,57487.2,0,0,1255,80158,81775,0.0,0,1255,80158,3107,2857,0
87500.0,2,2,2,29,0,-1,0,0,0,-1,8439.6,1602,28199,28980,29795,27091,2540.2000000000003,28000,1250,1496,29251,1000,1
37500.0,1,2,2,30,0,0,0,0,0,0,7346.4,7160,8185,9286,9483,9780,1690.0,1300,1400,500,600,600,0
450000.0,2,2,1,54,-1,-1,-1,-1,-1,-1,961.1999999999999,908,1081,1538,0,804,1186.9,1081,1538,0,804,200,0
25000.0,2,2,2,42,1,2,0,0,0,2,19408.8,15617,16646,17648,18819,17992,0.0,1285,1287,1458,0,644,1
375000.0,2,2,1,55,-1,-1,-1,0,0,0,10708.8,3131,117497,110680,104016,109839,4070.3,121715,4000,5000,9000,5000,0
100000.0,1,2,2,30,0,0,0,0,0,0,38136.0,33261,34703,36125,38374,39382,2600.0,2000,2000,3000,1800,2000,1
25000.0,1,2,1,44,0,0,0,0,0,0,19945.2,7309,17120,18130,18491,18893,1560.0,10000,1301,662,700,1000,0
37500.0,1,3,2,61,0,0,0,0,0,0,39309.6,33720,32779,31557,30094,27223,1977.3,1580,1358,895,1217,1022,0
225000.0,1,1,2,32,0,0,0,0,-1,0,255301.19999999998,205797,206670,31546,141189,138880,52000.0,37000,3270,194989,5753,5000,0
137500.0,1,1,2,38,0,0,2,2,2,2,47721.6,44333,43320,48236,49195,48253,7212.400000000001,0,5651,1876,0,2000,0
362500.0,2,2,2,45,0,0,0,0,0,0,310032.0,263820,265115,264323,221070,219295,15632.5,10000,9883,7738,7813,10000,0
350000.0,2,2,1,53,2,-1,0,0,0,0,11413.199999999999,35852,36875,75016,38304,27383,46607.6,1467,1200,1792,15137,0,1
100000.0,1,3,1,64,1,2,0,0,-1,-1,26067.6,21097,22140,18349,3540,0,0.0,2000,0,3540,0,0,0
12500.0,2,1,2,29,1,2,0,0,2,2,8134.799999999999,6524,7559,9564,9264,9862,0.0,1300,2300,0,900,500,0
25000.0,1,1,2,55,0,0,0,-1,-1,-1,13754.4,9804,1436,363,363,0,1575.6000000000001,1000,400,0,0,2000,0
225000.0,1,1,1,43,-1,-1,-1,-1,-1,-1,391.2,326,326,326,326,326,423.8,326,326,326,326,326,0
50000.0,1,2,2,52,2,2,3,2,2,2,62829.6,54892,53415,51259,47151,46934,5200.0,0,2000,0,3520,0,1
37500.0,2,2,2,28,3,3,3,3,2,2,34911.6,29532,29954,29176,29958,30520,1560.0,1200,0,1400,1200,0,1
350000.0,2,1,2,34,-2,-2,-2,-2,-1,-1,0.0,0,0,0,2572,9532,0.0,0,0,2583,9566,145007,0
387500.0,2,1,2,31,0,0,2,2,-1,2,14019.6,9624,9022,0,6214,2360,3900.0,0,0,6900,0,1300,0
125000.0,2,2,1,51,-1,3,2,0,0,-1,6349.2,5045,3336,1863,390,930,0.0,0,0,0,930,0,1
112500.0,1,1,2,31,0,0,0,0,0,0,73454.4,57315,5710,12959,9140,9333,3246.1,1154,8000,288,300,347,0
125000.0,2,2,1,45,-1,-1,-1,0,-1,-1,391.2,326,652,326,326,326,423.8,652,0,326,326,652,0
112500.0,2,2,2,29,0,0,0,0,-2,-2,96838.8,68100,33434,0,0,0,3888.3,2655,0,0,0,0,0
225000.0,2,2,2,52,-1,-1,-1,-1,-1,-1,4996.8,701,411,955,416,2408,911.3000000000001,411,960,416,2408,1609,0
125000.0,2,1,2,32,1,-1,-1,-1,-1,-1,0.0,995,896,697,0,999,2600.0,900,800,0,2300,1838,0
62500.0,1,2,1,40,-1,-1,-1,-1,-1,0,3667.2,0,4091,0,6592,2728,0.0,4091,0,6592,0,1456,0
37500.0,2,2,2,33,3,2,2,5,5,4,1440.0,1200,1200,1200,1200,600,0.0,0,0,0,0,0,1
25000.0,1,2,2,38,1,2,0,0,0,-2,20926.8,16872,17483,9152,0,0,0.0,1000,183,0,0,0,0
250000.0,2,3,1,34,0,0,0,0,0,0,244345.19999999998,203424,199728,195609,131981,131294,9703.2,7889,6600,4602,4900,4726,0
162500.0,2,2,1,46,-1,0,-1,-1,-1,-1,3045.6,1866,1349,1609,635,849,1530.1000000000001,1349,1609,635,849,2893,0
112500.0,2,1,2,33,-1,-1,-1,-1,-1,-1,3336.0,1950,7956,499,0,5990,2535.0,7956,499,0,5990,0,0
137500.0,2,1,2,33,0,0,0,0,0,0,63782.399999999994,45002,42051,30803,28377,29053,2242.5,1774,1526,1100,1200,1081,0
287500.0,2,2,2,33,0,0,0,0,0,0,27675.6,14024,11825,14765,12383,10008,2600.0,2000,5000,1000,2000,1000,0
37500.0,2,2,1,34,-1,-1,-1,-1,0,0,502.79999999999995,1173,1370,880,780,0,1524.9,1370,880,500,0,1500,1
450000.0,2,2,2,35,0,0,0,0,0,0,158700.0,132655,135959,139796,143642,147418,6500.0,5000,5000,5000,5000,5000,0
112500.0,1,2,2,32,0,0,2,0,0,0,59125.2,51425,47756,45977,43936,37142,3914.3,1207,1619,1576,1600,2000,0
262500.0,1,2,2,31,0,0,0,0,0,0,223330.8,168198,97223,202134,102844,39995,7707.7,3272,4362,5040,3195,105,0
187500.0,2,2,1,42,0,0,0,0,0,0,48816.0,44960,45976,46890,47873,48833,6448.0,1765,1679,1739,1757,1795,0
75000.0,2,2,2,29,-1,0,0,0,0,0,68576.4,58104,58311,58828,58945,57918,3900.0,3000,2500,2100,4000,2100,0
450000.0,2,2,1,38,1,-1,2,2,-2,-2,0.0,2635,590,0,0,0,3438.5,2,0,0,0,0,0
125000.0,1,1,2,37,0,0,0,-2,-1,-1,16278.0,8130,0,0,0,0,1300.0,0,1732,1268,2000,3500,0
100000.0,1,1,2,34,1,2,2,-2,-2,-2,59247.6,49812,0,0,0,0,2574.0,19800,0,0,0,0,1
62500.0,2,1,2,47,-1,-1,-1,-1,-1,2,1572.0,37073,7700,42038,42610,42096,48194.9,7700,42038,42096,587,9162,0
162500.0,1,2,2,61,0,0,0,0,0,0,145398.0,109805,111780,116357,96936,98173,5200.0,5000,8000,4000,4000,5000,0
262500.0,1,1,2,31,0,0,0,0,0,0,245788.8,209873,214775,111893,107697,105578,13000.0,10000,5000,4000,4000,4000,0
62500.0,1,2,2,34,0,0,0,0,0,0,27883.2,19132,15138,14036,14752,15445,2158.0,1065,5000,5000,5000,2000,0
62500.0,1,2,2,53,0,0,0,0,2,0,5970.0,6878,8106,9962,9656,11328,2600.0,1500,2000,0,2000,1000,1
125000.0,2,2,2,31,1,2,0,0,2,2,7267.2,5810,6860,8337,8054,8921,0.0,1150,1600,0,1000,0,1
25000.0,1,2,1,48,2,0,0,0,0,0,22689.6,19232,20087,19874,19963,14879,2210.0,1530,700,700,600,1000,1
75000.0,1,2,2,36,0,0,0,0,0,2,63880.799999999996,54361,55395,56416,58792,56130,3354.0,2557,2500,4500,0,2000,0
275000.0,2,1,2,33,0,0,0,-1,-1,-1,69286.8,42144,19270,1500,5520,0,2600.0,1000,1500,5520,0,0,0
75000.0,2,1,2,33,1,2,0,0,0,0,56714.4,46226,47557,48464,49532,50552,0.0,2100,2000,2000,2000,3000,0
612500.0,1,4,1,56,-1,-1,-1,-1,-1,2,5724.0,16917,739,0,5132,2724,22285.9,742,0,5143,13,5744,0
175000.0,1,2,2,39,2,2,2,2,2,2,163138.8,130625,117392,111478,109353,97612,10930.4,3500,3500,3600,0,3600,0
62500.0,1,1,2,31,0,0,0,0,0,0,51871.2,19278,18403,19369,20094,17934,1690.0,1300,1300,1000,1000,1000,0
25000.0,2,3,1,48,0,0,0,0,0,0,11448.0,11788,14137,16283,17108,18005,3148.6,2560,2426,1038,1116,1332,0
187500.0,2,1,2,29,-1,-1,-1,-1,-1,-1,349.2,291,291,291,658,441,378.3,291,291,658,441,1197,1
25000.0,1,1,1,43,0,0,0,2,2,0,19094.399999999998,17272,20565,20705,20255,19933,2109.9,3916,750,0,800,850,0
250000.0,1,3,2,42,0,0,0,0,0,0,124458.0,104025,97749,99168,58256,59313,5124.6,4949,4800,2256,2313,2194,0
62500.0,1,2,2,34,0,0,0,0,0,0,15840.0,12930,12684,12050,11005,9952,1957.8,1521,1148,364,355,390,0
587500.0,2,1,2,36,-2,-2,-2,-2,-2,-2,27585.6,10353,5603,11685,5093,2791,13471.9,5910,13380,5093,2791,9527,0
387500.0,1,1,1,42,0,0,0,0,0,0,228844.8,194111,144855,149146,198027,202293,10123.1,6000,7000,75593,7000,7000,0
125000.0,2,3,2,32,0,0,0,0,0,2,64107.6,39096,40037,40584,43629,41432,2545.4,1953,1500,3700,0,1700,1
400000.0,2,2,2,32,0,0,2,0,0,0,216164.4,192621,178390,180346,178832,182860,22230.0,0,8000,7000,7000,6000,0
62500.0,1,2,2,38,0,0,0,0,0,0,57669.6,49348,41707,29358,29860,30461,2726.1,1456,1200,1100,1076,1200,1
75000.0,1,3,2,43,0,-1,-1,-1,-1,-1,3670.7999999999997,291,1131,441,443,732,378.3,1131,441,443,580,0,0
25000.0,1,2,2,49,0,0,0,0,0,0,10611.6,9262,7102,5035,5152,2150,1449.5,1202,1000,117,246,0,0
150000.0,2,1,2,45,-1,-1,-1,-1,0,0,391.2,326,326,12055,11968,12968,423.8,326,12055,239,1000,652,0
425000.0,1,1,1,47,0,-1,-1,-1,2,-1,16144.8,14544,0,10300,3630,3577,19596.2,528,15303,13,3615,6765,0
37500.0,2,2,1,54,0,0,0,2,0,0,2727.6,2127,2552,1992,1583,1320,2600.0,1300,0,0,150,0,1
125000.0,2,1,2,33,1,-2,-2,-2,-2,-2,0.0,0,0,0,0,0,0.0,0,0,0,0,0,0
250000.0,2,2,1,33,0,0,0,0,0,0,236570.4,198367,96731,67431,60690,60442,11956.1,3700,6478,2114,2337,2401,0
100000.0,2,3,1,45,0,0,0,0,0,0,42792.0,37082,38464,38922,40791,43108,2600.0,2000,1397,2500,3000,1600,0
250000.0,1,2,1,49,0,0,0,0,0,0,85987.2,63331,54977,45849,32706,23542,2228.2000000000003,1602,1144,786,471,2300,0
500000.0,2,1,1,44,0,-1,-1,-1,0,-1,2389.2,2920,1721,2018,446,1068,3796.0,2500,2018,0,1068,0,1
500000.0,2,2,2,29,0,0,-1,-1,-1,-1,17910.0,12559,3926,500,1236,11975,6500.0,3926,500,1236,11975,253,0
125000.0,1,3,3,53,2,-1,0,0,0,0,12616.8,8408,5250,9360,4098,800,16910.4,1119,7110,110,102,0,1
150000.0,1,4,1,44,2,0,0,0,0,-1,137576.4,114645,72188,42840,19860,390,6500.0,10000,4000,5000,390,780,1
362500.0,2,2,2,30,0,0,0,0,0,0,68934.0,57025,46484,36232,32149,24004,2600.0,1800,1400,1000,1000,1000,0
175000.0,1,1,1,50,0,0,0,0,2,2,47659.2,40799,41853,44452,45433,46383,2080.0,1600,3169,1700,1700,1495,0
375000.0,2,1,2,39,2,2,2,2,-2,-2,3000.0,2500,2500,0,0,0,0.0,0,0,0,0,0,1
25000.0,2,2,2,32,2,2,-2,-2,-1,-1,20773.2,0,0,0,4599,4779,0.0,0,0,4599,700,0,1
225000.0,1,1,1,51,0,0,0,0,-2,-2,192696.0,171644,184650,0,0,0,17828.2,16500,0,0,0,0,1
25000.0,1,2,2,28,1,3,2,2,0,0,21034.8,16967,17176,16605,17185,18340,0.0,780,0,1000,1600,1000,1
125000.0,1,1,2,37,0,0,0,0,2,2,100597.2,85586,87289,91451,93381,89522,5200.0,4037,6500,3500,0,3200,0
62500.0,2,3,1,44,0,0,2,-1,0,0,69960.0,59727,142,29886,30510,31276,10238.800000000001,161,74354,927,1089,9100,0
125000.0,1,1,1,65,0,0,0,0,0,0,122113.2,101801,101863,101729,98103,99521,5012.8,3919,3986,3865,3760,3863,1
250000.0,2,1,2,34,-2,-2,-2,-2,-2,-1,0.0,0,0,0,0,69708,0.0,792,0,0,70500,1688,1
37500.0,1,2,1,62,0,0,0,0,0,0,29893.199999999997,26241,27512,27831,28795,29285,2275.0,2000,1240,1200,1100,0,1
187500.0,2,1,2,30,0,0,0,0,-1,0,180674.4,148689,147296,144927,54116,6072,6754.8,3171,3699,69245,1030,0,0
62500.0,2,2,2,28,0,0,0,0,0,0,16460.399999999998,13822,9847,5892,6413,6915,2610.4,1106,1000,1000,1000,1000,0
25000.0,2,2,2,28,-2,-2,-2,-2,-2,-2,11292.0,7120,0,0,0,0,9256.0,0,0,0,0,0,0
275000.0,1,1,2,36,-2,-2,-2,-2,-2,-2,398.4,332,328,1024,1888,1132,432.90000000000003,329,1029,1897,1137,1499,0
62500.0,2,1,2,28,-1,-1,-1,0,0,-1,1695.6,0,550,390,0,780,0.0,1000,230,0,780,0,0
100000.0,2,2,1,44,0,0,0,0,0,0,55681.2,39456,30712,29629,28241,28030,2028.0,1421,1001,1000,1008,964,0
150000.0,2,3,1,59,0,0,0,0,0,0,80512.8,69010,70683,71504,73230,73613,3900.0,3000,2300,2600,2500,1500,0
450000.0,2,3,2,51,-1,-1,-1,-1,-1,-1,18262.8,26544,36301,45883,16789,6159,34834.8,36582,46112,16873,6190,22167,0
150000.0,1,2,2,35,0,0,0,0,0,0,64147.2,53862,39505,45373,46641,47569,2675.4,1672,10000,2000,1704,1920,0
225000.0,2,1,1,49,0,0,0,2,0,0,147720.0,125674,145212,141409,142861,166960,7932.6,23200,0,5295,26550,6045,0
137500.0,2,2,1,46,0,0,0,0,0,0,125688.0,102165,98160,57257,54863,53510,6500.0,5045,7021,7000,5000,3000,0
25000.0,2,1,2,26,0,0,-1,-1,-1,0,3357.6,3214,647,0,7273,6490,2600.0,647,489,7273,130,0,0
87500.0,1,2,1,31,1,2,0,0,0,0,10304.4,9386,9456,9528,7481,7794,1430.0,1178,1250,300,400,250,0
437500.0,2,2,3,49,2,2,-2,-2,-2,-1,63538.799999999996,0,0,0,0,297301,4786.6,0,1878,0,300000,0,0
225000.0,1,1,2,56,0,0,0,0,0,2,161192.4,123211,118587,118482,119952,110003,7819.5,6005,5702,7509,14,5011,1
225000.0,2,1,2,36,4,4,4,3,2,2,99624.0,84654,82852,81162,79958,178148,4550.0,0,0,0,100000,0,1
25000.0,1,2,2,34,1,2,0,0,0,0,24998.399999999998,20203,19946,19037,19233,14764,0.0,1289,491,2586,5000,198,0
100000.0,1,1,2,35,-2,-1,0,0,0,0,7424.4,100,600,1438,1919,5380,655.2,500,1000,500,3500,0,0
437500.0,1,1,1,60,-1,-1,-1,-1,-1,-1,7153.2,6318,1485,788,15015,666,8223.800000000001,1485,788,15015,666,0,0
362500.0,1,1,1,42,-2,-2,-2,-2,-2,-2,0.0,3465,10069,4225,0,871,4526.6,10194,4276,0,875,3852,0
37500.0,2,1,2,35,0,0,0,0,0,0,33421.2,29490,29200,29400,50000,0,2730.0,1500,600,600,0,0,0
125000.0,2,2,1,43,2,2,2,2,0,0,43696.799999999996,37516,38622,37706,38148,40630,2600.0,2000,0,1369,3100,0,0
625000.0,1,1,2,39,0,0,0,0,0,0,38738.4,32307,7403,12225,16702,21253,6500.0,5000,5000,5000,5000,8000,0
150000.0,2,2,1,35,-1,-1,-1,-1,0,-1,823.1999999999999,686,686,1372,686,836,891.8000000000001,686,1372,0,836,686,0
237500.0,2,1,2,33,-2,-2,-2,-2,-2,-2,0.0,2278,918,859,1300,514,2961.4,918,864,1300,514,175,0
12500.0,2,2,2,30,1,2,2,2,0,0,10318.8,9695,10385,9987,9987,0,1820.0,1000,0,0,0,0,1
37500.0,2,3,3,47,3,3,2,2,2,2,33202.799999999996,26955,27425,28179,28545,27942,0.0,1200,1500,1100,0,1000,0
100000.0,1,2,2,35,2,2,2,0,0,2,86619.59999999999,81844,78743,79176,81574,78445,14163.5,0,2900,6355,0,3100,1
62500.0,1,2,2,28,0,0,0,0,0,-1,56445.6,51310,49956,19485,13925,15706,13026.0,2170,1200,4000,15706,10000,0
100000.0,2,3,1,46,-1,-1,-1,-1,-1,-1,4231.2,10129,6100,6420,606,7228,13167.7,6100,6434,606,7228,14387,0
500000.0,2,1,1,42,0,0,0,0,0,0,59336.399999999994,59781,86070,100620,133307,117194,39000.0,50000,50006,38000,10000,12000,0
387500.0,2,2,2,47,-2,-1,0,0,0,0,0.0,246407,250249,254254,259960,265702,338000.0,10000,10000,10000,10000,10000,0
62500.0,2,2,1,35,0,0,0,0,0,-1,50791.2,19067,7690,8322,5522,1522,1950.0,1500,1000,200,2000,50000,0
25000.0,2,2,1,31,1,2,0,0,0,-2,24268.8,19210,19327,20000,0,0,0.0,1500,1000,0,0,0,0
300000.0,2,2,1,36,-1,-1,-1,-1,-1,-1,220.79999999999998,0,2500,12500,749,2829,0.0,2500,12500,749,2829,2900,0
62500.0,1,1,2,34,1,2,2,2,2,2,7117.2,5690,8023,7748,8269,7992,0.0,2600,0,800,0,800,0
387500.0,2,1,2,34,0,0,0,0,0,0,53510.4,40110,39805,36823,38987,32304,2600.0,1620,1332,2772,1500,1500,0
300000.0,1,2,1,36,-1,-1,-1,-1,-1,-1,1261.2,475,1051,671,291,671,617.5,1051,671,291,671,671,0
287500.0,2,5,1,44,-1,-1,0,0,-2,-2,8974.8,31280,120000,0,0,0,40664.0,90000,0,0,0,0,0
450000.0,2,3,1,48,-2,-2,-1,-1,-2,-2,5270.4,0,2050,754,0,0,0.0,2050,754,0,0,1738,1
125000.0,2,3,1,50,-1,-1,-1,-1,-1,-1,1776.0,916,1238,916,1444,1450,1190.8,1238,916,1444,1450,1143,0
362500.0,1,2,2,35,0,0,0,-2,-2,-1,12987.6,13226,652,0,652,92775,3900.0,978,0,652,92775,4000,0
400000.0,2,1,1,43,1,-2,-2,-2,-2,-2,0.0,0,0,0,0,0,0.0,0,0,0,0,0,1
250000.0,2,1,2,30,0,0,0,0,0,0,228147.6,194059,194464,76223,77822,80598,11033.1,5105,3000,2828,4073,1794,0
37500.0,2,2,1,50,1,2,2,2,2,2,16128.0,13923,17194,16625,17442,18016,1300.0,3500,0,1400,1000,1000,0
12500.0,1,3,2,41,0,0,0,0,2,0,7764.0,7404,8415,9075,8785,8959,1560.0,1440,800,0,320,900,1
225000.0,1,2,2,34,0,0,0,0,0,0,213064.8,175969,174812,177252,129190,130431,8450.0,7000,7100,5000,5000,5000,0
475000.0,1,1,2,48,1,2,2,-2,-2,-2,9841.199999999999,7882,0,0,0,0,50.7,0,0,0,0,0,1
125000.0,1,1,1,65,0,0,3,2,0,0,5776.8,8311,8031,5790,3860,2599,4668.3,0,0,0,0,2712,1
250000.0,2,1,1,36,0,0,2,2,0,0,91945.2,82105,80662,75942,74090,72679,8850.4,3300,0,2720,2700,2700,0
37500.0,2,2,2,30,3,2,2,2,2,2,10914.0,10297,9988,11708,11223,12079,1950.0,0,1892,0,1042,700,1
475000.0,1,2,1,43,0,0,0,0,0,0,105734.4,91640,93480,95256,96964,71250,5939.7,4000,3000,5000,5000,2070,0
25000.0,1,3,2,58,2,2,-2,-2,-1,-1,23242.8,3888,3167,0,9703,9871,5070.0,3179,773,9832,10084,4380,0
100000.0,2,2,1,51,1,-2,-2,-2,-2,-1,0.0,0,0,0,0,650,0.0,0,0,0,650,0,1
225000.0,2,4,1,33,2,0,0,0,0,0,140793.6,115140,73730,64600,2500,0,5352.1,3504,3000,0,0,0,0
62500.0,2,1,2,30,1,3,2,2,2,2,33355.2,27069,27324,29561,28952,31307,0.0,1000,3000,0,3000,0,1
37500.0,1,2,2,31,1,-1,-1,2,0,0,0.0,27478,30642,29361,29022,28409,37601.200000000004,4000,0,1000,900,800,0
187500.0,1,2,2,31,0,0,0,0,0,0,173536.8,146446,122634,74711,76532,76452,8710.0,3764,2700,3000,3000,2800,0
287500.0,2,2,1,44,-2,-2,-2,-2,-2,-2,0.0,0,0,0,0,0,0.0,0,0,0,0,0,1
162500.0,1,2,2,34,0,0,0,0,0,0,75036.0,62562,62650,63896,65411,64684,2953.6,2230,2243,2500,3000,4000,0
375000.0,2,2,1,43,-1,-1,-1,-1,0,0,7017.599999999999,24718,45114,16949,9537,0,32133.4,45533,17136,0,0,0,0
200000.0,2,2,2,42,-1,-1,-1,0,0,0,14444.4,5123,2460,6460,5360,0,6659.900000000001,2460,4000,107,0,3960,0
525000.0,1,1,2,37,-2,-2,-2,-2,-2,-1,14073.6,8860,4829,12181,7597,17772,11575.2,4866,12241,7635,17858,10057,0
625000.0,1,1,1,59,0,0,0,0,0,0,591901.2,496315,480411,489978,493062,474301,24342.5,18000,17534,17649,18007,20000,0
75000.0,2,2,3,44,1,-2,-2,-2,-2,-2,0.0,0,0,0,0,0,0.0,0,2000,2000,0,0,0
312500.0,1,2,1,49,0,0,0,0,0,0,305919.6,244433,249882,248013,99071,98928,11380.2,10866,5592,2212,2565,2156,0
62500.0,1,2,2,31,1,-2,-2,-2,-2,-2,0.0,0,0,0,0,0,0.0,0,0,0,0,0,0
100000.0,2,2,1,40,0,0,2,2,2,3,76447.2,66613,69602,70752,74183,72727,7358.0,4688,2900,5200,0,3000,0
375000.0,2,3,1,32,-1,-1,-1,-1,-1,-1,2268.0,1570,390,390,390,390,2041.0,390,390,390,390,1890,0
112500.0,2,2,1,34,0,0,0,0,0,0,16524.0,14024,9232,4173,4408,5846,1978.6000000000001,3010,1500,1500,1500,2000,0
337500.0,2,3,2,35,1,-1,-1,-1,-1,-1,0.0,2900,2000,2000,0,4759,3770.0,2000,2000,0,4759,0,0
175000.0,1,1,2,32,-1,-1,-1,-1,-1,-1,16196.4,15680,3400,3218,16478,4078,20394.4,4000,3218,17000,4500,4448,0
62500.0,1,2,2,29,0,0,0,0,0,0,60723.6,50116,48063,43787,9226,9628,3250.0,2505,2531,530,2000,1000,0
175000.0,1,1,2,40,0,0,0,0,0,0,170542.8,142362,142292,99399,101677,100867,7800.0,6982,3500,3800,3700,4000,0
100000.0,2,3,1,39,2,3,2,2,2,0,94186.8,76697,74847,79620,78257,79953,0.0,0,6000,0,3200,3000,0
625000.0,1,1,1,61,-1,-1,-1,-1,-1,-1,27577.2,97007,32109,56370,36918,35017,126548.5,32189,56436,36918,35017,23547,0
25000.0,2,2,2,28,2,2,2,2,4,3,22194.0,20194,18880,22215,20638,19342,3900.0,0,4613,0,0,0,1
175000.0,2,1,1,44,1,-1,-1,-1,-1,0,0.0,797,190,3260,32617,20506,1036.1000000000001,190,3269,32617,5000,2774,0
187500.0,2,1,1,42,-1,-1,-1,0,0,-1,5744.4,1046,344,1291,1193,1914,1370.2,344,1193,0,3000,0,0
100000.0,2,2,2,29,0,0,0,0,0,0,86859.59999999999,73620,53728,31989,20058,196,4550.0,2354,2027,800,196,184,0
262500.0,2,2,1,41,0,0,0,0,0,0,65660.4,55522,54929,55696,54773,51616,2622.1,1900,1900,1925,1845,1886,0
75000.0,1,2,2,30,-1,-1,0,-1,-1,0,576.0,1675,3630,578,4825,6200,2177.5,2500,578,4825,2000,2435,0
25000.0,2,3,1,41,0,0,2,0,0,0,17786.399999999998,17216,17541,18300,19100,2200,4733.3,900,1200,1000,100,0,1
325000.0,2,5,2,37,0,0,0,0,0,0,203680.8,168207,155963,148701,141039,143838,8538.4,6025,5703,5123,5148,5368,1
250000.0,2,2,1,42,-1,-1,-1,-1,-1,-1,375.59999999999997,0,313,152,148,498,0.0,313,152,148,498,148,0
62500.0,1,2,1,49,0,0,-1,-1,-2,-2,3841.2,0,5701,0,0,0,0.0,5701,0,0,0,0,1
225000.0,1,2,1,50,0,0,0,0,0,0,142930.8,119166,121661,122244,119536,109210,7800.0,6000,5000,4200,3862,3887,0
462500.0,2,1,2,39,0,0,0,0,0,0,247393.19999999998,203907,178625,164483,157497,141493,13000.0,7014,6000,6000,6000,4000,0
125000.0,2,2,2,38,0,0,0,0,0,0,73306.8,81262,59110,70052,84659,57648,39013.0,10047,20000,17000,5000,10000,0
400000.0,1,1,2,37,-1,2,-1,-1,-2,-2,902.4,169,1940,0,0,0,0.0,1948,0,0,0,0,1
562500.0,2,2,1,58,-2,-2,-2,-2,-2,-2,3050.4,2545,1158,1103,110,187,3324.1,1273,1109,0,187,2014,0
287500.0,2,1,2,35,0,0,0,0,0,0,76874.4,56716,30038,22872,22567,21973,6500.0,3000,3616,3000,2000,0,0
275000.0,2,1,2,35,0,0,0,0,0,0,54415.2,42480,37160,29161,20209,22679,2531.1,2000,3776,606,10764,3217,0
200000.0,1,3,2,35,0,0,0,0,0,0,192465.6,175167,127848,96066,93974,40170,184806.7,3592,7317,2312,1637,1074,0
150000.0,2,2,2,32,2,2,2,2,0,0,136024.8,115503,121861,117485,118381,115604,8060.0,10900,0,5000,4800,4505,1
275000.0,1,2,1,54,-1,-1,-1,0,0,0,648.0,1148,20752,19397,19581,25071,1505.4,20752,1051,7120,14928,1177,0
137500.0,2,2,2,38,0,0,0,0,0,0,123834.0,102713,103034,103112,94403,96072,6760.0,3804,4500,3400,3500,7700,1
337500.0,1,2,2,36,0,0,2,2,2,2,25354.8,16616,16911,14692,13907,10660,2206.1,2500,0,1000,0,2000,0
175000.0,2,1,2,32,0,0,0,0,0,0,17996.399999999998,16437,18848,21209,25503,27918,2600.0,3000,3000,5000,3000,10000,0
762500.0,1,1,2,36,0,-1,2,-1,-1,-1,418070.39999999997,322228,319014,347303,248893,269528,419918.2,1605,349395,250144,271099,220076,0
62500.0,1,3,1,51,0,0,0,0,0,0,7279.2,7161,8234,8595,8955,9305,1560.0,1200,500,500,500,500,0
62500.0,1,2,2,54,0,0,0,0,0,0,49965.6,28145,24569,26244,11540,13348,2600.0,2000,2500,1000,2000,1014,0
62500.0,2,3,1,51,0,0,0,0,-2,-2,58556.4,49115,47991,0,0,0,2600.0,1018,0,0,0,0,0
37500.0,1,2,2,30,-2,-2,-2,-2,-2,-2,1003.1999999999999,836,390,390,390,0,1086.8,390,390,390,0,780,0
75000.0,2,2,2,30,0,0,0,0,0,0,9462.0,9244,11082,12133,16891,17615,1950.0,2000,1242,5000,1000,700,1
75000.0,1,3,1,60,-2,-2,-2,-2,-2,-2,0.0,0,0,0,0,0,0.0,0,0,0,0,0,0
62500.0,1,3,1,59,1,2,2,0,0,0,75416.4,60885,56828,55419,54054,53143,2730.0,0,2000,2000,2455,4000,0
187500.0,2,2,1,45,0,0,0,0,0,0,256365.59999999998,190709,168741,170544,146787,149759,10240.1,8069,6708,40502,5706,4860,0
187500.0,1,2,1,39,1,2,2,2,2,2,63230.399999999994,54229,55768,56266,54764,58862,3900.0,3000,2000,0,5000,3000,1
250000.0,2,1,2,35,-2,-2,-2,-1,0,-1,0.0,0,324,3741,1374,2932,0.0,324,3741,0,3118,0,0
212500.0,2,2,1,53,-2,-2,-1,-1,-1,-1,22472.399999999998,64028,107946,13608,110667,6878,86466.90000000001,108323,13608,112876,3998,1118,0
375000.0,2,1,1,44,1,2,-1,-1,-1,-1,7292.4,5806,2994,5338,4714,2362,37.7,3009,5364,4714,2362,4,0
25000.0,2,3,1,45,-1,-1,-1,-1,-1,-1,3535.2,0,390,390,390,390,0.0,390,390,390,390,780,0
250000.0,2,1,1,40,0,0,0,0,-2,-2,24450.0,12588,9571,0,0,0,1415.7,1526,0,0,0,0,0
400000.0,2,1,2,33,-1,-1,-2,-1,-1,-2,14020.8,1127,1943,13312,0,0,1475.5,1952,13375,5,0,0,0
487500.0,2,2,2,38,0,0,0,0,0,0,54981.6,144656,148366,99008,69990,71935,130000.0,6000,3704,2741,3314,2556,0
275000.0,2,2,2,46,0,0,0,0,0,0,38419.2,29052,23115,20354,7438,4887,2605.2000000000003,2009,5004,1000,1000,3000,1
300000.0,2,2,1,44,4,3,2,2,2,2,57286.799999999996,46712,45660,48905,47993,52015,0.0,0,4000,0,5000,2000,1
37500.0,2,3,1,61,0,0,0,0,0,0,35113.2,29960,28316,28966,29542,30163,1950.0,1790,1440,1016,1055,1188,0
37500.0,1,3,2,43,0,0,0,0,0,0,16914.0,15117,16130,16462,16808,17140,1631.5,1268,600,611,612,1000,0
250000.0,2,2,1,51,1,2,2,0,0,2,36939.6,33017,30413,32582,34727,36036,3975.4,0,3000,3000,2002,0,0
187500.0,1,1,2,55,-1,-1,-1,-1,-1,2,994.8,18311,3023,2914,3529,2989,23920.0,3500,3025,3600,0,1600,0
500000.0,1,1,1,49,0,0,0,0,0,0,114862.8,96369,92336,91816,57477,66203,6047.6,3565,2731,10031,16027,25000,0
225000.0,2,1,2,45,-2,-2,-2,-2,-2,-2,0.0,0,1040,258,0,0,0.0,1040,258,0,0,0,0
387500.0,2,2,2,31,0,0,0,0,0,0,48724.799999999996,42926,44209,45472,46739,47895,3900.0,2000,2000,2000,2000,1000,0
137500.0,1,1,2,31,0,0,0,0,0,0,69961.2,57861,47409,47743,45654,26525,2832.7000000000003,2191,1525,18236,1500,2000,0
475000.0,2,1,2,45,0,-1,-1,-1,-1,0,5239.2,2566,4174,0,15011,12990,3335.8,4174,192,16350,2000,55500,1
25000.0,1,3,2,28,0,0,0,0,0,0,12123.6,11139,12106,12349,11420,11641,1566.5,1172,415,404,400,400,0
125000.0,1,3,2,35,0,0,0,0,0,0,56010.0,46567,46638,46454,46262,47823,2340.0,2000,1700,1683,3500,1500,1
125000.0,2,2,2,33,-1,-1,-1,-1,-1,-1,1458.0,1042,1042,1004,1612,622,1354.6000000000001,1042,1004,1650,622,622,1
562500.0,1,2,2,38,-2,-2,-2,-2,-2,-2,0.0,2568,0,0,0,113,3356.6,0,0,0,500,2515,0
62500.0,1,2,1,43,0,0,0,0,0,0,16705.2,14800,16394,6198,7717,7722,1950.0,2000,1091,2000,500,500,0
362500.0,1,1,1,48,0,0,0,0,0,0,353370.0,295310,290951,237255,241778,236917,15627.300000000001,11212,8503,9047,9003,10014,0
187500.0,1,2,2,27,-1,0,0,0,0,0,99349.2,82533,77002,45340,36352,36499,4143.1,2381,1579,1265,1584,597,0
62500.0,2,2,2,29,2,0,0,0,0,0,58428.0,48384,49450,49706,9472,9671,2701.4,2144,1400,339,352,500,1
287500.0,1,2,1,39,0,0,0,0,0,0,158264.4,133440,134272,136281,138687,118873,6506.5,5007,5000,5008,5000,4005,0
500000.0,1,3,1,62,-1,0,0,-1,0,0,20703.6,161057,192054,20660,18242,15609,208002.6,42263,20663,6020,3500,1003,0
450000.0,2,1,1,45,2,2,2,0,0,0,126200.4,115468,112157,114690,117845,120238,15600.0,0,5900,5000,4500,4700,1
25000.0,2,2,1,54,0,0,0,0,0,0,16273.199999999999,14573,15290,16300,16624,16974,2005.9,1260,1270,594,617,1425,1
237500.0,2,1,2,38,1,2,0,0,0,0,138067.19999999998,108137,89722,69861,49894,49727,0.0,4413,2942,2000,1583,1500,0
262500.0,1,1,2,34,-2,-2,-2,-2,-2,-2,0.0,0,1865,0,0,3677,0.0,1865,0,0,3680,0,0
50000.0,2,1,2,29,-1,2,-1,-1,0,-1,936.0,390,390,780,390,150,0.0,390,780,0,150,780,1
87500.0,2,2,2,28,1,2,0,0,0,-1,86767.2,70543,63061,61520,63080,2900,5.2,2407,2041,2387,2905,72697,0
325000.0,1,1,1,43,0,0,0,0,0,0,112982.4,91774,89485,85906,83619,81260,5395.0,4153,2913,3012,3088,3033,0
350000.0,1,3,1,50,-2,-2,-2,-2,-2,-2,17391.6,1589,0,1420,8036,12863,2074.8,0,1427,8076,12927,0,0
575000.0,2,2,2,40,0,0,0,0,0,0,539748.0,450047,453770,396600,392879,398478,22893.0,17500,13810,14100,14520,15000,0
362500.0,1,2,1,55,1,-2,-2,-2,-2,-2,0.0,0,0,0,0,0,0.0,0,0,0,0,0,0
62500.0,2,1,1,34,0,0,0,0,0,0,35662.799999999996,30754,31939,33102,33918,35197,2359.5,2000,2000,1500,2000,1500,0
62500.0,1,2,1,26,-1,0,0,0,0,0,56742.0,47807,48371,48629,49410,49568,2740.4,2062,1710,1923,1512,1000,0
225000.0,2,1,2,33,0,0,0,0,0,0,157208.4,131632,136239,138116,135246,130436,6500.0,7000,6500,5000,5000,5000,0
437500.0,2,2,1,37,-2,-2,-1,0,0,0,23564.399999999998,239770,8111,198877,191248,183157,314921.10000000003,8111,198748,7000,6509,7022,0
625000.0,1,1,1,45,2,2,2,0,0,2,320539.2,271396,265433,270868,285667,290318,13130.0,0,9932,19502,9600,10031,1
475000.0,1,2,2,42,-1,-1,-1,-1,-1,0,2762.4,7281,2686,2281,5760,9239,9750.0,2700,2300,6000,6000,3000,0
250000.0,2,3,2,36,0,0,2,2,2,2,200829.6,175635,174261,179026,181658,185523,14300.0,3000,7001,5000,6200,10007,0
150000.0,1,2,1,53,-1,-1,-1,-1,-1,-1,16252.8,2671,14940,41990,1493,36186,3900.0,15928,43000,1493,36200,27277,0
137500.0,1,2,2,32,0,0,0,0,0,0,128806.79999999999,109029,106974,97327,60454,59062,5034.900000000001,5051,3645,1984,3000,2356,0
25000.0,1,2,1,46,2,2,3,2,2,2,20655.6,19041,18449,17857,18735,19277,3120.0,0,0,1320,1000,0,1
425000.0,1,1,2,38,-1,-1,-1,-1,0,-1,10112.4,10289,9452,22630,8819,9327,13390.0,9461,22676,8007,9336,32776,0
137500.0,2,2,1,40,-1,-1,-1,0,0,-1,1494.0,1245,1490,2490,1245,2675,1618.5,1490,2245,0,2675,0,0
250000.0,2,3,1,54,-1,2,2,2,0,0,62926.799999999996,51040,56205,54723,58657,59983,0.0,6000,0,5000,2286,3000,1
37500.0,2,2,2,27,3,2,0,0,2,2,36093.6,28639,26017,27790,27209,30508,113.10000000000001,2002,3200,0,3926,0,0
150000.0,2,2,2,34,0,0,0,0,0,0,137445.6,117171,115941,116877,117359,117029,7800.0,5500,4160,4120,4250,4380,0
100000.0,2,3,1,35,2,2,2,2,2,2,50024.4,42719,43018,44013,45058,46068,2600.0,1300,2000,1900,1900,0,1
137500.0,1,1,2,31,0,0,0,0,0,0,133110.0,110909,111851,153551,75749,77217,7289.1,4400,2683,5466,5000,2000,0
225000.0,2,2,2,39,0,0,0,0,0,0,217662.0,170946,171079,126724,125786,127419,10652.2,8500,4600,5000,4600,5000,1
75000.0,1,3,1,55,0,0,0,0,0,0,71643.59999999999,59837,48187,42658,40587,40605,2661.1,2168,1642,1563,1600,1486,0
350000.0,2,3,2,40,0,0,-1,0,0,0,6859.2,0,105082,105908,98380,93649,0.0,105082,4172,3408,3489,5295,0
137500.0,1,3,2,41,-1,-1,-1,-2,-2,-2,3010.7999999999997,1260,0,0,0,0,1638.0,0,0,0,0,0,1
562500.0,1,1,1,42,1,2,0,0,0,0,464630.39999999997,379442,387398,395655,403568,418182,0.0,14062,14700,14500,21077,12575,1
287500.0,2,2,1,34,0,0,0,0,0,0,36981.6,31209,32211,31647,34304,36849,2600.0,2000,1113,5000,5000,2000,0
275000.0,2,1,2,36,0,0,0,0,0,0,149137.19999999998,84575,93180,99097,106391,97337,13000.0,10000,8000,10000,10000,12097,0
62500.0,2,2,1,56,0,0,2,2,3,2,53596.799999999996,48028,46985,50484,50404,50241,5343.0,0,4600,1000,2000,0,0
25000.0,2,2,1,52,0,-1,-1,-1,-1,0,1611.6,1547,1539,1066,18187,18212,2011.1000000000001,1539,1066,18660,771,1000,0
187500.0,2,1,2,36,2,2,2,2,2,0,21471.6,20669,20050,24701,24006,26599,4420.0,0,5000,0,3000,3000,1
25000.0,1,3,2,37,0,0,2,2,2,0,4412.4,6002,5758,12619,12274,15049,3120.0,0,7000,0,3000,4000,1
212500.0,2,1,2,41,-1,-1,2,-1,-1,-1,297.59999999999997,832,416,2304,323,0,1840.8,0,2304,0,0,0,0
200000.0,2,2,2,30,-1,-1,-1,-1,-1,-1,25884.0,7501,10703,12448,2129,24461,9808.5,10841,12448,2141,24603,16897,0
62500.0,1,2,2,40,3,2,2,2,2,-1,180.0,150,150,150,150,805,0.0,0,0,0,805,43340,0
287500.0,2,1,1,47,1,-2,-2,-2,-2,-2,7304.4,16041,29977,5608,0,0,20865.0,29989,5608,0,0,0,0
12500.0,1,2,2,37,2,0,0,0,0,0,11158.8,9576,9028,9644,9790,9990,1471.6000000000001,1384,1000,196,200,0,0
262500.0,2,1,2,38,-2,-2,-2,-2,-2,-2,2067.6,0,0,0,0,0,0.0,0,0,0,0,0,0
250000.0,2,1,1,44,0,0,0,0,0,0,231794.4,191772,174199,173102,152178,129082,9482.2,5443,6000,5500,5000,5000,0
225000.0,2,2,2,36,-2,-2,-2,-2,-2,-2,0.0,2813,12937,50500,0,0,3656.9,12937,50500,0,0,0,0
62500.0,2,2,2,29,0,0,0,0,0,0,60778.799999999996,50607,49903,41083,29635,30261,2476.5,1801,1468,1043,1085,1193,0
200000.0,2,1,2,35,1,2,2,2,2,0,181524.0,153276,155301,155152,144602,148199,7800.0,6085,12534,0,6000,6000,0
25000.0,1,3,2,29,0,0,0,0,2,2,16164.0,14748,15761,17497,17075,19777,1950.0,1264,2000,0,3000,0,1
100000.0,1,2,2,31,1,2,2,2,0,0,92866.8,75585,80300,75724,77504,79715,0.0,6000,0,3000,3500,3000,0
100000.0,2,2,1,32,0,0,0,0,0,0,96789.59999999999,70963,73411,75331,55011,56271,4940.0,3600,3200,2000,2100,3001,0
350000.0,1,2,2,35,-1,-1,-1,-1,-1,-1,781.1999999999999,1650,651,651,651,651,2145.0,651,651,651,651,0,0
362500.0,2,3,1,54,0,0,-2,-1,0,-1,63472.799999999996,0,0,44777,26201,2780,28028.0,0,44777,0,5560,6420,0
25000.0,2,1,2,29,2,2,0,0,0,2,17700.0,14229,16438,16770,17995,17556,0.0,2773,605,1500,0,1456,1
350000.0,2,3,2,43,-1,-1,-1,-1,0,0,7789.2,0,8413,19825,22085,12316,5253.3,16830,19862,12098,19,7428,0
175000.0,2,1,2,48,1,2,0,0,0,0,177072.0,142435,142096,136836,139417,141889,3.9000000000000004,5000,5000,5100,10200,5000,0
625000.0,2,1,2,42,0,0,0,0,0,0,97015.2,74776,73558,71055,61248,40737,3941.6,3200,1946,1734,2000,4128,0
25000.0,2,3,1,44,2,3,2,2,3,2,18368.399999999998,14769,15232,16677,16119,16548,0.0,1000,2000,0,1000,1000,1
450000.0,2,3,2,35,-1,0,0,-1,0,0,14179.199999999999,19726,26374,9781,8719,18076,13000.0,13021,9781,0,10000,8752,0
325000.0,2,1,2,32,-1,-1,-1,-1,0,-1,478.79999999999995,399,399,798,399,399,518.7,399,798,0,399,399,0
262500.0,2,2,1,38,-1,-1,-1,-2,-2,-2,2365.2,748,0,0,0,0,1068.6000000000001,0,0,0,0,0,1
62500.0,1,1,2,54,0,0,0,0,0,0,58752.0,49686,50723,9182,10025,10400,2931.5,2292,1157,1000,600,0,0
375000.0,1,3,1,42,-1,-1,-1,-1,-1,-1,5911.2,2847,3351,1961,4409,2503,3711.5,3357,1965,4419,2509,1139,0
212500.0,1,2,2,39,0,0,0,0,0,0,135924.0,112012,114535,115448,117426,115675,7800.0,6000,4106,4312,5097,3800,0
87500.0,2,2,2,28,2,0,0,0,2,0,82888.8,70811,67397,50126,47604,43429,3737.5,2327,3533,0,1367,1322,1
62500.0,2,3,1,57,3,2,0,0,0,0,59440.799999999996,48061,48807,49347,17524,17497,0.0,2200,2100,606,624,622,0
162500.0,2,2,2,38,0,0,0,0,0,0,130780.79999999999,106533,104394,103798,82816,78727,4907.5,3988,6000,3784,3010,3200,0
25000.0,2,2,1,47,0,0,0,0,0,0,19872.0,17278,18289,18653,19195,19580,1680.9,1304,668,843,853,790,1
350000.0,2,2,2,48,0,0,0,0,0,0,328242.0,280598,141996,131471,134963,139471,15600.0,7300,5000,6000,7000,6000,0
500000.0,2,2,1,54,-2,-2,-2,-2,-2,-2,466.79999999999995,389,389,320,14185,389,507.0,390,321,14255,390,390,0
250000.0,1,1,2,43,0,0,0,2,2,2,216583.19999999998,183076,195535,190960,202139,194326,9100.0,15500,0,14184,0,6700,0
37500.0,2,2,3,59,1,-2,-2,-2,-1,0,0.0,0,0,0,20363,20819,0.0,0,0,20363,784,4000,0
462500.0,1,1,2,36,0,0,0,0,0,0,42726.0,39837,41576,44178,47838,54341,6500.0,3000,5000,5000,8000,10000,0
187500.0,1,2,1,63,-2,-2,-2,-2,-2,-2,5367.599999999999,3273,2473,1473,1473,1473,4254.900000000001,2473,1473,1473,1473,1473,0
137500.0,1,3,2,37,0,-1,-1,-2,-2,-2,40800.0,223,0,0,0,0,289.90000000000003,0,0,0,0,0,1
150000.0,1,2,1,48,0,0,0,0,0,0,39757.2,33121,32222,32877,30587,25938,2600.0,1500,1000,1000,2000,1000,0
62500.0,1,2,2,47,1,-2,-2,-2,-2,-2,0.0,0,0,0,0,0,0.0,4,700,0,0,2300,0
462500.0,1,1,2,57,0,0,0,0,0,0,290558.39999999997,130404,65225,41922,37565,28830,7280.0,3000,2000,3000,500,4019,0
25000.0,2,2,2,57,0,0,0,0,0,0,22382.399999999998,18506,18849,19917,19087,19588,1690.0,1500,1500,500,1380,385,0
187500.0,1,1,1,34,-1,-1,-1,0,0,-2,56094.0,20853,90787,11232,0,0,27293.5,91269,56,0,0,0,0
125000.0,1,2,2,34,0,0,-1,-1,-1,-1,61419.6,0,1261,1044,0,522,0.0,4000,1044,0,2000,2000,0
100000.0,2,1,2,33,1,2,2,2,2,2,64249.2,54694,55297,55788,57146,58351,3380.0,2100,2000,2400,2300,2315,0
375000.0,1,3,1,50,-1,-1,-1,2,-1,0,1003.1999999999999,390,780,390,780,780,507.0,780,0,780,0,0,0
62500.0,1,2,1,43,0,0,0,0,0,0,27142.8,19055,20161,20553,18933,18855,2600.0,2000,1000,1000,1000,2000,0
62500.0,2,1,2,29,0,0,0,0,0,0,59978.399999999994,49650,48321,30281,30380,28852,2551.9,1739,1033,1058,1041,1007,0
125000.0,2,1,1,44,-1,-1,-1,-1,-1,-1,35338.799999999996,55139,34181,12592,71340,32453,71680.7,34181,12592,71340,32453,37035,0
100000.0,1,2,1,44,2,0,0,0,0,0,71998.8,61205,62620,63870,64114,65932,3640.0,3000,2901,2500,3000,5202,1
125000.0,2,2,2,36,2,2,2,2,2,2,49262.4,42081,41131,43637,42635,45440,2600.0,0,3500,0,3500,2000,1
125000.0,1,2,2,34,2,0,0,0,0,2,52237.2,45103,45779,46912,49715,48791,3380.0,2200,2200,3900,0,6100,1
87500.0,2,1,2,37,2,0,0,0,0,0,41568.0,35757,37175,38254,39017,39834,2600.0,2000,1700,1400,1446,1500,1
312500.0,2,1,1,40,0,0,0,0,0,0,105758.4,81826,71488,69145,68680,70047,4550.0,3070,2372,2413,2428,2507,0
450000.0,2,1,2,31,-2,-2,-2,-1,0,0,0.0,0,0,23707,25233,23504,0.0,0,23707,2000,3391,4217,0
450000.0,2,1,2,36,-2,-2,-2,-2,-2,-2,15025.199999999999,18746,47535,186,38169,2665,24495.9,48271,187,38359,2678,6169,0
275000.0,2,2,2,33,0,0,0,2,0,0,113173.2,95967,97995,97577,98583,99708,5614.7,5419,3000,3501,3629,7442,0
300000.0,2,1,2,32,1,2,0,0,0,0,25512.0,20643,38552,18580,12773,5423,0.0,19000,437,1000,1000,5503,0
187500.0,2,1,1,43,0,0,0,0,-1,-1,131092.8,96560,86565,85069,508,0,4557.8,5000,5003,508,0,0,0
362500.0,2,1,2,30,-1,-1,-1,0,0,0,13322.4,9327,22149,23737,13449,17963,12165.4,22149,20000,3449,7000,11041,0
12500.0,1,2,2,51,0,0,0,0,0,0,10639.199999999999,9844,9319,18202,9287,0,1485.9,1218,1000,372,0,0,0
225000.0,1,2,1,33,0,0,0,0,2,0,178482.0,150771,156334,165696,165582,168952,7800.0,8000,13500,4110,6200,13600,0
125000.0,2,2,2,47,0,0,0,0,0,0,140956.8,81625,81815,78927,77418,74657,3850.6,2986,2807,2686,2767,2909,1
125000.0,1,2,1,49,0,0,2,0,0,-1,13342.8,12376,4419,2946,1473,3230,3900.0,0,0,0,3230,0,0
562500.0,2,1,2,33,-1,-1,-1,-1,-1,-1,129.6,0,14276,1346,1448,4005,0.0,14500,1346,1448,4005,166,0
62500.0,2,3,2,53,0,0,0,0,0,0,54195.6,25870,28027,28007,28770,28929,1950.0,3000,1200,1200,1162,1000,0
212500.0,2,5,1,44,-1,-1,-1,-1,0,0,2163.6,217,10121,12180,15667,9224,283.40000000000003,10121,12180,5011,0,265,0
37500.0,2,2,2,28,0,0,0,0,0,0,29528.399999999998,24430,23881,24234,24853,7814,2210.0,1600,1287,1296,500,1550,0
300000.0,2,2,2,40,0,0,0,0,0,0,272948.39999999997,232729,223431,226361,223508,238587,11700.0,10000,8000,9000,19000,9000,0
62500.0,2,1,2,33,-1,-1,-1,-1,-1,-1,3511.2,1252,435,1309,589,1210,1630.2,435,1309,589,1210,1065,0
625000.0,2,1,1,44,-2,-2,-2,-2,-2,-2,5302.8,2584,4524,3518,2208,2550,3359.2000000000003,4524,3518,2208,2550,5953,0
275000.0,2,3,1,43,-1,-1,-1,-1,-1,-1,24000.0,3450,5516,47619,28800,8561,4485.0,5549,50019,28800,8561,16599,0
375000.0,2,1,2,39,-1,-1,-1,-1,-1,-1,23228.399999999998,5000,3744,8059,3425,11860,6541.6,3744,8059,3425,11860,7595,0
150000.0,2,2,1,30,0,0,0,0,0,0,84338.4,71463,60364,70420,62549,47683,5200.0,3000,11299,1943,2000,1684,0
100000.0,2,1,2,30,-1,-1,-1,-2,-1,-1,212.4,1200,0,0,7240,0,1560.0,0,0,7240,0,0,0
187500.0,2,3,2,35,-2,-2,-2,-2,-2,-2,547.1999999999999,9664,3420,2527,0,0,12563.2,3420,2612,0,0,0,1
62500.0,1,1,2,47,-1,-1,0,0,0,0,15301.199999999999,19660,14659,14951,14195,14471,29458.0,1300,519,518,515,528,0
125000.0,1,2,1,51,0,0,-1,-1,-1,-2,72958.8,10095,1494,2200,0,0,2646.8,1504,2506,0,0,0,0
75000.0,1,2,1,61,0,0,0,0,0,0,31612.8,26382,27046,27187,27372,27549,1879.8,1500,960,1000,1027,860,1
62500.0,1,2,1,30,0,0,0,0,0,0,51910.799999999996,35307,23096,18970,19514,20038,1826.5,1366,1000,1000,1000,600,0
37500.0,2,1,1,54,-2,-2,-2,-2,-2,-2,4008.0,0,1220,480,0,174,0.0,1220,480,0,174,1162,0
450000.0,1,1,2,34,0,0,0,0,0,0,131996.4,205119,209680,213527,174907,126309,130000.0,8270,8423,6753,5139,5000,0
300000.0,2,1,1,34,0,0,0,-1,0,0,50307.6,21409,17833,194043,194991,192800,2312.7000000000003,1000,194043,6530,7000,7000,0
25000.0,2,2,1,42,0,0,2,0,0,0,20940.0,20358,19722,19616,19228,19878,4160.0,0,830,750,1000,282,1
37500.0,2,3,1,67,0,0,0,0,0,0,22275.6,19647,20725,21774,22114,22607,2210.0,1700,1700,1000,1000,2000,1
37500.0,2,2,2,29,2,2,0,0,0,0,33544.799999999996,27226,28427,28752,28447,24552,0.0,2000,1000,1100,1500,1000,0
25000.0,1,2,1,42,3,2,0,0,0,0,24400.8,18555,3455,4359,4448,4704,0.0,1096,1000,89,256,0,0
250000.0,2,2,1,39,-1,0,0,0,0,0,8725.199999999999,9133,10972,12757,13069,13334,2600.0,2000,2003,1008,2029,1000,0
162500.0,2,4,2,33,0,0,0,0,0,0,43329.6,34256,36357,37878,39489,41833,3900.0,3000,2500,3000,3000,2000,0
275000.0,2,1,1,44,-1,-1,-1,-1,-1,-1,2810.4,1120,5707,2021,15441,7661,1458.6000000000001,5738,2041,15516,7697,2916,0
100000.0,2,2,1,27,2,2,2,2,2,-2,94831.2,81521,83628,152452,0,0,5720.0,4001,12,0,0,0,1
200000.0,1,2,2,29,0,0,0,0,0,0,93405.59999999999,76054,73992,73246,71321,141494,4290.0,3275,3000,3000,3000,3500,0
162500.0,2,2,1,38,0,0,0,0,0,0,160153.19999999998,133393,132211,101807,101083,101597,9113.0,6657,3899,3952,3900,4000,0
387500.0,2,2,2,36,0,0,0,0,0,0,376747.2,314859,307371,299501,217763,217659,14300.0,12500,11000,6600,7000,7493,1
300000.0,1,2,1,50,0,0,0,0,0,0,285441.6,242260,101542,30284,168674,171825,11611.6,4707,1862,140061,5262,5300,0
175000.0,2,2,1,47,0,0,0,0,0,0,133795.19999999998,112133,69529,70804,70781,66735,7828.6,3021,5012,5112,3000,5000,1
62500.0,1,2,2,31,1,5,4,8,7,6,58177.2,47426,56623,55815,55033,53625,0.0,10000,0,0,0,0,0
150000.0,2,2,1,43,-1,-1,-1,-1,-1,-1,4920.0,7270,820,820,2870,970,9451.0,820,820,2870,970,820,0
37500.0,2,3,3,66,2,2,0,0,0,0,29343.6,23212,23964,24434,21340,5624,0.0,1522,1200,428,112,0,0
387500.0,1,1,2,33,0,0,0,0,0,0,184344.0,147023,127390,129886,130676,127738,8583.9,4600,4507,4027,4025,4018,0
625000.0,2,3,2,34,0,0,0,0,0,0,132781.19999999998,94609,95607,95276,90310,91229,3906.5,3027,6024,3003,2334,4087,0
250000.0,1,1,2,40,-1,-1,-1,-1,-1,-1,8914.8,24325,40258,15103,14079,20878,31622.5,40265,15159,14079,20878,26716,0
175000.0,1,2,1,43,2,2,2,2,2,2,64556.399999999994,55007,56128,56713,55796,56251,3510.0,2600,2100,600,1500,4545,1
187500.0,1,2,2,36,-2,-1,-1,-1,-1,-2,0.0,648,0,1448,0,0,842.4,0,1448,0,0,3632,0
337500.0,2,2,2,44,-2,-2,-2,-2,-2,-2,3687.6,1816,1163,1582,0,1320,2360.8,1163,1582,0,1320,717,0
150000.0,1,1,1,42,0,0,0,0,0,0,81994.8,72212,79334,80531,80944,78771,6500.0,9000,3000,3100,3000,3000,0
87500.0,1,2,2,35,1,-1,0,0,0,0,0.0,11609,13411,14470,18070,15000,15091.7,2000,1400,5000,300,4220,0
450000.0,2,2,1,66,2,0,0,0,0,0,423811.2,353782,303494,260113,263229,268446,18029.7,11644,12307,9474,9662,9794,1
100000.0,1,3,1,60,0,0,0,0,0,0,99080.4,84221,80041,19000,15178,14717,4057.3,8443,1582,548,531,479,0
87500.0,1,2,2,50,1,2,2,2,2,0,11673.6,9423,12251,12358,11865,11975,0.0,3000,600,0,450,500,0
187500.0,1,1,2,38,0,0,0,0,0,0,32665.199999999997,27897,25304,21894,18452,28191,6500.0,1715,1200,625,10000,1000,0
162500.0,1,2,1,44,3,2,-1,-1,-1,0,156982.8,124946,10212,2486,5170,6823,0.0,10252,2486,5170,3039,2386,0
112500.0,1,3,1,36,0,0,0,0,0,0,81331.2,68476,68485,67000,45837,49959,5229.900000000001,4017,4000,4000,5000,4000,0
62500.0,1,1,2,54,0,0,0,0,0,0,30332.399999999998,27209,23740,19448,19594,19762,3900.0,3014,684,1000,713,677,0
437500.0,2,1,1,48,-2,-2,-2,-2,-2,-1,0.0,0,0,0,0,1146,0.0,0,0,0,1146,54269,0
262500.0,2,1,1,41,1,-1,-1,-1,-1,-1,0.0,1690,0,5619,4090,581,2197.0,0,5619,4090,581,0,0
25000.0,2,2,2,51,1,2,2,2,0,0,19951.2,16071,19205,19712,19249,38900,0.0,3473,1000,727,1100,1100,1
62500.0,2,2,1,52,0,0,3,2,2,0,11438.4,14023,13513,14388,13862,14149,6500.0,0,1400,0,659,664,0
37500.0,1,1,1,42,0,0,0,0,0,0,34924.799999999996,30606,30416,28165,28654,29083,2600.0,2000,2003,2000,1000,402,1
250000.0,1,2,1,41,1,-2,-2,-2,-2,-2,0.0,0,0,0,0,0,0.0,0,0,0,0,0,1
312500.0,2,2,1,80,0,-1,-1,-1,-1,-1,63448.799999999996,1631,1536,1010,5572,794,2120.3,1536,1010,5572,794,1184,0
200000.0,1,2,2,35,0,-1,-1,0,-1,-1,3264.0,1280,5850,150,1240,0,1664.0,5850,0,1240,0,0,0
237500.0,2,1,1,36,-1,3,2,-1,-1,-1,9745.199999999999,6523,750,14724,919,0,0.0,0,14724,0,0,25000,0
437500.0,2,1,2,37,0,0,0,0,2,0,312091.2,265242,271726,295642,283684,282575,12351.300000000001,10766,29060,55,10104,9324,0
125000.0,2,2,1,28,0,0,0,0,0,0,7900.799999999999,7560,4470,1490,542,679,3250.0,1193,1000,0,400,842,0
187500.0,1,1,2,38,-1,2,-1,-1,0,-1,7375.2,891,8969,6027,5132,1461,0.0,8969,6027,0,1461,50289,0
25000.0,1,2,2,54,0,0,0,0,-1,-1,22933.2,18936,18588,19260,1500,0,1671.8,1328,1000,1500,0,0,0
37500.0,2,2,2,31,0,0,0,2,0,0,32851.2,27639,27788,25484,25707,25797,1950.0,3608,0,1000,1100,2200,0
50000.0,2,2,2,31,0,0,2,0,0,0,44907.6,40742,38582,39478,39620,38687,5157.1,0,1858,1500,5000,1605,0
62500.0,1,3,1,56,1,2,0,0,0,0,57709.2,47028,46672,28478,29074,29671,1.3,2213,1019,1055,1080,1245,1
37500.0,2,2,1,30,1,2,0,0,0,0,36416.4,28517,29709,29833,29306,29348,0.0,1800,1000,1041,1138,932,0
237500.0,2,3,2,51,0,0,0,0,0,0,149094.0,126722,129376,132016,134632,137470,5896.8,4696,4791,4811,5000,5033,0
125000.0,2,2,2,36,0,0,0,0,0,0,121749.59999999999,101207,101421,101111,101384,101358,4940.0,4000,3602,3719,3700,7800,1
62500.0,2,1,2,28,0,0,0,0,0,0,57676.799999999996,49362,48038,8760,9646,7747,2718.3,1310,1000,1000,277,296,1
25000.0,1,2,1,36,-1,-1,-1,-1,-1,-1,1886.3999999999999,1386,999,2640,1000,0,1801.8,1003,2640,1000,0,0,0
25000.0,1,2,1,27,0,0,0,0,0,0,23227.2,19754,20279,19887,19887,0,1930.5,1400,398,0,0,0,0
175000.0,2,3,1,51,0,0,0,0,0,0,81690.0,69972,71805,73613,75426,77169,3900.0,3000,3000,3000,3000,5000,0
187500.0,1,1,2,29,-1,-1,-1,-1,-1,-1,1260.0,3258,3664,1461,2348,3626,4235.400000000001,3735,1461,2348,3626,3089,0
325000.0,1,1,2,35,-1,-1,-1,-1,-1,-1,2331.6,855,7288,1055,710,755,1111.5,7288,1055,710,755,955,0
87500.0,2,2,2,45,2,0,0,0,0,0,77692.8,66030,67450,68587,57710,58918,3069.3,2482,2293,2063,2135,2188,1
212500.0,2,3,2,38,0,0,0,0,0,0,199617.6,162319,165592,167482,171106,164042,9560.2,7464,6127,6550,6100,10000,0
250000.0,1,1,2,34,-1,-1,-1,-1,-1,-1,118.8,99,99,99,99,348,128.70000000000002,99,99,99,348,0,0
37500.0,1,3,1,54,2,2,2,2,2,2,31611.6,27127,26393,29646,30390,29755,1950.0,0,3712,1363,0,1141,0
62500.0,2,1,2,27,0,0,0,0,0,0,9600.0,6881,8127,8763,8956,4224,1453.4,1364,1000,193,89,54,0
100000.0,2,2,2,57,0,0,0,0,0,0,106582.8,77304,79545,55119,45630,45630,3887.0,3714,1500,1000,0,0,0
287500.0,1,1,1,43,-2,-2,-2,-2,-2,-2,9484.8,860,0,0,0,0,1123.2,0,0,0,0,0,0
37500.0,2,2,1,30,2,2,2,2,2,2,34519.2,27183,30023,29243,31262,30327,0.0,3600,0,2800,0,1080,1
175000.0,2,1,2,39,-1,-1,-2,-2,-1,0,1800.0,0,0,0,6400,11400,0.0,0,0,6400,5000,1000,0
387500.0,2,2,1,45,0,0,0,0,0,0,216270.0,85799,103459,80237,74627,52057,13000.0,20000,10000,6000,5000,5000,0
562500.0,2,1,1,38,-2,-2,-2,-2,-2,-2,0.0,0,0,0,0,0,0.0,0,0,0,0,0,0
300000.0,1,2,2,35,-2,-2,-2,-2,-2,-2,16786.8,7976,2088,7795,1335,2928,10368.800000000001,2088,7795,1335,2928,4319,0
250000.0,2,3,1,59,0,0,0,0,0,0,137571.6,115828,116585,116005,118334,117902,7800.0,4200,4252,4300,4500,4000,0
312500.0,2,5,1,38,0,0,0,0,0,0,253300.8,211577,202346,203132,201230,199820,9014.2,7000,8975,7043,8000,10000,0
225000.0,1,3,1,63,2,2,2,2,2,2,43303.2,37196,36322,38808,39474,40297,2600.0,0,3405,1600,1600,1700,1
137500.0,1,2,2,31,2,2,2,2,2,2,69734.4,56620,60732,61938,63097,64492,0.0,5700,2800,2300,2600,2300,1
300000.0,1,2,1,39,0,0,0,0,0,0,291366.0,237854,240535,242770,191520,173461,13000.0,11000,9248,8005,8000,8000,0
100000.0,2,1,2,31,-1,-1,-1,0,-1,-1,799.1999999999999,666,1332,666,666,416,865.8000000000001,1332,0,666,416,416,1
37500.0,2,2,1,28,2,0,0,0,0,0,33596.4,26049,27222,27729,28437,25336,2340.0,1900,1330,1038,1128,5000,0
250000.0,2,3,1,54,2,-1,2,2,2,0,684.0,52439,51040,56205,54723,58657,68170.7,0,6000,0,5000,2286,1
450000.0,2,1,1,37,-1,-1,-2,-2,-2,-2,3000.0,0,0,0,0,0,0.0,0,0,0,0,0,0
187500.0,2,2,2,46,-1,-1,-1,-1,-1,-1,379.2,316,316,316,466,8057,410.8,316,316,466,8057,316,0
112500.0,1,3,1,60,0,0,0,0,0,0,36946.799999999996,31791,32827,33877,35311,36738,1968.2,1550,1600,2000,2000,2500,0
137500.0,2,2,2,33,0,0,0,-1,-1,-1,12057.6,8311,3404,407,1250,88628,2600.0,3000,410,1250,89035,3491,0
450000.0,1,2,1,32,3,2,2,0,0,0,294162.0,244583,156843,63861,64437,8844,10400.0,0,2700,3000,1000,1072,1
362500.0,2,2,2,34,0,0,0,0,0,0,8788.8,8174,8389,8770,9145,10016,1469.0,1502,1300,500,1000,1001,0
37500.0,2,2,2,31,0,0,0,0,0,0,32532.0,27460,29710,29452,11124,0,1891.5,3623,2000,1038,0,0,1
62500.0,1,3,2,41,0,0,0,0,-2,-2,57493.2,48418,7000,0,0,0,2815.8,1000,0,0,0,0,0
300000.0,2,1,1,63,-1,-1,-1,-1,-1,-1,8660.4,8204,3001,6861,4681,2729,10673.0,3001,6866,4681,2729,3138,0
112500.0,2,1,2,32,-1,-1,-2,-2,-2,-2,3600.0,0,0,0,0,0,0.0,0,0,0,0,0,0
287500.0,2,2,1,39,-2,-2,-2,-2,-2,-2,2794.7999999999997,1894,2528,1865,1496,1873,2462.2000000000003,2532,1865,1496,1873,0,0
200000.0,2,3,2,31,-1,-1,-1,-1,-1,-1,468.0,390,390,390,390,390,507.0,390,390,390,390,390,0
275000.0,2,2,1,31,0,0,0,0,0,0,81708.0,58218,47679,37788,23293,7288,5250.7,3021,1400,3000,2000,100000,0
262500.0,2,1,2,36,0,0,0,0,0,0,219001.19999999998,187796,190227,127436,129714,131440,11700.0,8000,5000,5000,5000,5000,0
162500.0,1,2,2,34,1,2,2,2,2,2,106519.2,91466,93182,90851,96576,98452,6500.0,4000,0,7200,3500,3600,1
112500.0,2,2,1,41,0,0,0,0,0,0,107170.8,88544,88888,48534,49874,32078,6500.0,3500,2000,2100,1000,1000,0
62500.0,2,2,2,38,1,2,2,0,0,0,59540.399999999994,50352,49243,49819,19324,20103,2356.9,0,2169,702,1101,529,0
625000.0,2,2,1,36,1,-1,-1,-1,0,0,0.0,5377,4131,44588,44388,5085,6990.1,4131,44588,0,0,3148,0
162500.0,1,2,2,32,0,0,0,-2,-2,-2,110451.59999999999,61650,0,0,0,0,3705.0,0,0,0,0,0,0
25000.0,2,2,2,31,2,2,0,0,0,0,20841.6,16801,17789,17419,17628,18125,0.0,1281,771,640,790,761,0
125000.0,1,2,1,57,1,2,2,2,2,2,18504.0,16927,16432,18019,17501,18786,2600.0,0,2100,0,1500,0,0
62500.0,1,3,1,52,-1,0,-1,-1,0,0,3408.0,2522,5500,21709,21056,20061,1300.0,5500,21709,916,1161,1884,0
25000.0,2,2,2,30,2,2,2,0,0,0,20307.6,20319,19543,19534,19320,12442,5200.0,0,391,386,249,0,0
200000.0,2,2,2,41,-2,-2,-1,-1,-1,-1,3590.4,1300,8899,6257,0,12151,1690.0,12038,10696,613,14262,0,0
625000.0,1,1,2,39,0,0,0,0,0,0,593227.2,488578,488166,485249,441981,424592,22669.4,18852,16673,15244,15216,16037,0
212500.0,1,1,2,53,2,2,7,7,7,7,2880.0,2400,2400,2400,2400,2400,0.0,0,0,0,0,0,0
362500.0,2,2,1,37,0,0,0,0,0,0,202929.6,170419,142264,101952,103174,105464,9253.4,5800,3792,4010,4276,3655,0
12500.0,1,3,2,39,0,0,0,0,0,0,10575.6,8464,9474,9716,9960,10188,2792.4,1158,400,400,400,300,0
62500.0,2,1,2,28,-1,-1,-1,-1,0,0,595.1999999999999,454,0,13109,13266,13401,590.2,0,14109,1000,1000,1000,0
225000.0,1,3,2,44,0,0,0,0,0,0,61795.2,51588,51869,52999,52096,52704,2389.4,2000,2468,1850,1909,1902,0
250000.0,2,1,1,54,0,0,0,0,0,0,61228.799999999996,27254,36052,38440,40555,49699,13000.0,10021,5000,6000,10000,10000,0
87500.0,1,3,2,43,0,0,0,0,0,0,82044.0,69911,69970,57118,27510,27176,3486.6,2563,1568,970,1000,2000,1
62500.0,2,3,1,37,-1,-1,-1,-1,-1,-1,1730.3999999999999,1444,1447,1261,1261,1261,1877.2,1447,1261,1261,1261,91,0
550000.0,1,1,1,42,-1,-1,-1,-1,-1,-1,5196.0,8369,16786,396,600,3596,10879.7,16786,396,600,3596,4095,0
100000.0,1,2,2,40,0,0,0,0,0,0,32392.8,28659,57803,27562,28224,28867,2600.0,30000,1000,1000,1000,1500,0
100000.0,2,2,2,30,0,0,0,0,0,0,5301.599999999999,7327,10190,13768,17748,10577,3900.0,3000,4000,5000,1000,1310,0
137500.0,2,1,2,30,2,2,2,-1,-1,0,3274.7999999999997,4382,1972,1426,5660,5660,5642.0,5,1426,5660,0,0,1
125000.0,2,2,1,45,-1,-1,0,0,0,-1,12273.6,50764,52520,24550,5973,57200,66086.8,39033,524,18,57227,422,0
37500.0,1,2,2,37,3,2,2,2,0,0,38274.0,31091,31002,29879,29382,23110,0.0,2300,0,996,1000,0,0
87500.0,1,3,2,46,0,0,0,0,0,0,84571.2,68539,69520,51605,50311,50729,3510.0,3500,2000,2000,2500,2500,0
25000.0,1,2,2,27,1,-2,-2,-1,0,0,0.0,0,0,780,780,0,0.0,0,2000,0,0,0,0
262500.0,2,2,1,39,0,0,0,0,-1,0,178910.4,153941,157358,3561,34600,32581,9100.0,7600,1019,36500,3000,3000,0
62500.0,2,2,1,34,1,2,0,0,0,0,31551.6,25492,19680,19271,19659,19915,0.0,1609,2000,1000,715,883,0
175000.0,2,5,2,33,0,0,-1,0,0,0,129621.59999999999,6500,6327,138485,140492,141006,1300.0,6327,135000,4700,5000,5000,1
237500.0,2,2,1,53,2,2,2,2,0,0,108153.59999999999,92367,94227,91943,93546,95759,5850.0,4100,0,3500,3600,3500,1
37500.0,2,2,2,28,-1,-1,-1,-1,-1,-1,1671.6,1393,1393,1543,1596,2970,1810.9,1393,1543,1596,2970,0,0
337500.0,1,1,1,47,-1,-1,-1,-1,-1,-1,7838.4,3904,8537,5048,7507,24170,5099.900000000001,8537,5056,7507,24170,3840,0
87500.0,2,2,1,32,1,2,0,0,0,0,85884.0,68138,67682,50256,43353,44219,0.0,2705,2115,1583,1597,1500,1
62500.0,2,3,2,33,0,0,0,0,0,0,63330.0,54397,55328,42511,31032,34510,3250.0,2000,2000,5000,4000,3000,1
175000.0,2,1,1,45,1,-1,-1,-1,-1,-1,0.0,1220,0,584,0,190,1586.0,0,584,0,190,0,0
75000.0,2,2,2,27,0,0,-1,-1,0,0,14061.6,4878,18347,15707,18976,6355,1300.0,37325,20800,3500,1232,113,0
12500.0,1,1,1,55,0,0,0,0,0,0,12051.6,9616,9718,9916,9250,7461,1552.2,1076,274,370,472,375,0
212500.0,1,2,1,42,-2,-2,-2,-2,-2,-2,0.0,0,0,0,0,0,0.0,0,0,0,0,0,0
625000.0,2,1,1,45,-2,-2,-2,-2,-2,-2,2545.2,0,0,0,0,522,0.0,0,0,0,522,117,0
62500.0,1,2,2,54,0,0,0,2,2,2,8738.4,8307,9709,9404,10254,9940,1690.0,1700,0,1000,0,200,0
250000.0,1,2,1,46,2,2,2,2,2,2,1290.0,11201,1383,976,1126,563,14300.0,980,0,563,0,413,0
162500.0,2,2,1,34,0,0,0,0,0,0,158656.8,132361,128904,101785,101849,99296,7150.0,5904,4785,3849,4296,3139,0
37500.0,1,5,1,61,0,0,0,-1,-1,-1,34872.0,23546,0,1473,780,0,1339.0,0,1473,780,0,1320,0
412500.0,2,2,1,34,0,0,0,0,0,0,159242.4,135972,137289,141844,143470,146596,9063.6,4989,6844,5470,5596,5577,0
25000.0,1,2,2,35,1,-2,-2,-2,-2,-2,0.0,0,0,0,0,0,0.0,0,0,0,0,4000,0
387500.0,2,1,1,44,-2,-2,-2,-2,-2,-2,5920.8,1275,1572,240,0,0,1657.5,1572,240,970,0,6585,0
462500.0,1,2,2,41,0,0,0,0,2,0,56722.799999999996,43531,59801,53925,30534,23618,2600.0,20000,8000,0,1000,0,0
225000.0,2,1,2,31,-1,-1,-1,-1,-1,-1,1047.6,7233,2701,1900,45517,9451,9402.9,2701,1900,45517,9451,5795,0
262500.0,1,1,2,35,1,-2,-2,-2,-2,-2,0.0,0,0,0,0,0,0.0,0,0,0,0,0,1
600000.0,2,1,2,37,-2,-2,-2,-2,-2,-2,14246.4,38933,23479,52177,54005,53853,52000.0,23479,52209,54005,54500,42321,0
62500.0,2,3,3,51,-1,-1,-1,-1,-1,-1,468.0,390,390,390,1200,1869,507.0,390,390,1200,1869,3610,0
62500.0,2,3,1,27,1,4,3,2,0,0,24078.0,21044,20433,19799,19262,19124,2080.0,0,0,900,700,700,0
200000.0,2,1,2,34,-1,-1,0,0,0,0,24231.6,3250,9244,8344,5607,1289,4225.0,6152,1000,1401,0,0,0
62500.0,1,2,1,43,0,0,0,0,0,0,26613.6,21976,21697,20683,19283,19965,2210.0,1650,850,700,1000,1000,0
625000.0,2,3,2,54,0,0,0,0,0,0,248887.19999999998,207479,211508,223660,228014,223940,19500.0,10000,23660,20000,13940,26542,0
62500.0,2,2,1,34,0,0,0,0,0,0,118190.4,50095,49057,17426,17789,18003,3220.1,2409,769,792,659,631,0
250000.0,1,1,2,36,0,0,0,0,0,0,7941.599999999999,6777,7957,4667,76187,74900,2470.0,3008,3500,73000,2700,3800,0
62500.0,1,2,2,30,2,2,2,2,2,-2,73371.59999999999,58394,52805,52546,8959,9812,3900.0,0,1489,51285,1000,368,1
25000.0,2,2,2,58,0,0,0,0,0,0,10616.4,10202,11227,11145,11381,12191,1950.0,1500,400,416,1002,0,0
150000.0,2,2,1,39,0,0,0,0,0,0,143860.8,105631,73143,75919,77059,78820,5908.5,2700,4000,3000,3000,4000,0
212500.0,2,2,2,56,0,0,0,0,0,0,185133.6,161679,165068,166227,109682,112906,13000.0,7500,6778,4000,5000,5000,0
25000.0,2,1,1,35,2,2,2,0,0,0,6919.2,7511,7678,7318,7458,7598,2600.0,500,0,500,500,0,1
350000.0,1,1,2,39,1,-2,-2,-2,-2,-2,0.0,0,0,0,0,0,0.0,0,0,0,0,0,0
37500.0,1,1,2,46,0,0,0,2,2,0,19317.6,17130,18621,19017,18571,19264,2076.1,2088,1000,0,1001,380,1
62500.0,2,3,2,35,0,0,2,0,0,0,60398.399999999994,51247,50073,26550,25842,25996,5473.0,0,1500,1090,2000,2000,0
25000.0,2,2,1,59,1,2,0,0,0,0,17916.0,14404,15558,16166,8824,0,14.3,1392,1000,176,0,0,1
250000.0,1,1,2,45,0,0,0,0,0,0,79262.4,68994,70825,73902,74943,76996,4940.0,3300,4000,2600,3000,3000,0
125000.0,2,1,1,39,1,2,2,2,2,2,55310.4,45074,48287,49091,50149,51176,0.0,3978,1900,2000,2000,0,0
75000.0,2,2,2,28,0,0,0,0,0,0,76450.8,64261,50243,15092,12037,10000,3056.3,1237,422,528,2000,5000,1
600000.0,2,2,2,36,0,0,0,0,0,0,290386.8,217460,242500,185344,164256,168433,12948.0,30902,7410,6368,7323,5837,0
62500.0,2,2,1,44,0,0,0,0,0,0,58381.2,48939,49204,46415,28453,29094,2860.0,1739,9500,1500,1210,1000,0
587500.0,1,1,2,35,0,0,0,0,0,0,348164.39999999997,294980,276255,241089,223366,207733,19666.4,12235,10123,10019,10102,10000,0
37500.0,2,2,1,49,0,0,0,0,0,0,34160.4,29792,29739,24950,25248,25109,2358.2000000000003,1459,1373,871,890,1375,1
212500.0,1,3,1,53,0,0,0,0,0,0,205014.0,171762,170464,127364,127024,125341,8840.0,7790,4587,4675,4525,4497,0
212500.0,1,1,1,50,0,0,-1,2,-1,2,3132.0,0,1565,965,6265,2445,0.0,1565,0,6500,0,3115,0
62500.0,2,2,2,30,0,0,0,0,0,0,40443.6,30857,28481,27634,26691,26329,2340.0,1800,1400,915,1500,1500,0
37500.0,2,2,1,32,2,2,2,3,3,4,31977.6,27536,28203,29048,29903,30431,2080.0,1400,1600,1600,1600,1000,0
25000.0,2,1,2,28,-1,-1,-1,-1,-1,-1,1448.3999999999999,0,174,1200,1434,0,0.0,174,1200,1434,0,974,0
162500.0,2,2,2,47,1,2,2,2,2,2,140869.19999999998,119378,121993,123503,124578,127434,7020.0,6000,5000,4600,5000,5100,0
250000.0,1,2,1,49,-1,-1,-1,-1,-1,-1,5682.0,3668,21602,3760,2925,16751,4782.7,21666,4971,2933,16759,5010,0
325000.0,2,2,1,41,0,0,-1,0,-1,0,8709.6,7935,4979,3976,6623,24426,2648.1,4979,1019,6623,18119,1382,0
37500.0,1,1,2,43,2,0,0,0,0,0,83648.4,71904,62630,57406,46231,73262,5200.0,5000,8000,1460,40000,10000,0
37500.0,2,2,1,27,0,0,0,0,0,0,17439.6,16534,17213,17723,17431,17882,3902.6,2002,1553,1002,2002,1000,0
37500.0,2,2,2,39,2,-1,2,2,2,2,119481.59999999999,32326,31840,37075,37662,36904,42900.0,33000,5810,1325,0,3095,0
87500.0,2,1,2,30,-1,-1,-1,-1,-2,-1,1545.6,0,1999,0,0,842,0.0,1999,0,0,842,0,0
450000.0,2,2,2,41,0,0,0,0,0,0,100094.4,77205,16250,13600,12640,0,4810.0,1123,500,640,0,0,0
25000.0,1,2,2,28,0,0,2,0,0,0,16784.399999999998,15958,16168,16268,16600,0,2860.0,900,500,332,2000,0,0
187500.0,2,2,1,30,-1,-1,-2,-1,-1,-1,7387.2,0,0,316,316,316,0.0,0,316,316,316,316,0
62500.0,1,2,2,52,0,0,0,0,0,0,23938.8,19356,19849,20301,17951,17254,2600.0,2000,2000,1000,1000,1000,0
300000.0,2,1,1,42,0,0,0,0,0,0,208412.4,176304,355496,176402,174440,172806,10400.0,9500,12448,6155,6453,6390,1
162500.0,2,2,1,43,0,0,0,0,0,0,153151.19999999998,128136,88423,90235,92154,85510,7020.0,3100,3100,3200,3000,3100,0
562500.0,2,1,2,41,-1,-1,-1,-1,-1,-1,4671.599999999999,522,2218,99,99,412,780.0,2300,0,0,412,3146,1
225000.0,2,2,1,35,0,0,0,0,-1,-1,47110.799999999996,41054,25590,5817,13623,0,3900.0,6000,1000,13623,388,77001,0
225000.0,1,2,2,39,0,0,0,0,0,0,201124.8,162774,148961,78024,72989,75454,9033.7,6502,3022,3000,3022,2000,0
162500.0,2,1,2,29,0,0,2,0,-1,-1,19293.6,16055,13371,4405,1292,390,5428.8,0,1000,1292,390,2165,0
375000.0,2,1,2,33,0,0,0,-1,-1,-2,11498.4,6803,7198,6975,9356,3697,2363.4,7217,7023,9383,3714,6546,0
187500.0,1,2,1,35,1,2,-1,-1,0,0,48595.2,3880,1377,4007,7742,11376,1300.0,5000,5960,5000,5000,1000,0
62500.0,1,1,1,30,0,0,0,2,0,0,56463.6,5472,5891,6595,8400,4041,2600.0,1500,1000,2000,1000,1000,0
162500.0,1,2,2,32,0,0,0,-2,-2,-2,26304.0,12390,0,0,0,0,1820.0,0,0,0,0,0,0
62500.0,2,1,2,27,0,0,0,-1,-1,-2,16561.2,9549,5385,7781,0,0,1783.6000000000001,1275,7900,0,0,0,0
375000.0,2,1,2,44,0,0,0,0,0,2,105048.0,89792,91558,93741,99802,97711,6500.0,4500,5000,8000,0,4000,0
50000.0,2,2,2,28,2,2,2,0,0,0,39975.6,34086,33239,33938,34694,35389,2080.0,0,1250,1300,1270,2800,1
137500.0,1,2,1,37,0,0,0,0,-2,-2,67887.59999999999,26953,28190,0,0,0,2600.0,2000,0,0,0,0,0
137500.0,2,2,2,40,0,0,0,0,0,0,150862.8,121523,116319,116082,111141,110854,5610.8,4120,4001,4173,4103,3888,0
537500.0,1,2,1,43,-2,-2,-2,-2,-2,-2,22220.399999999998,23565,34028,28407,33608,52015,30634.5,34028,28418,33651,52015,21000,0
62500.0,1,2,1,62,0,0,0,0,0,0,55848.0,48520,47875,48110,18576,15339,3601.0,2100,1300,700,1000,1000,0
450000.0,1,1,2,33,0,0,0,0,0,0,94077.59999999999,86955,127146,103273,91933,108163,32663.800000000003,60259,27208,31262,90114,30463,0
325000.0,2,2,2,33,0,0,0,0,0,0,301872.0,379318,226538,202887,195364,181206,11880.7,13805,7100,6952,12812,6362,0
262500.0,1,2,1,46,2,2,2,2,2,2,105246.0,90376,90687,91888,93852,95734,6240.0,2500,3900,3400,3400,3400,1
62500.0,2,2,1,44,0,0,0,0,0,0,39362.4,31002,32115,31824,32498,21757,1946.1000000000001,2000,1000,1064,1059,290,0
87500.0,2,1,2,39,0,0,0,0,0,0,43760.4,40505,43333,36959,27296,23474,6500.0,5000,1500,546,1000,1746,0
87500.0,1,3,1,61,0,0,0,0,0,0,50446.799999999996,46330,47480,49242,29993,29618,6500.0,2238,3000,3000,1500,1500,0
62500.0,1,2,2,29,0,0,0,0,0,0,57093.6,33666,16177,16607,17186,17749,2600.0,2000,1000,1000,1000,1000,0
625000.0,1,2,1,46,0,0,0,0,0,0,205878.0,184782,152365,139757,153348,127391,26313.3,20154,20019,20151,20037,21,0
100000.0,2,2,2,32,0,0,0,0,-1,0,31372.8,26625,3600,0,68424,42601,1397.5,1200,0,68424,1264,0,0
12500.0,2,3,3,53,0,0,0,0,0,0,8478.0,8148,9199,9558,9136,9392,1560.0,1200,500,500,500,0,0
250000.0,1,1,1,57,-1,-1,-1,-1,-1,-1,1218.0,932,1453,821,1123,878,1214.2,1461,823,1126,880,926,0
100000.0,1,3,1,47,-2,-2,-2,-2,-2,-2,468.0,1780,120,0,0,0,2314.0,360,0,0,0,0,0
125000.0,2,2,1,31,2,0,0,0,0,0,116833.2,96265,49380,29152,28832,29949,6151.6,1500,1500,1500,1500,1964,1
475000.0,1,2,1,44,-2,-2,-2,-2,-2,-2,3688.7999999999997,0,0,0,0,0,11963.9,0,0,0,0,8000,0
62500.0,2,2,1,55,0,0,0,0,0,0,58881.6,47947,49293,41941,39643,39273,2402.4,2194,1842,1544,1396,1420,0
225000.0,1,2,1,45,0,0,0,0,0,0,152324.4,109884,49475,50840,50090,48345,6500.0,2000,2000,2000,2000,2000,1
62500.0,1,2,1,37,0,0,0,-1,2,0,60676.799999999996,49710,0,50551,40590,39384,3491.8,0,50551,0,1600,1500,0
250000.0,1,2,1,50,-1,0,-1,-1,0,-1,118768.79999999999,36829,31707,44433,4155,2114,13000.0,31727,44626,18,2124,9844,0
250000.0,2,2,1,44,1,-2,-1,-1,-1,-2,0.0,0,12888,2075,0,0,0.0,12888,2075,0,0,5051,0
25000.0,1,2,1,55,0,0,0,0,2,0,7944.0,7556,8570,10020,9715,10153,1560.0,1300,1600,0,600,600,0
225000.0,2,2,2,36,-1,-1,-1,-1,-1,0,391.2,326,326,326,76465,79695,423.8,326,326,76465,5000,5000,0
212500.0,2,2,2,31,2,0,0,0,2,0,133404.0,113387,115807,119857,117100,118079,5284.5,5727,7500,2000,4200,5000,1
37500.0,2,1,2,30,2,2,2,2,2,0,35202.0,29869,26425,28034,27375,23466,5200.0,0,4400,0,2000,2000,1
300000.0,1,2,1,46,0,0,0,0,0,0,286682.39999999997,241717,240041,231036,194520,195392,10575.5,8685,10252,7016,7033,7019,1
37500.0,2,2,1,41,-1,-1,-1,-1,-1,-1,391.2,326,833,326,802,802,423.8,833,326,802,326,0,0
312500.0,1,1,1,49,-1,-1,-1,-1,-1,0,4444.8,5303,25959,6354,2994,5360,6914.7,26036,6373,3000,4376,3609,0
325000.0,1,3,2,48,0,0,0,0,0,0,185263.19999999998,151549,158888,144169,151679,143995,13000.0,10000,10000,10000,8000,10000,0
200000.0,1,3,1,51,2,2,0,0,0,0,202201.19999999998,160421,157661,73322,57835,41842,0.0,6322,2275,2343,3069,77005,0
162500.0,1,2,2,38,0,0,0,0,0,0,137980.8,118641,119286,121377,123655,125917,7540.0,4400,4350,4500,4600,5000,0
50000.0,1,2,1,51,2,2,2,3,2,3,32788.799999999996,30108,32515,31698,33581,32772,4644.900000000001,3206,0,2700,0,0,1
300000.0,2,2,1,43,0,0,2,0,0,2,39577.2,47320,46392,51652,54969,42373,19500.0,0,6000,4059,14,10022,0
25000.0,1,2,1,67,2,0,0,0,0,0,21444.0,18740,19343,19402,11731,0,1900.6000000000001,1367,682,627,0,0,1
200000.0,2,2,2,40,0,0,2,0,0,0,30708.0,29169,28406,28836,30208,30853,5200.0,0,1200,2000,1300,1291,0
125000.0,1,3,1,45,0,0,-1,-1,-2,-2,15453.599999999999,7702,2377,0,0,0,2600.0,2377,40000,0,0,0,0
187500.0,1,1,2,38,1,2,2,2,0,0,106308.0,85800,91242,88399,89629,94637,0.0,7400,0,3300,7000,0,1
425000.0,1,1,2,34,-1,0,0,0,0,0,53826.0,331641,331334,286660,263505,268256,390050.7,13214,12005,13005,10011,12005,0
50000.0,2,1,2,29,0,0,0,0,2,0,45926.4,39159,40007,41973,40689,40640,2600.0,2000,3100,0,1500,1500,1
100000.0,2,2,2,29,2,2,3,2,3,2,90532.8,80025,78129,82581,81053,79133,8320.0,0,6300,0,0,5000,1
112500.0,1,1,2,38,-1,-1,-1,-1,-1,2,597.6,498,498,498,3482,2793,647.4,498,498,3482,0,483,0
37500.0,1,3,2,42,1,2,2,0,0,0,28914.0,24796,23722,24630,24934,25264,1817.4,0,1696,1000,1500,500,0
62500.0,2,3,1,51,0,0,0,0,0,0,25743.6,22365,12874,13341,10556,9396,2124.2000000000003,1143,610,509,500,1000,0
450000.0,2,1,2,32,-1,-1,-1,0,0,-1,1138.8,40,175512,74334,46985,50276,52.0,175539,1372,0,50276,13460,0
62500.0,1,2,2,39,0,0,0,0,0,0,58612.799999999996,49335,49236,43524,27062,27923,2467.4,1996,2162,2000,1300,2000,0
375000.0,2,1,2,33,0,0,0,0,-1,-1,12349.199999999999,19617,19326,10662,10162,10250,25123.8,10000,1940,10200,10500,10000,0
300000.0,2,1,1,47,-1,2,-1,-1,0,-1,2529.6,1386,17601,1410,705,705,0.0,17601,2115,0,705,4000,0
275000.0,2,2,1,46,0,0,0,0,0,0,151838.4,90013,91191,86139,83743,78555,5850.0,4006,3000,3000,3000,6000,0
100000.0,2,2,1,43,0,0,0,0,0,0,51804.0,44151,45505,43485,44830,43229,2600.0,2100,2000,2000,2000,2000,0
125000.0,2,2,1,53,1,2,2,2,-1,-1,9393.6,7260,430,0,860,430,559.0,0,0,860,430,1166,0
600000.0,1,2,1,35,-1,-1,-1,-1,-1,-1,1570.8,662,645,32636,27552,1428,868.4,645,32641,27552,1428,11822,0
87500.0,2,2,2,34,0,0,0,0,0,0,24292.8,65072,61652,62788,57325,53415,65006.5,2312,2237,2038,2000,2127,0
275000.0,2,2,1,46,-1,2,2,-1,2,-1,780.0,650,325,950,475,325,422.5,0,950,0,325,325,1
287500.0,2,1,2,50,0,0,0,0,0,0,245550.0,205816,205294,194263,212257,206084,19507.8,15026,15000,20000,15030,15030,0
150000.0,2,1,1,37,-1,-1,-1,-1,-1,0,596.4,0,1085,193,1549,1549,0.0,1085,193,1549,0,787,0
300000.0,1,1,2,38,0,0,0,0,0,0,102723.59999999999,63733,61710,50106,18874,18994,3250.0,3354,1800,1000,1200,2000,0
775000.0,1,2,2,34,0,0,0,0,0,0,629029.2,524555,445543,443199,451040,431316,25097.8,15669,16011,16000,15500,17002,0
350000.0,1,2,1,39,0,0,0,0,0,0,66284.4,55664,51436,34260,36564,33331,3412.5,1795,1372,3931,3047,671,0
287500.0,1,1,2,37,0,0,0,0,0,0,197560.8,166134,142049,106677,88091,60929,9523.800000000001,10000,10000,3000,2000,2000,0
662500.0,2,1,2,44,0,0,0,0,0,0,527196.0,407763,364298,345867,346676,352736,22158.5,14089,11962,11763,12557,12496,0
62500.0,2,1,2,27,2,2,2,2,2,2,55242.0,46620,47341,45527,48358,47442,2600.0,1800,0,4100,0,2500,1
250000.0,2,2,1,50,0,0,0,0,0,0,232369.19999999998,121830,122181,121888,66771,65495,5905.900000000001,5000,4500,3100,3000,1300,1
62500.0,2,2,2,28,0,0,0,0,-1,2,19366.8,17261,14354,8713,1781,1615,1820.0,1000,500,1781,0,0,0
150000.0,1,2,2,37,-1,-1,-1,-1,-1,-1,8533.199999999999,5894,7670,20440,4260,15308,7800.0,7680,20440,4260,15308,7000,0
37500.0,2,2,1,52,0,0,0,0,0,0,35024.4,29254,30206,58287,29522,30103,1956.5,1457,1016,1207,1600,1000,0
512500.0,2,1,1,42,0,0,0,0,0,-1,65191.2,23223,25865,21619,19336,1433,6500.0,15014,5034,10006,1433,371,0
37500.0,2,2,2,36,-2,-2,-2,-2,-2,-2,0.0,0,0,0,0,0,0.0,0,0,0,0,0,0
450000.0,1,1,1,42,-2,-2,-2,-2,-2,-2,0.0,0,0,0,0,0,0.0,0,0,0,0,0,1
237500.0,1,2,2,34,0,0,0,0,0,0,222266.4,163336,157158,149423,115038,97756,7586.8,6358,5487,4038,3803,3042,0
250000.0,1,3,1,48,0,-1,-1,-1,0,0,1491.6,1435,1270,3783,2522,1261,1888.9,1270,4000,0,0,1436,0
412500.0,1,1,1,59,-2,-2,-2,-2,-2,-2,0.0,41219,374,0,15900,8601,53584.700000000004,374,0,15900,8601,38000,0
112500.0,2,2,1,61,-1,-1,-1,-1,-1,-1,1392.0,4701,13878,6556,2947,4808,6111.3,13882,6556,2947,4808,3131,0
62500.0,2,2,2,41,0,0,0,0,0,0,35576.4,30845,32821,34855,11776,12088,2600.0,2800,3732,750,500,1000,1
250000.0,2,1,2,49,0,0,0,0,0,-1,41527.2,34800,33275,33435,32778,3277,2730.0,2000,3435,3000,3277,29928,0
600000.0,2,1,1,44,0,0,-1,0,0,0,127992.0,400000,66270,80274,82160,110773,392600.0,66270,15000,3044,30042,34048,0
125000.0,2,3,1,58,1,-2,-2,-2,-2,-2,0.0,0,0,0,0,0,0.0,0,0,0,0,0,0
550000.0,2,2,2,39,-2,-2,-2,-2,-2,-2,0.0,200,751,2674,317,565,260.0,751,2700,320,570,0,0
187500.0,1,1,1,40,0,0,0,0,0,0,192350.4,153981,129725,103050,54447,46943,7930.0,5100,4200,1900,1600,1500,1
300000.0,1,1,2,51,0,0,0,0,0,0,566176.7999999999,478380,395612,386295,356206,352257,20857.2,15087,12000,15000,12000,12000,0
175000.0,2,3,1,49,1,-1,-1,-1,-1,-1,0.0,900,311,7867,1031,1117,1181.7,311,7867,1031,1117,0,0
450000.0,1,3,1,47,-1,-1,-1,0,-1,-1,31185.6,1815,22648,19433,16708,24047,2359.5,22674,95,16790,24283,17387,0
150000.0,1,2,2,36,3,3,2,2,-2,-2,136466.4,110525,103632,0,0,0,0.0,0,0,0,0,0,0
62500.0,1,1,2,38,-1,2,2,2,0,0,43635.6,35483,48256,47098,46898,150,0.0,13500,0,0,0,0,0
250000.0,1,1,2,32,-1,-1,-1,-1,-1,-1,5868.0,3630,4882,10955,10435,1665,4719.0,4882,11034,10435,1665,3765,0
337500.0,2,1,1,47,-1,-1,-1,0,0,0,2244.0,0,8091,8350,8350,0,0.0,8091,1000,0,0,0,0
62500.0,2,2,2,38,0,0,0,0,0,0,61732.799999999996,52607,48083,30205,29747,30042,2600.0,1500,1690,1200,1200,992,0
387500.0,1,2,2,32,0,0,0,0,0,0,27523.2,255040,241092,242850,237818,237762,312131.3,9012,8549,8324,8524,9052,0
250000.0,2,1,1,44,-1,0,-1,0,0,0,10118.4,6977,6727,6864,5253,3388,4869.8,6737,2013,10,20,10901,0
312500.0,1,3,1,44,0,0,0,0,0,0,251115.59999999998,199834,200957,205454,205710,210115,9265.1,7335,8871,8055,8426,5208,0
150000.0,1,2,2,45,2,2,2,2,2,2,70689.59999999999,53306,50104,43957,43401,37371,1300.0,3000,0,5000,0,31000,1
625000.0,1,3,2,37,0,0,2,0,0,0,253809.59999999998,183713,158759,119566,123098,132355,13091.0,3066,13366,20898,20155,16101,0
150000.0,2,2,2,34,0,0,0,0,0,0,115610.4,97724,99131,100464,100380,101445,5850.0,4500,4500,3700,3679,4100,0
62500.0,1,1,1,42,0,0,-2,-2,-2,-2,36480.0,0,0,0,0,0,650.0,0,0,0,0,0,0
562500.0,2,1,1,34,0,0,0,0,0,0,125348.4,68877,62223,65522,61413,63547,3235.7000000000003,2528,10179,10013,5183,5000,0
250000.0,2,2,1,44,3,2,2,2,2,0,141441.6,114483,118855,125357,121853,124731,0.0,6216,10000,0,5000,4552,1
137500.0,2,1,2,34,-1,-1,-1,-1,-1,-1,379.2,316,316,316,466,316,410.8,316,316,466,316,632,0
62500.0,2,2,1,40,0,0,0,0,0,0,41118.0,34175,33392,28340,24384,22643,2600.0,2000,2000,2000,1000,1000,0
387500.0,2,2,1,49,-1,0,0,0,0,0,80907.59999999999,67729,113788,106919,100656,93846,13000.0,56000,5000,4000,3300,5000,0
250000.0,2,1,1,46,-1,-1,-1,-1,-1,-1,5439.599999999999,8756,3539,5529,10332,6894,11382.800000000001,3539,5529,10332,6894,3188,0
25000.0,2,3,1,53,2,2,2,2,2,2,16603.2,14805,15865,16062,15509,16558,1950.0,1595,750,0,1452,0,1
25000.0,1,3,1,41,3,2,2,3,3,3,1260.0,1050,1050,1050,1050,1050,0.0,0,0,0,0,0,1
300000.0,1,2,1,49,-1,-1,-1,-1,0,-1,6513.599999999999,9054,13158,6507,2955,1092,11783.2,13158,6860,2295,1092,2076,0
200000.0,1,2,1,42,2,-1,-1,-1,-1,-1,999.5999999999999,833,833,833,833,833,1082.9,833,833,833,833,833,1
37500.0,1,2,1,38,0,0,0,0,0,0,28160.399999999998,24195,25286,25807,26350,27409,1831.7,1500,942,959,1500,946,0
562500.0,1,1,1,39,0,0,0,0,0,0,541335.6,460261,455701,451559,429235,391559,24050.0,20000,17000,16300,14108,16000,0
487500.0,1,2,1,41,1,-2,-2,-2,-2,-2,0.0,0,0,0,0,0,0.0,0,0,0,0,0,0
287500.0,1,1,2,33,0,0,0,0,0,0,34929.6,29240,30062,31253,31965,36782,2063.1,1409,10000,1193,6782,1026,0
62500.0,2,3,2,31,0,0,0,0,0,0,11922.0,11029,12795,9983,10884,7666,1604.2,2000,297,1000,307,361,0
100000.0,2,2,2,28,-1,-1,0,0,0,0,4555.2,7913,7012,11009,16418,27694,10286.9,1000,9000,6000,12000,5000,0
325000.0,1,2,2,36,0,0,0,0,0,0,74935.2,54074,46407,38874,31324,24031,2600.0,2000,2000,2000,2000,72000,0
175000.0,2,1,2,36,0,0,0,0,0,0,135523.19999999998,117021,107837,96546,95489,97347,7800.0,5000,3400,3617,3600,3700,0
25000.0,2,2,1,51,1,2,2,2,0,0,13122.0,11456,13169,13656,14430,14200,1300.0,1900,1000,1000,0,8119,1
300000.0,2,1,2,33,0,0,0,0,0,0,231061.19999999998,236772,201463,187916,149293,150614,130065.0,10000,7000,10040,7000,6000,0
350000.0,2,2,2,43,0,0,0,0,0,0,113341.2,96041,98301,74624,75173,77419,5200.0,4033,3000,3300,3500,6259,0
75000.0,1,1,2,35,0,0,0,0,2,2,71950.8,49744,48257,46353,45481,48373,13026.0,4000,4000,0,3800,0,0
250000.0,2,1,2,34,-2,-2,-2,-2,-2,-2,11212.8,723,723,1038,2035,3664,939.9,723,1038,2035,3664,723,0
462500.0,1,1,2,35,0,-1,-1,0,0,0,7910.4,3563,184429,180508,178220,72656,5200.0,192718,5000,5000,3000,2000,0
225000.0,2,1,2,43,-2,-2,-2,-2,-2,-2,0.0,0,0,0,0,0,0.0,0,0,0,0,0,0
612500.0,2,2,2,57,0,0,0,0,0,0,230324.4,194347,202400,46634,47622,50844,9272.9,11365,1700,1740,4026,2060,0
62500.0,2,2,2,38,0,0,0,0,0,0,32088.0,12498,16264,17918,16072,17041,2600.0,4000,2000,1000,2000,2396,0
200000.0,2,2,2,49,1,-2,-1,-1,-1,-1,0.0,0,3454,0,3312,0,0.0,3458,0,3312,0,0,0
350000.0,1,1,1,40,0,0,0,0,2,0,175641.6,244092,210226,177595,153181,145852,132060.5,90762,50119,282,50436,54184,0
437500.0,2,2,2,35,0,0,0,2,0,0,294253.2,255975,269446,219615,217851,222158,19500.0,20000,0,10000,8352,9500,0
25000.0,2,2,1,27,0,0,0,-1,-1,0,23600.399999999998,19974,5491,831,20088,19733,1950.0,1000,831,20500,1000,1100,1
337500.0,2,1,2,36,-2,-2,-2,-2,-2,-2,1167.6,417,1593,913,1471,1302,769.6,1593,913,1471,1302,7107,0
62500.0,2,3,1,54,0,0,-1,-1,-1,-1,40538.4,35650,390,390,46310,0,5200.0,390,390,46310,0,0,1
350000.0,1,2,1,42,0,0,0,0,0,0,102034.8,71353,67680,65173,62564,59638,3412.5,2497,2914,1921,2001,1270,0
225000.0,2,2,1,49,-1,-1,-1,-1,-1,-1,979.1999999999999,803,2599,0,2311,2194,1043.9,2800,0,2311,2542,236,0
100000.0,2,3,1,59,0,0,0,0,-1,-1,82222.8,69493,70656,72290,390,390,3250.0,2671,3308,390,390,390,0
75000.0,1,1,2,36,0,0,0,0,-2,-2,69524.4,49740,51400,0,0,0,3900.0,3000,0,0,0,0,0
325000.0,1,1,1,42,0,0,3,2,2,2,196263.6,192724,188441,191134,193673,197104,41600.0,0,7100,7000,6500,7000,1
262500.0,2,3,1,57,-1,-1,-1,-1,-1,-1,78318.0,38627,142285,22092,35141,56188,50700.0,150109,180,58000,56200,20000,0
175000.0,1,3,1,46,-1,-1,-1,-1,0,-1,1771.2,2139,0,1686,1686,205,2780.7000000000003,0,1686,0,205,6689,0
25000.0,1,1,2,33,0,0,0,0,2,2,3842.3999999999996,4978,7720,9907,9627,11500,2600.0,3000,2500,0,2000,5,0
112500.0,1,3,1,40,1,-1,2,2,-1,2,0.0,800,400,0,950,400,1040.0,0,0,950,0,0,0
187500.0,2,1,2,69,1,2,0,0,0,0,188677.19999999998,153171,148994,80196,74328,66806,3.9000000000000004,6103,3220,3028,5052,15000,0
62500.0,2,1,2,29,-1,-1,-1,-1,-1,-1,1624.8,1050,0,7999,0,6784,1370.2,0,8000,0,6850,11000,1
187500.0,2,1,2,33,-1,-1,2,-1,-1,2,1390.8,2468,1159,1159,11476,10249,3208.4,0,1159,11476,0,2034,0
50000.0,1,1,2,31,1,-2,-2,-2,-1,0,0.0,0,0,0,2605,3554,0.0,0,0,2605,1000,2000,0
150000.0,1,2,2,39,-1,-1,-1,-1,-1,-1,1027.2,856,856,856,856,856,1112.8,856,856,856,856,2664,0
37500.0,2,2,1,44,-1,3,2,0,-1,3,2090.4,1560,780,780,2057,1737,0.0,0,0,2057,0,0,0
62500.0,1,2,1,41,0,0,0,0,0,0,57118.799999999996,48542,49691,49172,9957,10044,2600.0,2200,1148,500,500,376,1
12500.0,1,3,2,28,0,0,0,0,0,2,8368.8,7838,9002,9182,9729,9411,1474.2,1298,478,847,0,175,0
400000.0,1,2,2,34,0,0,0,0,0,0,175818.0,131130,123226,111975,95510,79385,6106.1,5920,4000,3012,3000,3000,0
350000.0,2,1,2,43,-1,0,0,-1,0,-1,21453.6,14011,30079,13139,13989,15559,2600.0,30000,14000,1000,16000,0,1
62500.0,2,1,2,57,2,0,0,0,-2,-1,7654.799999999999,3257,4166,0,0,318,1418.3,1000,0,0,318,0,0
62500.0,2,2,1,49,0,0,0,0,0,0,13140.0,5662,6797,7565,9565,11357,1426.1000000000001,1232,1000,2000,2000,4000,1
62500.0,1,1,2,30,0,0,2,2,2,2,53595.6,48045,47306,49296,47220,49584,5330.0,400,3000,2,4005,6,0
100000.0,1,2,1,45,0,0,0,-1,-1,-1,28599.6,17815,15140,140,3090,180,6500.0,5000,5000,3100,1000,5000,0
387500.0,2,1,2,33,0,0,0,0,-1,-1,43815.6,37628,39579,40879,85,4381,3250.0,3000,1500,85,4381,11100,0
187500.0,2,2,2,38,-1,0,0,0,0,0,55207.2,45425,32139,53639,51873,64675,2600.0,3000,40009,5000,20000,62339,0
500000.0,2,2,1,39,-1,-1,-1,-1,0,0,49566.0,206028,21153,15631,14417,12228,267841.60000000003,21153,15948,10000,10000,22934,0
237500.0,1,2,2,42,0,0,0,2,2,2,95805.59999999999,81523,83530,87126,84165,89017,5200.0,5000,6000,0,6500,574,0
362500.0,1,2,1,51,0,0,0,0,0,0,235879.19999999998,168372,171699,133147,135147,127087,10140.0,7839,4706,5400,4604,4900,0
162500.0,2,1,2,30,1,-2,-2,-2,-2,-2,0.0,0,0,0,0,0,0.0,0,0,0,0,0,0
37500.0,1,2,2,39,0,0,0,0,0,0,34210.799999999996,29739,29372,29514,27226,25408,2603.9,1504,2017,2000,1000,1100,0
62500.0,1,2,2,39,1,2,2,2,0,0,42657.6,31713,50319,42805,39207,50155,0.0,21220,13,1510,15018,21,0
12500.0,2,2,2,39,0,0,0,0,0,-2,9616.8,9170,9180,8300,0,0,1690.0,1000,1166,0,0,0,0
100000.0,2,5,1,57,2,0,0,0,0,0,95786.4,77747,77733,78017,29599,26927,3604.9,3236,2000,2000,1000,1500,0
212500.0,1,2,2,36,0,0,0,0,0,0,67636.8,58132,59171,55888,53672,51461,3900.0,3000,2000,3000,3000,3000,0
125000.0,2,1,2,42,-1,-1,0,-1,-1,-2,2070.0,21711,10487,780,0,0,28224.3,1000,780,0,0,0,0
375000.0,2,1,1,52,-2,-2,-1,-1,-1,-1,3946.7999999999997,5189,7128,5916,9634,0,6745.7,7128,5923,9634,0,6485,0
87500.0,2,2,2,29,0,0,-2,-1,-1,-1,19639.2,15500,9660,6208,702,4320,1300.0,9660,6208,702,4320,1650,0
412500.0,2,2,2,33,0,0,0,0,0,0,45164.4,38676,40786,41767,42501,43359,1950.0,2600,1500,1400,1400,1500,0
62500.0,1,2,2,34,0,0,0,0,0,-2,38774.4,24213,24278,24750,0,0,2210.0,2000,1300,0,0,0,0
50000.0,2,2,2,42,1,2,2,2,2,2,9135.6,7343,15184,14643,18385,17950,0.0,8000,0,4000,0,6000,1
62500.0,2,2,1,47,1,-2,-2,-2,-2,-2,0.0,0,0,0,0,0,0.0,0,0,0,0,0,0
75000.0,1,2,2,35,0,0,0,0,0,0,68449.2,58268,59568,61298,29587,27267,2792.4,2303,2669,1032,1000,1300,0
25000.0,1,2,1,64,0,0,-1,-1,-1,-1,3535.2,0,1473,240,390,1320,0.0,1473,240,540,1320,0,0
162500.0,1,3,1,48,-1,-1,-1,-1,-1,-1,1513.2,1705,0,1261,13161,390,2216.5,817,1261,13161,390,390,0
225000.0,2,2,1,35,0,0,2,0,0,0,179061.6,217602,96169,70083,59509,78312,14189.5,5,5050,10000,20000,2000,0
25000.0,2,2,2,31,2,2,2,2,2,0,12446.4,12897,12393,14185,13817,14434,3900.0,0,2000,0,1000,3000,1
450000.0,2,3,1,43,1,2,2,0,0,0,35727.6,24395,22285,21359,21581,16065,2600.0,0,687,3864,1065,11500,0
275000.0,1,2,2,49,0,0,0,0,0,0,6006.0,9880,10542,10903,10981,9931,6500.0,1147,508,374,384,1008,0
62500.0,1,3,2,62,0,0,0,0,0,0,57500.4,48455,48120,28450,29046,29647,2584.4,1989,1018,1054,1084,1048,0
225000.0,1,2,2,33,-1,-1,-1,-1,-1,-1,2198.4,0,832,332,416,416,0.0,416,332,500,3500,832,0
37500.0,2,3,2,36,-1,-1,-1,-1,-1,-2,6572.4,7314,2970,2587,0,0,10414.300000000001,2970,2587,0,0,0,0
62500.0,2,2,1,27,1,1,2,2,2,2,53437.2,50863,49555,34644,28867,28983,9331.4,0,1656,944,967,1112,0
200000.0,2,1,2,38,-1,-1,-1,-1,-2,-2,7335.599999999999,980,11140,2659,14336,16533,1274.0,11490,2673,14558,16615,1787,0
500000.0,2,1,2,32,-2,-2,-2,-2,-2,-2,6548.4,4438,5048,7013,52189,16153,5798.0,5072,7048,52317,16232,4516,1
62500.0,2,2,1,39,0,0,0,0,0,0,114456.0,48764,50711,50389,49030,50045,2782.0,3082,1760,1926,1980,1750,0
250000.0,2,1,2,35,-1,-1,-1,-1,-1,-1,798.0,2618,963,1459,1028,878,3403.4,963,1459,1028,878,878,0
100000.0,2,1,2,32,0,0,0,0,2,2,50896.799999999996,43770,44455,47825,48220,48884,2650.7000000000003,1724,4094,2300,1600,0,0
62500.0,2,2,1,43,-1,-1,-1,-1,-1,-1,705.6,588,588,926,643,643,764.4,588,926,643,643,643,0
62500.0,2,2,2,29,0,0,0,2,0,0,57129.6,48933,51415,48977,10082,9936,2753.4,3600,7,345,1000,400,0
700000.0,1,1,1,52,-1,-1,-1,-1,-1,-1,12601.199999999999,69458,23445,105199,47519,73537,90743.90000000001,23560,109726,48237,74014,19443,0
200000.0,1,1,2,31,-1,-1,-1,-1,-1,0,6500.4,15134,15193,10845,46397,32334,19674.2,15199,10845,46397,1280,15000,0
450000.0,1,1,2,30,-1,-1,-1,0,0,-1,703.1999999999999,14074,5672,5084,3317,1646,18298.8,5672,0,0,1646,3875,0
212500.0,1,2,1,53,-1,-1,-1,0,0,-2,468.0,390,780,780,0,0,507.0,780,0,0,0,0,0
287500.0,2,1,2,42,-2,-2,-2,-2,-2,-2,2382.0,7150,20123,1671,1244,0,10497.5,20200,1671,1244,0,809,0
87500.0,2,1,2,30,0,0,0,0,0,0,29431.2,25532,25971,14859,14930,15091,2327.0,1229,519,687,557,546,0
25000.0,2,2,1,34,0,0,0,0,0,0,12896.4,11558,9961,10310,10372,9838,1712.1000000000001,1150,499,361,573,193,0
37500.0,1,2,2,35,0,0,0,0,0,0,32424.0,27985,28782,24082,17060,0,2213.9,1500,1000,1000,0,0,0
100000.0,2,1,2,28,-2,-2,-2,-2,-2,-2,468.0,390,390,390,740,552,507.0,780,390,740,552,4390,0
225000.0,1,1,1,46,1,2,2,2,2,0,137942.4,117567,119314,120882,117450,120398,7800.0,5100,5000,0,5000,5000,1
312500.0,2,1,1,56,-2,-2,-2,-2,-2,-2,8173.2,0,0,0,0,0,0.0,0,0,0,0,0,0
425000.0,2,2,1,41,1,-2,-2,-1,-1,-1,0.0,0,0,150,920,0,0.0,0,150,920,0,17386,0
262500.0,1,2,2,53,-1,-1,-1,-1,-1,0,3331.2,2776,2776,526,4880,1315,3608.8,2776,526,4880,0,1315,0
400000.0,2,3,1,57,-2,-2,-2,-2,-2,-2,780.0,2080,218,0,2355,0,2704.0,218,0,2355,0,0,0
25000.0,2,2,1,51,4,3,2,3,2,0,18999.6,15286,17021,16461,15901,16294,0.0,2277,0,0,800,1400,1
100000.0,2,3,3,34,-1,0,0,0,0,0,91345.2,70109,58186,56234,53229,45519,3192.8,2053,1812,1819,1686,1224,0
62500.0,1,3,3,57,-2,-2,-2,-2,-2,-2,0.0,0,0,0,0,0,0.0,0,0,0,0,0,1
62500.0,1,1,2,28,1,2,0,0,0,0,56641.2,47548,48402,28331,29174,29739,1820.0,1800,1100,1300,1200,1100,0
25000.0,1,2,2,41,0,0,0,2,0,0,19702.8,17139,20159,19533,19928,19695,1690.0,3300,0,1000,1000,900,0
250000.0,2,1,2,32,-1,-1,-1,0,0,0,1045.2,665,960,4242,4084,7414,864.5,960,3908,1014,3500,2880,0
225000.0,1,3,1,46,2,0,0,0,2,0,134143.19999999998,115921,117428,104153,100148,98165,7800.0,5000,9000,0,5000,7130,0
187500.0,2,3,2,52,0,0,0,2,0,0,123871.2,64671,64293,58024,59230,54638,3415.1,4123,0,1304,1338,376,0
62500.0,1,2,1,41,-1,-1,-1,-1,0,0,756.0,815,1104,9182,8989,8443,1300.0,1104,9182,275,801,184,0
350000.0,2,1,1,49,0,0,0,0,0,0,277117.2,235635,197003,198808,187425,177340,11224.2,7665,6497,5555,5027,5065,0
300000.0,1,1,1,40,-1,-1,-1,-1,-1,0,21694.8,6315,37046,0,1894,1894,8209.5,37046,0,1894,0,0,0
437500.0,1,1,2,42,-2,-2,-2,-2,-2,-2,379.2,316,316,466,466,316,410.8,316,466,466,316,316,0
250000.0,2,2,2,31,-1,-1,2,-1,0,-1,4048.7999999999997,4053,2337,1904,548,1403,5268.900000000001,0,1904,0,1403,0,1
250000.0,2,3,1,53,-2,-2,-2,-2,-2,-2,142966.8,5844,3666,37005,47376,1292,7597.2,3694,37177,47376,1292,46626,0
400000.0,1,1,1,48,-1,-1,-1,0,0,-1,3928.7999999999997,86251,14857,12157,8690,4166,112686.6,14871,260,43,4186,904,1
162500.0,2,1,2,32,-2,-2,-2,-2,-2,-2,10209.6,27049,0,0,0,0,35163.700000000004,0,0,0,0,0,0
275000.0,1,1,2,33,0,0,0,0,0,0,26878.8,24203,24081,25356,20952,18340,3900.0,2000,2000,1000,1200,900,0
362500.0,2,1,2,34,-1,-1,-1,-1,-1,-1,7978.799999999999,15819,10986,8184,14936,19573,20588.100000000002,11584,8184,14936,19573,6309,0
350000.0,2,2,1,34,0,0,0,0,0,0,280460.39999999997,87171,87786,86510,83560,84808,13005.2,3066,3171,3501,3030,2789,0
262500.0,2,1,2,34,-1,-1,-1,-1,-1,-1,3339.6,1080,2855,20787,8307,1747,1414.4,2855,20787,8314,1747,309,0
37500.0,2,2,2,27,-2,-2,-2,-2,-2,-2,0.0,0,0,0,0,0,0.0,0,0,0,0,0,0
625000.0,2,2,2,36,-2,-2,-2,-2,-2,-2,0.0,0,0,0,1796,0,0.0,0,0,1805,0,18268,0
437500.0,2,1,1,46,0,0,0,0,0,0,18488.399999999998,17826,23489,29037,36213,38163,3900.0,6000,6000,8027,8000,8000,0
350000.0,1,1,2,52,-2,-2,-2,-2,-2,-2,2616.0,251,4250,1000,5507,5348,326.3,4250,1000,5507,5348,433,0
500000.0,1,3,1,38,0,0,2,0,0,0,2984.4,4708,2192,11111,5675,5071,5211.7,6,10248,4721,4114,1855,1
225000.0,2,1,2,37,-2,-2,-2,-2,-2,-2,0.0,2200,5643,2285,1498,3092,2899.0,5643,2298,1502,3101,2959,0
162500.0,2,3,1,54,0,0,-2,-2,-2,-2,159085.19999999998,0,0,0,0,0,0.0,0,0,0,0,0,0
112500.0,2,2,2,32,-1,-1,0,0,0,0,22408.8,88907,90659,82827,79359,81401,120715.40000000001,4100,3200,3100,3500,3500,0
587500.0,1,1,2,38,0,0,0,0,0,0,86499.59999999999,68136,69036,71466,67538,70400,6540.3,5500,5000,5000,4000,5000,0
187500.0,2,1,2,34,2,0,0,0,0,0,55468.799999999996,34993,31434,26518,21042,16540,2080.0,1718,1049,1500,2000,5000,0
37500.0,1,2,3,48,2,2,2,2,2,2,17844.0,16327,16762,17182,17760,17327,2600.0,1000,1000,1000,0,1000,1
525000.0,1,1,1,37,0,0,0,0,0,0,464571.6,24830,25419,10951,8126,8313,2060.5,1174,1133,291,318,277,0
100000.0,2,3,1,46,0,0,0,0,0,0,91314.0,78197,64065,54764,55868,57288,4550.0,2600,2000,2000,2303,2300,0
250000.0,2,1,2,33,-2,-2,-2,-2,-2,-2,0.0,0,0,0,0,0,0.0,0,0,0,0,510,0
12500.0,1,1,2,29,2,2,0,0,0,0,10604.4,7554,8287,9580,9267,10096,0.0,1500,2000,700,1500,0,1
225000.0,2,1,1,38,-1,-1,2,-1,-1,2,16798.8,17829,6608,17087,17993,8662,5428.8,65,17087,2013,23,32852,0
200000.0,2,2,2,32,0,0,0,0,0,0,196101.6,164211,165587,161950,161680,164031,8060.0,7600,6100,5900,6300,7500,0
425000.0,2,1,2,32,0,0,0,-1,-1,-1,36542.4,36919,24268,3210,3240,11095,8994.7,4322,3210,3240,11095,3345,0
450000.0,2,2,1,49,1,2,0,0,0,0,57736.799999999996,47044,47887,49158,49834,46034,0.0,1900,2100,1707,2000,2000,0
437500.0,1,1,1,63,-2,-2,-2,-2,-2,-2,600.0,4063,0,0,0,0,5281.900000000001,0,0,25,0,0,0
450000.0,2,1,2,34,-1,-1,-1,-1,-1,-1,1062.0,10553,1943,2640,1741,4120,13718.9,2000,2700,2000,4120,4118,0
212500.0,2,1,1,46,0,0,0,0,0,0,142054.8,120087,121958,123629,123605,123794,5582.2,4428,4326,4154,4345,9098,0
62500.0,2,1,2,34,0,0,0,0,0,0,53397.6,41897,17304,16544,14787,15975,5200.0,4000,2000,3000,3000,3000,0
350000.0,1,1,1,45,-1,-1,-1,-1,-1,-1,6372.0,2196,2928,9564,22017,5220,2854.8,2928,9564,22017,5220,1964,0
75000.0,2,2,1,45,0,0,0,0,0,0,69752.4,59345,58196,47007,32834,29116,3640.0,2200,1500,1200,1100,1200,0
275000.0,2,1,1,46,8,7,6,5,4,3,296298.0,243234,238172,232446,227800,225044,0.0,0,0,0,0,0,1
212500.0,2,5,1,42,-2,-2,-1,-1,-1,-1,891.6,0,16474,4650,2359,0,0.0,16474,4650,2359,0,1977,0
25000.0,1,1,1,40,0,0,0,0,0,0,6894.0,6023,7053,5909,3287,3604,2891.2000000000003,1171,500,500,500,5000,1
175000.0,1,1,2,36,0,0,2,0,0,2,32547.6,27299,17985,20225,27407,10833,32500.0,0,3000,7800,0,2500,0
250000.0,2,5,2,53,0,0,-2,-2,-2,-2,238248.0,0,0,0,0,0,0.0,0,0,0,0,0,0
100000.0,2,3,1,53,-1,-1,2,-1,-1,-1,475.2,792,396,792,0,396,1029.6000000000001,0,792,0,396,546,1
175000.0,1,1,2,33,0,0,0,-1,-1,-1,28442.399999999998,23917,24460,435,435,435,1894.1000000000001,1000,435,435,435,435,0
100000.0,2,3,2,40,1,-2,-2,-2,-2,-2,0.0,0,0,0,0,0,0.0,0,0,0,0,0,0
100000.0,1,2,1,47,0,0,0,0,0,0,57884.4,48594,49432,49043,47805,45626,2860.0,2005,2000,2000,2000,2000,0
125000.0,2,3,1,40,1,2,2,2,2,2,116402.4,102698,97997,103384,97266,101492,10660.0,0,8000,0,8600,0,0
125000.0,2,3,1,58,0,0,0,0,0,0,117631.2,99768,100098,75296,73774,75603,4904.900000000001,3919,3010,3000,6000,3500,0
250000.0,2,3,2,59,-2,-2,-2,-2,-2,-2,1056.0,1948,3635,1186,0,0,2532.4,3635,1362,0,0,0,0
37500.0,2,2,2,41,0,-1,-1,0,0,0,2536.7999999999997,490,30452,29667,28596,29180,637.0,33299,1400,572,584,400,0
262500.0,1,2,2,32,1,-2,-1,2,-1,0,0.0,0,709,397,1026,1026,0.0,709,0,1026,0,0,0
450000.0,1,1,2,35,-1,-1,-1,-1,0,-1,2424.0,28057,6085,90872,81622,11576,36474.1,6179,90872,0,11576,8718,0
62500.0,2,2,1,35,0,0,0,2,0,-1,37294.799999999996,30036,6845,4364,2185,2162,2964.0,2300,0,44,2200,3000,0
187500.0,2,2,2,31,0,0,0,0,0,0,100135.2,75067,64432,54848,46098,47352,4550.0,3000,2000,2000,2000,2000,0
500000.0,2,2,2,37,-2,-2,-2,-2,-2,-2,0.0,626,118,10349,2817,2410,813.8000000000001,118,10349,2817,2410,10715,0
62500.0,2,2,1,47,0,0,0,0,0,0,57440.4,40937,28868,44751,27557,29125,2707.9,1840,31000,977,2003,1214,0
287500.0,2,1,2,28,-2,-2,-2,-2,-2,-2,73896.0,62272,1462,622,1083,622,3720.6,1462,622,1083,622,872,0
12500.0,2,3,1,54,-1,2,2,-2,-2,-2,1690.8,864,0,0,0,0,0.0,0,0,0,0,0,1
325000.0,2,2,2,34,0,0,0,0,0,0,19795.2,15610,7486,5692,5206,6159,10435.1,3000,3000,3000,1000,2000,0
162500.0,2,2,2,28,0,0,0,0,0,0,160346.4,129784,126021,70186,71762,73192,6177.6,5010,2505,2700,2623,2800,0
225000.0,2,3,0,41,-1,-1,-1,-1,-1,-1,391.2,326,326,326,326,326,423.8,326,326,326,326,326,0
512500.0,1,2,1,50,0,0,0,0,0,0,334086.0,285415,279484,274639,281158,288051,16900.0,10515,9884,11000,11425,11700,0
100000.0,2,3,1,44,2,2,2,2,2,2,58081.2,49326,50207,51081,52118,51129,2600.0,2000,2000,2001,0,4100,0
62500.0,1,2,2,29,0,0,0,0,0,0,6262.8,6475,7483,7709,7934,8242,1950.0,1274,500,500,440,450,0
162500.0,1,1,2,33,1,-1,-1,-2,-2,-2,0.0,3000,0,0,0,0,3900.0,0,0,0,0,1000,0
325000.0,1,3,1,53,0,0,0,0,-1,0,240859.19999999998,203751,205530,0,171696,174151,11455.6,9158,0,497000,10000,7000,0
25000.0,1,3,2,29,5,4,3,2,2,-2,25381.2,20537,19933,19167,18767,18767,0.0,0,0,0,0,0,0
100000.0,2,2,2,39,1,-1,-1,-2,-2,-2,0.0,7400,0,0,0,0,9620.0,0,0,0,0,0,0
37500.0,2,2,1,44,2,2,0,0,0,0,37448.4,30399,30147,29366,29555,29793,0.0,2000,1500,1010,1055,1089,1
562500.0,2,1,1,42,0,0,-1,-1,-1,-1,16045.199999999999,13480,5747,3339,9458,7231,5200.0,5747,3339,18916,7231,4972,0
450000.0,2,1,2,32,0,0,0,0,0,0,356730.0,307394,314534,289355,274484,247998,26000.0,15000,19355,10000,10000,10000,0
75000.0,2,3,1,39,0,0,0,2,0,0,11913.6,11261,12853,12352,12703,13338,1950.0,2090,0,700,1000,1400,1
162500.0,2,3,1,48,2,3,2,2,2,2,23628.0,19085,18491,20579,19950,21625,0.0,0,2400,0,2000,0,1
62500.0,2,3,1,60,0,0,0,0,0,0,28311.6,24787,9145,12423,41956,45112,2380.3,1189,3467,30000,4000,0,0
125000.0,2,1,2,29,0,0,0,-1,-1,-1,33303.6,28306,14320,180,2500,12411,2121.6,1000,180,2500,10000,0,0
200000.0,2,1,1,40,1,-2,-2,-2,-2,-2,0.0,0,0,0,0,0,0.0,0,0,0,0,1404,1
62500.0,1,1,2,30,-1,0,0,0,0,0,54751.2,16533,10745,9994,16829,13051,3900.0,9537,5000,10000,5000,2000,0
25000.0,1,3,1,61,1,2,2,2,2,0,11343.6,10143,10730,12241,11748,12456,1300.0,900,2000,0,900,3200,1
75000.0,1,3,2,51,0,0,0,0,0,0,73857.59999999999,63020,16982,37318,18352,17869,3510.0,1500,2000,1000,824,333,0
362500.0,2,2,1,52,0,0,0,0,0,0,293252.39999999997,244394,244535,244518,243689,241125,13000.0,10000,10000,9009,9031,9000,0
225000.0,1,3,2,45,0,0,0,0,0,-1,79461.59999999999,15155,11052,8541,37951,57757,2354.3,5008,5000,30000,62010,50077,0
350000.0,2,2,2,38,0,0,0,0,0,0,34713.6,24266,20209,20395,18969,18381,2124.2000000000003,1649,1304,703,701,705,0
12500.0,1,2,1,64,0,0,0,0,0,0,8192.4,7849,8704,8877,9063,9318,1677.0,1145,318,329,406,186,0
62500.0,1,2,1,50,0,0,0,0,0,0,59487.6,49417,49085,33156,19344,18930,2918.5,1652,1497,10580,685,704,0
62500.0,1,3,2,34,2,2,3,3,3,3,1260.0,1050,1050,1050,1050,1050,0.0,0,0,0,0,0,1
562500.0,1,1,1,59,-1,-1,-1,-1,-2,-2,872.4,0,419,0,0,0,0.0,419,0,0,0,6154,0
50000.0,1,2,2,32,0,0,2,0,0,0,31995.6,31589,31772,32146,33128,33923,7410.0,1000,1200,1500,1500,1900,1
25000.0,1,2,2,42,0,0,0,0,0,0,18734.399999999998,16927,17794,18550,18850,0,2050.1,1444,1200,500,0,0,1
37500.0,2,1,2,38,3,2,2,2,0,0,25400.399999999998,20529,24191,23510,24813,25264,0.0,4000,0,2000,1000,2000,1
212500.0,2,1,1,43,0,0,0,0,0,0,86054.4,70194,43210,23096,23397,27817,4331.6,7770,5000,3000,5000,25000,0
75000.0,1,1,2,33,-1,-1,-2,-2,-2,-2,24000.0,0,0,0,0,0,0.0,0,0,0,0,0,0
225000.0,1,1,2,36,1,2,2,2,2,2,207006.0,166692,176869,347813,171041,181637,0.0,16000,6000,0,15000,7000,0
25000.0,2,3,1,57,0,0,2,0,0,0,11292.0,11840,11260,11260,11260,0,3380.0,0,0,0,0,0,0
450000.0,2,1,1,51,1,-1,-1,-2,-2,-2,0.0,859,0,0,0,0,1127.1000000000001,0,7,0,0,0,0
587500.0,1,2,2,37,-1,-1,-1,-1,0,0,23302.8,11006,15171,27319,31029,19211,14391.0,15202,27329,30203,33,16506,0
625000.0,2,1,1,51,0,0,0,0,0,-1,235927.19999999998,64144,49722,67909,61613,16932,13000.0,10000,20025,10000,20000,18000,0
62500.0,2,1,2,41,-1,-1,-1,-1,-1,-1,14020.8,45135,34539,7000,6000,0,58675.5,34539,7000,6000,0,0,0
175000.0,2,1,2,37,0,0,0,0,0,0,135519.6,114564,118713,121248,123232,126242,6500.0,6000,6000,5500,5000,6000,0
37500.0,2,1,1,48,-1,-1,-1,-2,-2,-2,468.0,780,0,0,0,0,1014.0,0,0,0,0,0,0
125000.0,2,1,2,33,-2,-2,-2,-2,-2,-2,0.0,0,1050,0,0,0,0.0,1257,0,0,0,0,0
425000.0,1,3,1,53,0,0,0,0,0,0,5671.2,5178,65826,63877,53845,51983,1792.7,61883,2147,1855,1774,1541,0
100000.0,2,2,2,29,2,2,5,5,4,3,1440.0,1200,1200,1200,600,300,0.0,0,0,0,0,0,1
212500.0,2,2,1,47,0,0,0,0,0,0,45326.4,38862,39914,40559,41953,42210,2600.0,2000,1610,2200,1600,1600,0
175000.0,1,3,2,38,-2,-2,-2,-2,-2,-2,600.0,473,0,3788,0,9386,614.9,0,3815,0,9386,722,0
75000.0,2,1,2,28,0,0,0,0,0,-1,4220.4,3277,11335,9341,6451,3592,1300.0,10341,0,0,3592,3911,0
450000.0,2,2,2,39,1,-2,-2,-1,0,0,0.0,1680,0,5950,6352,6563,2184.0,0,5950,500,317,1150,0
25000.0,2,3,1,43,-1,-1,0,0,0,-1,1341.6,12776,11417,16449,6989,2021,16617.9,1000,6782,670,2021,0,0
100000.0,2,2,2,38,-2,-2,-1,-1,0,0,57440.4,31925,731,55541,56703,57833,2502.5,731,56000,2055,2070,4447,0
137500.0,1,2,2,29,2,2,2,2,2,2,118113.59999999999,101402,104878,105325,102220,107970,7150.0,6600,3700,0,7500,0,1
125000.0,2,1,2,29,0,0,0,0,0,0,101874.0,71271,71053,70405,71109,73905,4566.900000000001,3169,3002,2022,3907,7145,0
362500.0,2,1,1,57,0,0,0,2,2,2,102638.4,69025,85735,79698,71981,63168,15600.0,20000,0,5500,0,10000,0
100000.0,1,3,2,49,2,0,0,0,2,2,68491.2,58358,58992,62696,64148,62965,3640.0,2200,4700,2600,0,4400,0
12500.0,2,2,2,27,-1,-1,-1,-1,-1,-1,633.6,0,264,264,264,264,0.0,264,264,264,264,1056,1
325000.0,2,2,1,46,0,0,0,0,2,0,234558.0,199338,203651,223837,218383,222960,10920.0,8800,25000,0,8000,21000,0
125000.0,2,1,3,52,0,0,0,0,0,0,51810.0,42669,42238,41646,40976,40503,2184.0,1722,1603,1406,1598,1502,0
62500.0,1,1,2,49,0,0,0,0,0,0,65198.399999999994,51671,50272,49293,47154,50069,3900.0,1928,1595,1526,13000,1569,1
100000.0,1,1,1,38,0,0,0,0,0,0,90711.59999999999,71643,49481,38427,34683,159,3253.9,1508,1500,1600,279,0,0
25000.0,1,2,1,47,1,2,0,0,0,0,21136.8,17042,18052,18562,18814,19500,0.0,1300,810,700,1000,900,1
450000.0,1,2,1,39,1,-2,-2,-2,-2,-2,0.0,0,0,0,0,0,0.0,0,0,0,0,0,0
100000.0,2,3,1,38,-1,2,-1,-1,-1,-1,936.0,390,814,390,390,390,0.0,814,390,390,390,1578,1
512500.0,2,1,2,39,0,0,0,0,0,0,52462.799999999996,44624,40881,39008,47638,27519,3413.8,2616,2617,20000,1012,511,0
437500.0,2,2,2,34,0,0,0,0,0,0,251080.8,205458,200654,196308,192735,190735,9464.0,7360,8568,6600,6711,6883,0
187500.0,2,2,1,44,0,0,0,0,0,0,39469.2,30930,28901,27587,25531,26586,6500.0,1650,2000,2000,3000,2000,0
350000.0,2,1,1,49,0,0,0,0,0,0,175668.0,148737,151000,152538,154291,155955,6644.3,5100,4300,4500,4500,4500,0
475000.0,2,1,2,36,-2,-2,-2,-1,0,0,331.2,276,0,196050,202129,295891,358.8,0,202129,9500,98500,17000,0
75000.0,2,1,1,44,0,0,2,0,0,0,67254.0,59524,58563,56831,53628,34490,6500.0,2000,1000,3000,8000,0,0
337500.0,1,1,2,33,4,4,3,2,2,2,285457.2,232799,227597,230751,235931,240595,0.0,0,8400,9000,8700,9000,1
500000.0,2,1,1,33,0,0,-2,-2,-1,-1,217413.6,86663,62200,38000,150,193,5200.0,2000,1000,150,193,3690,1
262500.0,2,1,1,52,0,0,0,0,0,0,243003.59999999998,173232,117125,212656,107808,63049,9206.6,6000,6000,5000,3000,6000,0
25000.0,2,1,2,29,0,0,0,0,0,0,18043.2,16069,16774,17266,17539,18033,2054.0,1280,770,700,785,600,0
25000.0,2,1,2,26,0,0,0,0,0,-1,20965.2,14129,13937,9429,1393,2055,1820.0,3500,1567,162,2055,0,0
100000.0,2,2,2,29,0,0,0,0,0,0,20664.0,14844,12718,8808,7952,7925,1820.0,1600,1088,245,636,0,0
412500.0,1,1,2,38,0,0,0,0,0,0,268134.0,122096,125969,127044,127027,129945,6506.5,6000,3614,4000,4000,4000,0
62500.0,2,2,2,58,2,2,2,0,0,2,4696.8,7419,7156,8492,9515,9287,4668.3,0,1500,1100,0,300,1
187500.0,2,1,2,30,1,-2,-2,-2,-2,-1,0.0,0,0,0,0,9240,0.0,0,0,0,9240,0,0
375000.0,1,3,1,45,0,0,0,0,0,0,47859.6,42349,44095,46502,47578,48959,3900.0,2600,3000,2000,2000,2000,0
525000.0,2,1,2,36,0,0,0,0,0,0,280095.6,241503,277447,287781,294010,319257,15600.0,40000,15000,11000,30000,15000,1
200000.0,1,1,2,53,-1,2,2,-2,-2,-2,27644.399999999998,22260,0,0,0,0,0.0,0,0,0,0,0,1
300000.0,2,2,1,37,-1,-1,-1,-1,-1,-1,4921.2,7101,5500,5500,5500,5463,11050.0,5500,5500,5500,5463,5500,0
587500.0,1,1,2,38,-1,-1,-1,0,0,-1,6735.599999999999,11576,7017,1185,0,542,15087.800000000001,7017,24,0,542,208896,0
37500.0,2,1,2,27,-1,-1,-1,0,0,-2,4755.599999999999,6222,2936,588,0,0,8088.6,2936,0,0,0,0,0
225000.0,1,1,2,34,-1,-1,-1,-1,-1,-1,4572.0,6406,629,11542,2348,122,8327.800000000001,629,11545,2348,122,0,0
437500.0,2,1,1,49,-2,-2,-2,-2,-2,-2,10252.8,0,0,0,8631,277,0.0,0,0,8631,277,7545,0
325000.0,2,1,2,34,0,0,0,0,0,0,320803.2,264929,234214,169096,117873,79782,14300.0,9800,6000,4088,3000,3000,1
325000.0,2,1,1,42,0,0,0,0,0,0,209965.19999999998,161671,156296,156248,120518,122649,13000.0,8000,5028,5000,5000,10000,0
362500.0,2,2,2,39,0,0,0,0,0,0,372483.6,315048,314085,317631,315820,305498,15615.6,12012,11016,11088,12031,12031,0
350000.0,2,1,2,41,-1,-1,-1,-1,-1,-1,4951.2,7001,12984,0,1411,5654,9184.5,13046,5,1416,5654,6055,0
325000.0,2,3,1,62,-1,2,-1,2,-1,-1,1377.6,123,1668,446,123,35722,0.0,1668,0,490,35722,0,0
175000.0,1,2,2,38,-2,-2,-2,-2,-2,-2,0.0,935,1490,0,3938,0,1215.5,1490,0,3938,1160,0,0
237500.0,2,6,1,53,0,0,0,0,0,0,175240.8,142003,135885,102718,68604,45976,7415.2,4305,2800,2366,2066,96264,0
37500.0,2,3,2,28,0,0,-1,-1,-1,0,21950.399999999998,18450,390,390,780,780,1300.0,390,390,780,0,0,0
212500.0,1,2,2,31,0,0,0,0,0,0,197289.6,153323,152429,154704,96724,73916,7410.0,7400,5600,4500,3000,3500,1
62500.0,2,2,2,41,2,0,0,0,0,0,50856.0,40288,32631,29968,29092,29977,2471.3,1744,1027,1033,1345,1000,1
337500.0,2,1,2,41,-1,-1,-1,-1,-1,-1,4149.599999999999,3833,9791,10532,6559,500,4982.900000000001,9791,10532,6559,500,961,0
62500.0,2,3,1,59,0,0,0,0,0,0,19977.6,16200,15622,14277,12930,11657,2064.4,1483,611,458,403,351,0
37500.0,2,2,1,54,0,0,0,0,0,0,33506.4,25214,26755,23235,25008,26761,2600.0,2000,2000,2000,2000,822,1
62500.0,1,2,1,55,-1,-1,0,0,0,0,22873.2,49738,49986,8771,8628,7464,68247.40000000001,1906,278,352,448,200,0
137500.0,1,1,2,44,0,0,0,0,-2,-2,21972.0,19327,20650,0,0,0,1725.1000000000001,1650,0,0,0,0,0
137500.0,1,1,2,31,0,0,0,0,0,0,131263.19999999998,99100,50827,51834,52921,54013,3161.6,3686,1850,1917,1968,1950,0
175000.0,2,3,1,38,-1,-1,-1,-1,-1,-1,1496.3999999999999,1654,840,2153,827,0,2150.2000000000003,840,2153,827,827,9635,0
75000.0,2,1,2,51,0,0,0,0,0,2,36087.6,18385,20732,21196,23175,22724,3900.0,3000,1000,3000,0,3500,0
225000.0,2,1,1,40,0,0,0,0,0,0,57123.6,48705,50140,60607,67976,20412,7416.5,3003,10607,7976,5412,2460,0
375000.0,1,1,2,38,0,-1,0,0,0,-1,1940.3999999999999,7785,3420,814,0,8006,10120.5,3000,0,0,8500,0,0
325000.0,2,2,2,56,0,0,0,0,0,0,241156.8,205714,208756,168828,155644,159135,10400.0,8065,7000,10000,10000,10000,0
125000.0,1,3,2,42,0,0,0,0,0,0,24139.2,19319,16356,10144,8095,10140,5200.0,2000,4000,3095,5140,4122,0
375000.0,2,1,2,33,0,0,2,0,0,0,29715.6,33484,31501,32678,36147,40503,13910.0,0,2000,4000,5000,0,0
25000.0,2,3,1,52,0,0,0,-1,-1,-2,9782.4,7268,3699,780,0,0,1462.5,1000,780,0,0,0,0
100000.0,2,1,2,39,-1,2,-1,-1,-1,-1,782.4,326,326,326,326,326,0.0,326,326,326,326,326,1
75000.0,2,2,1,45,2,0,0,0,0,0,72253.2,55996,54178,44518,28636,28957,3900.0,2000,2000,3000,1300,1100,0
300000.0,2,2,1,46,1,-1,-1,-1,-1,-1,0.0,40529,3211,9795,11756,12522,52687.700000000004,3211,9795,11756,12522,6199,0
62500.0,2,3,1,37,0,0,0,0,0,0,39877.2,34544,35976,15996,32714,16720,2428.4,2300,1239,600,600,600,1
200000.0,2,1,2,34,1,-1,-1,-1,-1,-1,0.0,15414,1857,550,2602,10381,23182.9,2252,9694,10000,11797,7289,0
62500.0,2,1,2,30,0,0,0,0,0,0,60061.2,46768,48124,48171,19401,19412,2280.2000000000003,2500,1781,2000,695,1000,0
450000.0,1,1,1,45,0,0,2,-1,-1,-1,91900.8,85400,17295,8331,2643,6008,27765.4,86,8372,2656,6038,3325,0
62500.0,1,2,2,61,0,0,0,0,0,0,57630.0,49128,49348,44932,19559,18859,2449.2000000000003,1997,1943,693,683,680,0
300000.0,2,1,1,58,-2,-2,-1,-1,-2,-2,0.0,0,2007,0,0,8091,0.0,2007,40,0,8131,0,0
175000.0,2,3,2,33,-1,-1,-1,-1,0,-1,960.0,7937,9920,7078,3936,1555,10318.1,10132,7084,4,1555,0,0
75000.0,2,1,2,29,-1,-1,-1,-1,-2,-1,1003.1999999999999,390,317,0,0,7942,507.0,317,0,0,10000,1000,1
212500.0,1,3,1,50,0,0,0,0,0,0,198378.0,170562,170024,32898,34869,73932,10400.0,4000,3000,2500,5000,3000,0
25000.0,1,2,2,61,5,4,3,2,2,-2,23972.399999999998,19375,18405,17680,18000,19000,0.0,0,0,1500,1000,1000,0
225000.0,2,2,1,39,-1,-1,-2,-2,-1,-1,9600.0,0,0,0,600,0,0.0,0,0,600,0,0,1
100000.0,1,3,2,30,0,0,0,0,0,0,96591.59999999999,78736,71663,57571,58485,59655,3945.5,3021,2300,2500,2300,2500,0
162500.0,1,2,1,40,0,0,0,0,-2,-2,9612.0,5932,4950,0,0,0,1950.0,1012,0,0,0,80000,0
25000.0,1,3,2,40,0,0,0,0,0,0,20838.0,19001,20269,18654,18914,20200,3403.4,2276,791,686,1600,0,0
250000.0,2,1,1,45,2,2,2,2,2,2,96561.59999999999,82874,84900,85758,87003,89112,5460.0,4100,3000,3400,3500,0,1
625000.0,2,1,2,32,0,-1,0,0,0,0,9993.6,24491,26085,27644,28884,32930,33085.0,2000,2000,2000,5000,5000,1
125000.0,2,2,1,45,2,2,2,2,2,2,56691.6,48294,49213,49827,51005,53142,2600.0,1900,1600,2000,3000,0,1
562500.0,1,1,1,58,-1,-1,-1,-1,-1,0,4647.599999999999,3119,8970,1323,11990,8838,4066.4,9008,1323,12008,214,1327,0
62500.0,1,3,1,60,0,0,-2,-2,-2,-2,37080.0,0,0,0,0,0,0.0,0,0,0,0,0,1
350000.0,2,1,2,42,0,0,0,0,0,0,336387.6,284176,283680,273446,279458,269333,13656.5,10424,10047,10683,10073,9084,1
25000.0,2,2,2,26,0,0,0,0,0,0,12130.8,11153,11841,4725,9135,18355,3900.0,2000,1200,5000,10000,8906,0
37500.0,2,1,2,45,-1,-1,2,2,2,2,170.4,215,139,19,19,79,461.5,120,0,0,60,60,0
375000.0,2,1,2,44,-1,-1,-2,-2,-2,-2,2422.7999999999997,0,0,0,0,0,1.3,0,0,0,0,2774,1
25000.0,1,3,2,55,-1,-1,-1,-1,-1,0,2629.2,1140,12656,1693,303,12303,1482.0,12656,1700,500,12000,0,0
100000.0,1,2,2,45,0,0,0,-1,-1,-1,97813.2,65605,62779,634,892,412,4160.0,3000,1000,1000,412,3542,0
400000.0,2,1,2,36,0,0,0,0,0,0,92462.4,65457,62680,62597,60080,55314,3900.0,3000,3017,2100,3000,3000,0
62500.0,1,2,2,40,-1,-1,-1,-1,-1,-1,1200.0,14300,17820,3800,2241,12241,18590.0,17820,3800,2241,12500,0,0
587500.0,1,3,1,52,0,0,0,0,0,0,196234.8,129341,106390,82181,79402,72121,6110.0,30002,20000,40000,35000,40000,0
200000.0,2,1,1,40,1,-2,-1,-1,-2,-2,0.0,0,6371,0,0,0,0.0,6371,0,0,0,8399,0
37500.0,1,3,2,33,0,0,0,0,2,2,27160.8,23638,24689,28809,30052,29057,1800.5,1440,4560,2001,1,1228,1
562500.0,1,1,2,31,0,0,0,-1,-1,-1,24685.2,37283,43482,5626,73516,11854,26000.0,20006,5676,74306,11889,13347,0
350000.0,2,1,2,35,-1,-1,-1,-1,-1,-1,10232.4,13219,10132,29142,20644,1647,17217.2,10157,29187,20669,3003,3250,0
375000.0,2,2,1,51,1,-2,-1,0,-1,-1,0.0,0,194,1375,13970,1672,0.0,194,1181,14039,1679,4156,0
112500.0,2,3,1,58,0,0,0,0,0,0,104682.0,88338,78994,50095,48987,49519,5200.0,2602,2000,3000,2000,5000,0
50000.0,2,3,1,48,0,0,0,0,0,0,45908.4,38901,38103,36207,33138,31339,2210.0,1504,1200,1500,1500,1000,0
175000.0,2,2,1,32,1,2,2,0,0,0,166869.6,140243,132693,135638,132105,134851,6370.0,0,5200,5000,5100,4800,0
125000.0,2,1,1,57,0,0,0,0,0,0,5688.0,3584,3609,3381,3666,2233,2600.0,2000,2054,2000,0,975,0
350000.0,2,2,1,44,2,3,2,2,2,2,224205.6,190570,194189,189806,201410,205479,10400.0,8000,0,14500,7300,7500,1
62500.0,1,1,2,30,-1,-1,-1,-1,-1,-2,3051.6,14335,566,5243,0,0,18770.7,566,5243,0,0,1380,0
175000.0,2,2,2,29,2,2,2,2,2,2,60771.6,51916,52903,53652,52201,55497,3120.0,2400,2200,0,4300,2200,1
175000.0,2,1,1,44,-2,-2,-2,-2,-2,-2,5584.8,5525,5088,4480,2338,4250,7182.5,5088,4480,2338,4733,22566,0
450000.0,2,3,2,43,-1,-1,-1,-1,0,0,8284.8,0,751,15369,7845,6786,0.0,1502,15369,200,0,0,1
25000.0,2,1,2,29,0,0,0,0,0,0,17127.6,13327,11789,11200,13244,13539,1537.9,2000,1200,2244,506,561,0
225000.0,2,1,2,30,-2,-2,-2,-2,-2,-2,0.0,0,0,0,0,0,0.0,0,0,0,0,0,0
12500.0,1,2,2,30,1,-2,-2,-2,-2,-2,0.0,0,0,0,0,0,0.0,0,0,0,0,0,0
150000.0,1,2,1,43,1,2,2,2,2,2,139612.8,111960,115804,92542,83581,61650,0.0,6781,0,5550,0,0,0
250000.0,2,3,1,46,-2,-2,-2,-2,-2,-2,0.0,0,0,0,0,0,0.0,0,0,0,0,504,0
375000.0,2,3,2,53,1,3,2,-1,0,-1,0.0,779,390,769,772,1722,1015.3000000000001,1,769,3,1730,0,1
250000.0,1,1,1,48,-1,-1,-1,-1,-1,-1,1372.8,2480,3372,1081,2384,6595,3257.8,3380,1085,2394,6601,29708,0
75000.0,1,2,2,40,0,0,0,0,2,0,41524.799999999996,35625,36701,39048,37269,38000,2470.0,1953,3300,0,1430,1300,0
25000.0,1,3,2,42,0,0,2,2,-2,-2,22347.6,21501,20650,0,0,0,4551.3,0,0,0,0,0,0
62500.0,1,1,2,28,0,0,0,0,0,0,22399.2,15554,17159,8402,6646,7534,2600.0,2000,1500,500,1000,2000,0
25000.0,1,2,2,51,-1,-1,-1,0,0,-2,936.0,0,1170,780,0,0,0.0,1170,0,0,0,0,1
225000.0,2,3,1,48,1,-1,-1,-1,-2,-2,0.0,8016,1200,0,0,0,10420.800000000001,1200,0,0,0,0,0
150000.0,2,1,1,47,0,0,0,0,0,0,27997.2,12125,13903,13858,14777,46061,6500.0,5000,5000,5000,10000,6000,0
625000.0,2,3,2,34,-2,-2,-2,-2,-2,-2,6028.8,798,5921,2381,823,801,1042.6000000000001,5950,2392,827,805,30435,1
162500.0,2,2,2,29,0,0,-1,0,0,0,162559.19999999998,126091,128636,103400,40638,11104,5380.7,137549,3519,1180,0,0,0
187500.0,2,1,1,41,-1,-1,-1,-1,-1,-1,16136.4,17877,25172,4694,6292,13943,23288.2,25349,4694,6324,14433,17378,0
87500.0,2,2,2,35,0,0,2,0,0,0,12846.0,58825,53080,49153,47139,37610,65092.3,0,2000,2000,2000,2000,0
62500.0,1,2,2,52,0,0,0,0,-1,0,61354.799999999996,50378,48282,0,2068,30135,2724.8,1000,0,2068,30067,1051,0
25000.0,2,3,1,32,3,2,0,0,0,0,19204.8,15450,16892,17396,14017,0,0.0,1696,1200,22,0,0,1
300000.0,2,2,1,37,0,0,0,0,0,0,63943.2,16920,12869,14497,12262,8331,10400.0,1500,5000,1000,3000,2666,0
150000.0,1,2,2,39,1,2,2,3,2,0,54906.0,46725,49653,48571,47664,48720,2600.0,4000,0,0,2000,2000,1
175000.0,1,1,2,34,0,0,0,0,0,0,170452.8,142087,255846,140057,100177,100873,7930.0,5528,4500,3500,4000,4000,1
600000.0,2,2,1,51,-1,-1,-1,-2,-1,0,1191.6,1317,0,0,4415,1978,1712.1000000000001,0,0,4415,0,0,0
37500.0,2,1,2,27,2,2,0,0,0,-1,35025.6,25908,19998,15675,8240,438,0.0,1441,1000,165,438,0,1
187500.0,2,1,1,44,-1,-1,-1,-1,-1,-1,12176.4,0,1351,2942,384,504,0.0,1351,2942,384,504,280,0
25000.0,1,1,1,41,0,0,0,0,0,0,22749.6,19427,19021,19449,19162,0,1950.0,2000,1200,413,0,0,1
100000.0,2,3,1,45,0,0,0,0,0,0,90921.59999999999,78069,79196,25722,26261,26784,4550.0,2934,897,929,935,984,0
100000.0,2,2,2,27,0,0,0,0,0,0,96589.2,64868,51936,30165,30145,30085,3025.1,1687,1052,1076,1121,1237,0
150000.0,1,1,2,35,-1,2,2,-1,-1,-1,1800.0,3010,1700,1125,909,786,2210.0,0,1125,909,786,1433,0
62500.0,2,3,2,28,0,0,0,0,0,-1,39346.799999999996,7006,8880,15088,0,27529,1950.0,2000,6700,5000,28103,1032,0
625000.0,1,1,1,39,0,0,0,0,0,0,125565.59999999999,104176,70726,45435,49408,53372,4914.0,3030,10327,10031,10255,115270,0
300000.0,2,2,1,42,-1,2,-1,-1,-1,0,2122.7999999999997,842,14015,0,1317,566,0.0,14015,0,1317,0,0,0
112500.0,2,3,1,45,1,2,2,3,2,2,94771.2,84566,89609,87282,88261,90029,9750.0,7300,0,3300,3300,0,1
12500.0,2,2,2,27,0,0,0,0,0,2,7156.8,7145,8144,8861,10104,9803,1669.2,1283,1000,1535,0,1000,0
625000.0,1,1,1,47,-1,-1,-1,-1,-1,-1,35238.0,94120,36511,18323,7865,7960,122375.5,36575,18323,13445,9016,7077,0
200000.0,2,2,1,44,0,0,-2,-2,-1,-1,127512.0,0,0,0,390,86188,0.0,0,0,390,86188,3272,0
712500.0,2,1,1,44,-2,-2,-2,-2,-2,-2,2872.7999999999997,3872,3635,5130,7563,4889,5046.6,3653,5145,7573,4894,4232,0
162500.0,2,2,2,31,0,0,0,2,2,2,157603.19999999998,123443,132517,133747,134230,131986,7800.0,12600,4900,5105,0,5050,0
62500.0,1,2,2,58,0,0,0,0,0,0,60362.399999999994,49440,49891,20503,20159,20268,2730.0,1793,700,731,735,616,0
200000.0,2,3,1,41,1,-1,-1,-1,-1,-1,0.0,17029,1283,4404,0,535,22137.7,1283,4404,0,535,0,0
137500.0,2,2,2,38,0,0,0,0,0,0,124981.2,106217,108884,112149,112507,114200,4928.3,4368,5500,3971,6280,10300,1
287500.0,2,2,1,37,0,0,0,0,2,0,105316.8,73526,72376,76870,75211,76645,3419.0,2614,6000,0,3000,2800,1
250000.0,2,1,2,34,1,-1,-1,-1,-1,-1,66945.59999999999,8360,4897,5065,19468,0,10912.2,4927,5089,19561,0,125,0
112500.0,2,3,1,30,0,0,0,0,0,0,30967.199999999997,16919,17566,8718,6432,2655,2104.7000000000003,1266,1048,1032,1655,0,0
187500.0,2,2,1,42,-2,-1,-1,-2,-2,-1,0.0,1771,0,730,626,2718,2302.3,0,730,626,2718,0,0
75000.0,1,2,2,29,0,0,0,0,0,0,57308.4,26340,16532,15782,17782,9450,1908.4,2000,0,2000,0,0,0
437500.0,1,1,1,40,0,0,0,2,-1,2,18231.6,19734,5338,3042,2418,2233,6756.1,3000,0,2500,0,5000,0
312500.0,1,1,2,34,0,0,0,0,0,0,85064.4,67060,63561,59696,56875,55512,3900.0,3000,3000,3000,3000,3000,0
325000.0,1,1,1,56,1,-2,-2,-2,-2,-2,0.0,0,0,6682,1718,1512,0.0,0,6882,1734,1512,0,0
62500.0,1,1,2,33,0,0,-1,-1,-1,-1,22525.2,10655,1659,6524,29949,3268,13000.0,1659,6546,29949,3268,399,0
125000.0,1,2,1,54,0,0,0,2,0,0,41644.799999999996,30906,28325,22160,18842,17023,2614.3,2028,10,558,1044,12,0
62500.0,2,3,1,36,0,0,0,0,0,0,35677.2,30329,26823,27454,27286,27858,1950.0,1500,1500,1000,956,1000,0
125000.0,2,2,1,40,-2,-2,-2,-2,-2,-2,4602.0,1891,1799,1728,6000,0,2458.3,1799,1728,6000,0,330,0
262500.0,1,1,1,42,-1,-1,-1,-1,-1,-1,3712.7999999999997,565,1188,2667,546,578,734.5,1188,2667,546,578,2769,0
162500.0,2,1,2,34,1,-2,-2,-2,-2,-2,0.0,0,0,0,0,0,0.0,0,0,0,0,1313,0
325000.0,2,2,1,37,-2,-2,-2,-2,-2,-2,1498.8,0,0,0,1178,1692,0.0,0,0,1178,1692,810,1
450000.0,1,2,1,56,-1,-1,-1,-1,0,0,16911.6,10575,7675,18602,20461,33404,13747.5,7685,18610,8000,21004,0,0
37500.0,1,2,1,41,0,0,2,0,0,0,22129.2,19936,20803,21655,22646,23764,2340.0,1500,1500,1500,1500,1500,1
312500.0,2,1,2,36,1,-2,-2,-2,-2,-2,0.0,0,0,0,0,0,0.0,200,0,0,200,86,0
250000.0,1,2,1,56,-1,-1,-1,-1,-1,-1,2028.0,0,396,792,0,396,0.0,396,792,0,396,792,1
125000.0,2,1,2,47,0,0,0,0,0,0,109369.2,93027,94925,96837,98894,100500,3425.5,2688,2718,2854,2500,0,0
37500.0,2,3,1,49,0,0,2,2,2,2,31148.399999999998,28914,29754,28583,29739,28412,4420.0,1600,0,2220,0,1100,0
150000.0,1,2,2,33,0,0,0,0,0,0,111212.4,92809,93392,93609,95055,96761,5870.8,5005,5006,5014,5008,4008,0
137500.0,2,2,1,42,0,0,0,0,0,0,24879.6,21738,22760,23466,24085,24584,2082.6,1624,1330,949,976,988,0
112500.0,2,2,1,31,2,0,0,0,0,0,107936.4,91929,88433,88010,87814,87831,6500.0,4300,3500,3500,3700,3100,0
162500.0,1,2,1,47,1,-2,-2,-2,-2,-2,0.0,0,0,0,0,0,0.0,0,0,0,0,1000,1
75000.0,2,2,3,69,2,0,0,0,0,0,29449.2,25838,27022,28357,28992,24505,2600.0,2000,2000,1000,1000,2000,1
312500.0,2,1,2,40,-2,-2,-2,-2,-2,-2,793.1999999999999,661,268,0,0,0,0.0,268,0,0,0,0,0
37500.0,2,2,1,31,1,2,0,0,0,0,36418.799999999996,29580,30121,12787,6840,2250,0.0,1200,256,137,45,0,0
387500.0,1,2,1,43,-1,-1,-1,-1,-1,-1,27942.0,1058,0,1312,4836,11795,1375.4,142,1312,4836,11795,0,0
62500.0,2,2,1,33,1,2,0,0,0,0,49761.6,40507,41464,35334,26875,23338,0.0,1970,1827,1044,993,1999,0
62500.0,2,1,1,41,2,0,0,2,2,2,44876.4,40292,43073,44067,44955,44081,4550.0,3452,2000,1738,0,4000,1
75000.0,2,2,2,30,0,0,0,0,0,0,64136.399999999994,51734,50293,26667,26608,27665,2632.5,5000,2000,1000,1500,1000,0
287500.0,2,3,1,36,0,0,0,0,0,0,221332.8,182933,178409,175091,171800,168476,9120.800000000001,5500,5125,5031,4969,5071,0
62500.0,2,2,1,42,0,0,0,0,0,0,58668.0,49083,48102,91452,9551,9746,2323.1,2247,1900,382,195,199,0
250000.0,2,2,1,45,0,0,0,0,0,0,26478.0,23382,21522,8815,4280,0,2600.0,1128,4280,0,0,0,0
525000.0,1,3,1,64,0,0,0,0,0,0,29266.8,21232,24524,21318,21496,19704,2252.9,10026,1606,2006,707,1037,0
150000.0,2,1,2,31,0,0,0,0,0,0,124142.4,104546,105326,111987,112652,114337,5200.0,4000,10000,4000,5000,4200,0
450000.0,2,2,1,52,-1,-1,-1,-1,0,0,492.0,3620,7656,56397,43882,21818,4706.0,7656,56397,0,0,12117,0
25000.0,2,1,2,28,-1,0,0,0,0,0,5347.2,7339,9662,9708,4779,6968,3900.0,4029,5514,3000,3000,8000,0
62500.0,1,3,1,50,0,0,0,0,0,0,35144.4,29875,15028,5639,6389,7130,2080.0,1700,1250,1000,1000,1000,0
75000.0,1,3,3,48,0,0,0,0,0,0,84440.4,66657,63553,59633,55689,52778,3139.5,3000,2125,2007,3000,1758,0
325000.0,2,2,2,31,0,0,2,2,0,0,310036.8,279322,282092,255409,257913,262004,59079.8,9000,0,9394,9628,8539,0
37500.0,1,3,1,31,1,2,0,0,0,0,36976.799999999996,29551,24034,21155,18413,0,0.0,1500,1150,900,0,0,1
62500.0,2,1,2,28,2,2,0,0,2,2,60801.6,46576,46225,46473,45099,45116,0.0,2120,2810,1000,2083,1500,1
112500.0,1,1,1,66,0,0,0,0,0,0,55729.2,46896,47463,45812,41367,40278,2290.6,1875,1500,1400,1500,1258,0
362500.0,2,1,2,36,0,0,0,0,0,0,50254.799999999996,42882,43992,45061,46998,51046,2600.0,2100,2100,3000,5000,2050,0
25000.0,2,1,2,27,0,0,0,0,0,0,20323.2,18139,18024,18500,18067,17640,3489.2000000000003,2000,1600,361,353,360,0
137500.0,2,1,1,60,-1,2,2,-1,0,-1,758.4,316,0,632,316,632,0.0,0,948,0,632,0,0
62500.0,1,1,2,31,0,0,0,0,0,2,53805.6,45894,47121,45625,49367,46001,2299.7000000000003,1996,1800,4603,0,1486,1
450000.0,2,2,2,38,0,0,0,0,0,0,8588.4,8446,9034,8340,3144,0,2600.0,1501,1000,900,0,0,0
100000.0,2,2,1,41,-1,-1,-1,-1,-1,-1,2026.8,8638,5702,2980,1260,7868,11229.4,5723,2980,1260,7868,2198,0
100000.0,1,3,2,49,0,0,0,0,-1,-1,66356.4,56677,57687,4500,4500,0,2990.0,2200,1005,4500,0,0,1
362500.0,1,1,2,34,1,-2,-2,-2,-2,-2,0.0,0,0,0,0,0,0.0,0,0,0,0,0,1
300000.0,2,1,2,38,0,0,0,0,0,0,73416.0,57174,73008,61310,39694,45301,30188.600000000002,50192,10078,24694,28407,7458,0
312500.0,1,2,1,50,0,0,0,0,0,0,170401.19999999998,135291,138084,100574,40066,38765,6609.2,6399,5000,2000,1615,2000,0
100000.0,2,3,1,70,0,0,0,0,0,0,98488.8,80260,82116,80299,81416,81617,4511.0,3750,3520,3069,3271,3262,0
400000.0,1,1,2,36,-2,-2,-2,-2,-2,-2,5334.0,4959,4000,3992,1590,0,6479.2,4121,4012,1598,0,0,0
137500.0,1,2,2,52,0,0,0,0,0,0,87476.4,72755,71698,72418,72293,73954,4277.0,3200,2700,2800,3000,2650,0
337500.0,2,2,1,44,0,0,0,0,0,0,102992.4,87664,90515,91903,93864,96118,3900.0,4000,3403,3200,3479,4000,0
37500.0,2,2,2,33,2,2,2,2,2,2,24261.6,19607,21778,22124,22622,23002,0.0,2500,1000,1000,900,900,0
125000.0,2,3,1,55,2,0,0,3,3,2,64618.799999999996,55030,61574,62470,61198,62524,2665.0,7500,2500,0,2500,2500,1
125000.0,2,3,1,29,-1,-1,-1,-1,-1,-2,528.0,470,470,470,0,0,650.0,470,470,0,0,0,0
37500.0,2,3,1,43,2,2,0,0,2,2,6822.0,5448,7347,8024,7751,9607,0.0,2000,800,0,2000,0,1
125000.0,1,1,2,31,0,0,0,-1,0,0,2216.4,3614,3252,42058,33171,18379,2600.0,2000,42058,500,2000,2000,0
387500.0,2,1,2,33,0,0,0,0,0,0,211878.0,152037,166900,154297,146844,146883,33191.6,50120,30000,20000,5807,5800,0
450000.0,2,3,1,50,0,0,0,0,0,-1,200844.0,183070,190369,185069,195069,27004,26000.0,16000,5000,20000,30000,10000,0
62500.0,1,2,1,43,0,0,0,0,0,0,55810.799999999996,47072,47637,44429,27279,27318,2600.0,2000,2000,944,1118,1000,0
287500.0,2,3,1,45,-1,-1,-1,-1,-1,-1,2227.2,32254,4805,1600,4712,3466,41930.200000000004,4819,1600,4712,3466,3199,0
37500.0,1,3,2,30,2,0,0,0,0,2,28105.2,24228,25331,26347,27508,30118,1950.0,1500,1439,1600,3200,0,1
137500.0,1,5,1,41,0,0,0,0,0,0,70738.8,60131,61329,62402,63112,64325,3900.0,3000,3000,2500,3000,2500,0
409600.0,1,3,2,47,0,0,0,0,0,0,412813.2,336175,333048,277250,256365,243600,14584.7,11461,9100,8345,7783,9200,1
75000.0,2,2,2,36,0,0,0,0,0,2,71311.2,59643,61279,61017,30117,29526,3640.0,3200,2535,2331,0,1073,0
425000.0,1,1,2,49,0,0,0,0,0,0,99670.8,85634,73950,59324,156094,110234,26000.0,5000,2000,112000,4234,4000,1
200000.0,2,1,2,32,-1,-1,-1,-1,0,-1,345.59999999999997,451,1665,330,165,794,586.3000000000001,1680,330,0,794,2349,0
412500.0,1,1,1,42,-1,-1,-1,-1,-2,-2,10136.4,0,176,0,0,0,0.0,177,0,0,0,0,0
187500.0,2,1,2,34,0,0,0,0,0,0,47058.0,49300,53030,65006,50515,0,14560.0,16000,12376,1109,0,0,0
62500.0,1,2,1,59,2,2,2,2,2,2,58267.2,49240,48647,36411,32087,22909,2345.2000000000003,2045,1314,1268,0,2436,1
287500.0,2,2,2,34,0,0,0,0,0,0,40213.2,34892,31917,33361,34056,32353,2600.0,1600,2000,1500,1500,2000,0
225000.0,1,2,1,45,-1,-1,-1,-1,-1,-1,3685.2,5630,9040,1288,1419,2385,7330.7,9044,1290,1421,2386,1964,0
387500.0,1,2,2,29,0,0,0,0,0,0,198572.4,167227,103601,102895,101017,95530,7800.0,4500,4348,3407,4000,4000,0
450000.0,2,2,1,47,0,0,0,0,0,0,142041.6,124934,131328,137605,140729,146194,13000.0,10000,10000,5500,8000,6000,0
162500.0,2,3,2,28,-1,0,0,0,0,0,6862.8,15578,19887,11659,11735,8541,13000.0,5000,2000,2000,2000,1000,0
412500.0,2,2,1,42,-2,-2,-2,-2,-2,-2,2577.6,0,3080,3119,0,7255,0.0,3080,3119,0,7255,9060,0
375000.0,2,2,2,29,0,0,0,-1,-1,-1,31389.6,25673,14290,7490,2962,0,7374.900000000001,7000,7490,2962,0,0,0
100000.0,2,2,2,36,0,0,2,0,0,2,61392.0,54207,52775,53906,60099,61402,5850.0,0,2000,7100,2400,0,0
62500.0,2,2,1,39,0,0,0,0,-2,-2,3349.2,4563,5000,0,0,0,2600.0,1200,0,0,0,0,0
12500.0,1,3,2,36,0,0,2,0,0,0,12142.8,10188,9089,9271,9618,8516,3900.0,0,295,459,1500,2000,0
112500.0,2,1,2,31,0,0,0,0,0,0,38584.799999999996,33521,34443,31223,31723,32505,2454.4,1810,1300,1152,1310,1197,0
287500.0,2,2,1,47,-2,-2,-2,-2,-2,-1,9487.199999999999,2131,5733,4292,4694,4709,2779.4,5756,4303,4711,4741,6037,0
287500.0,1,3,1,66,2,2,-2,-2,-2,-2,3000.0,0,0,0,0,0,0.0,0,0,0,0,0,1
262500.0,1,1,2,34,-2,-2,-2,-2,-2,-2,0.0,0,0,0,0,0,0.0,0,0,0,0,0,1
25000.0,2,1,2,28,0,0,0,0,0,0,20598.0,18387,19573,19504,19642,20128,1950.0,1600,700,1000,1000,1000,0
87500.0,1,1,2,55,0,0,0,0,0,0,67861.2,34489,32669,31429,31749,21385,2470.0,1630,890,1300,762,1000,0
187500.0,2,1,1,50,0,0,0,0,0,0,148296.0,126136,128709,131292,134011,136711,4647.5,3647,3678,3793,3835,3952,0
200000.0,1,2,2,29,0,0,0,0,0,0,91264.8,73992,73246,71321,141494,72913,4257.5,3000,3000,3000,3500,2500,0
250000.0,2,3,2,42,-2,-2,-2,-2,-2,-2,4725.599999999999,8556,4846,807,2183,210,11148.800000000001,4850,1047,2183,210,0,0
112500.0,2,2,1,30,0,0,0,0,0,0,105030.0,89052,85807,68186,69011,70341,5460.0,3000,3000,3000,2600,3000,1
37500.0,2,2,2,52,2,2,2,2,2,2,18106.8,16039,17080,17302,17521,17893,1950.0,1600,800,800,800,800,1
37500.0,2,2,2,30,0,0,0,0,0,0,25224.0,21207,21403,21074,21289,21425,2600.0,2000,1500,2000,1000,1000,1
287500.0,2,3,1,50,0,0,0,0,0,0,18192.0,14513,15221,16501,10283,9086,1950.0,3000,3000,1000,1000,2140,0
350000.0,2,2,1,54,2,2,2,0,0,0,34545.6,31315,30529,33562,34557,35600,4309.5,0,3562,1557,1600,3175,0
250000.0,2,2,1,39,0,0,0,-1,-1,-2,5757.599999999999,4490,5366,2141,0,0,1462.5,1000,2141,0,0,0,0
300000.0,2,1,2,43,-2,-2,-2,-2,-2,-2,4579.2,3816,3816,3816,816,3816,4960.8,3816,3816,816,3816,816,0
250000.0,2,1,1,43,-2,-2,-2,-2,-2,-2,18118.8,6370,5991,7298,9225,4072,8281.0,5991,7298,2105,10249,0,0
25000.0,1,3,1,32,1,3,2,0,0,-2,24463.2,20757,19200,20000,0,0,1300.0,0,1000,0,0,0,0
162500.0,2,2,2,29,0,0,-1,-1,-1,0,58516.799999999996,27347,37528,2793,28865,14986,1344.2,37559,2805,28865,300,11083,0
212500.0,2,3,1,51,-1,-1,-1,-1,-1,0,295.2,123,5436,1229,93787,95816,159.9,5436,1229,93970,4000,3348,0
137500.0,2,1,2,33,0,0,2,0,0,0,135543.6,225099,221798,111960,111636,111733,16250.0,0,4400,4218,4323,4550,0
125000.0,1,2,1,33,0,0,0,0,0,0,89122.8,59948,56323,48985,23894,23402,3655.6,2081,2077,1003,1015,1000,0
62500.0,1,3,1,54,0,0,0,0,0,-1,48337.2,9630,10614,10478,10490,390,1524.9,1157,411,608,690,780,0
412500.0,2,3,2,36,-1,-1,-1,-1,-1,-1,6576.0,30630,6350,6033,2205,0,39819.0,6350,6033,5649,0,173,0
525000.0,2,2,2,34,0,0,0,0,-1,0,98682.0,67757,53524,0,96795,81523,3900.0,3000,182,123000,2740,2200,0
100000.0,2,3,1,60,0,0,0,0,0,0,56132.4,44628,43943,42913,43217,41662,6531.2,5014,5016,5017,5011,5014,0
137500.0,2,2,2,64,2,0,0,0,0,0,107514.0,126322,59115,57149,54180,51796,3168.1,3804,1857,1840,1832,1648,0
212500.0,2,1,2,30,-1,-1,-1,-1,-1,-1,14661.6,5500,100,1608,1800,897,7159.1,100,1608,1800,897,1443,1
225000.0,2,1,2,31,1,-2,-2,-2,-1,-1,0.0,0,0,0,298,7550,0.0,0,0,298,7550,0,0
37500.0,2,2,2,28,4,3,2,2,2,2,34328.4,27868,28312,28747,29439,29909,0.0,1200,1200,1300,1100,0,0
625000.0,2,1,2,39,0,0,0,0,0,0,96756.0,80112,81726,74297,66132,67695,3900.0,3006,2600,3000,2600,2800,0
262500.0,1,2,1,35,0,0,0,0,0,0,39483.6,33275,34174,34141,34456,34737,2080.0,1846,1209,1248,1247,1212,1
175000.0,1,2,1,45,0,0,0,0,0,0,167138.4,138095,140725,139401,103929,101148,6428.5,5254,4861,3649,3653,3700,1
62500.0,2,3,2,28,0,0,0,0,0,0,52774.799999999996,33403,20879,18573,17318,17936,2600.0,2000,2000,1000,1000,2800,0
250000.0,2,2,1,47,-1,-1,-1,-1,-2,-2,9660.0,0,1560,0,0,0,0.0,1560,0,0,0,0,0
325000.0,2,2,1,50,-1,-1,-1,-1,-1,-1,9471.6,5923,5601,5480,5911,5963,7699.900000000001,5601,5482,5911,5963,5757,0
25000.0,1,2,2,36,0,0,0,0,2,2,15830.4,14202,15237,17164,17294,16110,1599.0,1265,2192,694,0,3134,1
187500.0,2,1,3,35,-2,-2,-2,-2,-2,-2,60.0,6527,2168,0,1373,0,11165.7,2500,0,1380,0,2050,0
300000.0,2,1,2,33,1,-2,-1,-1,-1,-1,0.0,0,1522,2141,590,176,0.0,1522,2141,590,176,1720,0
137500.0,1,2,2,27,0,0,0,0,0,0,119050.79999999999,54218,40110,41362,41296,41225,2295.8,2000,2000,2000,2000,2000,1
100000.0,2,3,2,32,0,0,0,0,0,0,65020.799999999996,24393,25924,16558,17280,17652,1950.0,2000,1300,1000,650,1000,1
175000.0,2,3,2,29,0,0,0,0,0,0,151855.19999999998,124926,111220,75706,69278,58589,6398.6,3910,4604,4000,3000,4000,0
212500.0,2,1,1,33,0,0,0,0,-1,-1,24362.399999999998,14653,7234,9908,3205,60,3900.0,1000,5000,3205,60,0,0
300000.0,2,1,2,41,0,0,0,0,0,0,8739.6,5266,5113,7113,7113,4178,1641.9,1000,2000,2500,2000,5000,0
62500.0,1,2,2,36,1,2,0,0,2,0,58388.4,45079,47714,19586,19143,20051,0.0,4300,2150,0,1204,1000,0
62500.0,2,3,2,28,0,0,0,0,0,0,59965.2,51132,50608,37700,11325,9814,2993.9,2252,2498,372,500,365,0
262500.0,2,2,1,35,-1,-1,-2,-2,-2,-2,3381.6,0,0,0,0,0,0.0,0,0,0,0,0,0
137500.0,2,1,2,32,0,0,0,2,0,0,37153.2,31860,35254,30250,21436,25325,2210.0,4000,0,1000,5000,3000,0
200000.0,2,1,2,35,-1,-1,-2,-1,-1,2,11568.0,0,0,2804,403,253,0.0,0,2804,403,0,3144,0
350000.0,2,3,2,52,2,2,-1,-1,2,-1,2150.4,0,2292,1153,607,3076,0.0,2292,1153,0,3076,4983,1
475000.0,1,1,2,37,0,0,0,0,0,0,465421.2,349973,689643,334456,329981,292421,16991.0,13000,26000,20095,11000,11000,0
150000.0,1,1,2,39,-1,-1,2,-1,-1,-2,775.1999999999999,1278,639,621,0,0,1652.3,0,621,0,0,0,1
625000.0,2,3,2,51,-1,0,-1,-1,0,0,29086.8,36674,1558,310852,301854,133761,19500.0,1558,310852,10000,5000,5000,0
162500.0,1,2,2,30,0,0,0,0,0,0,46888.799999999996,39767,38680,5654,1938,522,2295.8,1521,3100,0,10,0,0
100000.0,2,2,1,44,0,0,0,0,0,0,58540.799999999996,46401,39456,30712,29629,28241,2852.2000000000003,1560,1421,1001,1000,1008,0
100000.0,2,2,1,42,0,0,0,0,0,0,69396.0,55107,51616,47843,48427,49101,2733.9,2023,1850,1800,1806,1516,0
112500.0,2,2,2,40,2,2,2,2,2,2,107138.4,91247,68552,67324,39573,28610,8061.3,0,25000,0,2235,0,0
75000.0,2,2,1,57,1,2,0,0,0,0,34720.799999999996,27122,27774,28347,28515,28715,0.0,1481,1444,1002,1030,1081,0
350000.0,1,2,2,31,-2,-2,-2,-2,-2,-2,2523.6,2768,4425,23083,489,2937,3615.3,4447,23198,491,2951,0,0
75000.0,2,6,1,44,-1,-1,-1,-1,-1,-1,219.6,1419,3541,2248,0,449,1844.7,3541,2248,0,449,0,0
125000.0,1,1,2,39,-1,2,2,-1,-1,-2,926.4,772,0,2562,0,0,0.0,8,2570,0,0,0,0
450000.0,1,2,1,45,-1,-1,-2,-1,-1,-1,15195.599999999999,0,0,2455,6447,0,0.0,0,2455,6447,0,0,0
287500.0,2,2,1,37,0,0,0,0,0,0,68710.8,46226,36089,34158,22872,22592,3250.0,3000,3000,1500,1500,2000,1
87500.0,2,2,2,30,0,0,0,0,0,0,27522.0,23963,24979,25665,26357,26768,1817.4,1414,1100,1104,1000,1155,0
25000.0,1,1,2,29,0,0,0,0,0,0,16030.8,14438,15461,16200,16936,17273,1690.0,1270,1000,1000,619,800,1
450000.0,1,1,1,46,-2,-2,-2,-2,-2,-2,379.2,736,2178,316,1812,1510,956.8000000000001,2178,316,1812,1510,485,1
225000.0,1,1,2,35,0,0,0,0,0,0,167764.8,136528,57096,52694,50276,52945,9100.0,6000,3500,3500,3500,3900,0
475000.0,1,2,1,45,0,0,0,0,-1,-1,37831.2,51255,63052,0,1184,21852,27631.5,13052,0,1184,21852,40534,0
250000.0,2,1,2,35,-1,-1,-1,-1,-1,-1,5760.0,2040,5961,1829,1652,584,2652.0,5961,1829,1652,584,5430,0
187500.0,2,2,1,58,-1,-1,-1,-1,-1,-1,2804.4,5335,508,9634,3822,1769,6936.8,509,9636,3822,1779,1017,0
25000.0,2,2,1,28,-1,-1,-1,-1,0,-1,4111.2,11581,10713,4272,4285,16542,15099.5,10739,4272,13,16687,952,0
350000.0,2,2,1,49,0,0,-1,-1,-2,-2,468.0,0,780,0,0,0,0.0,780,0,0,0,0,1
150000.0,2,2,2,31,-1,2,0,0,0,2,3218.4,1725,2682,3272,3455,3261,0.0,1000,1000,1000,0,2000,1
125000.0,2,2,1,54,1,-2,-2,-2,-2,-2,0.0,0,0,0,0,0,0.0,0,0,0,0,0,0
462500.0,1,1,1,45,1,-2,-2,-2,-2,-2,0.0,0,0,0,0,0,0.0,0,0,0,0,0,1
37500.0,1,3,2,34,0,0,0,0,0,0,34256.4,29398,29864,30115,15818,13813,2210.0,1500,1010,1000,1000,1200,0
137500.0,2,2,1,51,0,0,2,0,0,0,123271.2,110179,105137,105467,94294,86381,13910.0,0,5000,4000,4000,5000,0
25000.0,1,3,3,62,0,0,2,0,0,0,22885.2,20442,20141,19888,20318,20364,2600.0,1200,1300,1000,1000,1000,0
612500.0,2,1,1,43,-1,-1,-1,-1,-1,0,5148.0,4738,2803,6027,10722,8452,6159.400000000001,2803,6027,10722,6000,1139,0
187500.0,1,3,2,44,1,-1,-1,-2,-2,-2,257340.0,147280,150000,0,0,0,6734.0,5000,0,0,5000,0,0
475000.0,2,2,2,35,0,0,0,0,0,0,366586.8,299641,256345,258936,228387,203931,15193.1,12160,12434,8651,8531,6974,0
150000.0,2,3,2,52,-1,0,0,-1,-1,-1,8761.199999999999,4542,3390,460,338,679,3025.1,1083,500,350,700,500,0
62500.0,2,3,1,49,0,0,0,0,0,0,56996.4,47122,46789,37465,27450,28025,2997.8,2400,2000,983,1018,1030,0
375000.0,1,2,2,38,0,0,0,0,0,0,340262.39999999997,252308,204975,159596,116322,247931,13000.0,7009,6000,6100,245000,7600,0
62500.0,1,2,2,36,0,0,0,0,0,0,24631.2,15129,15093,9577,11139,12487,2600.0,3000,327,3000,3000,5000,1
237500.0,1,1,2,41,1,2,2,2,2,2,126501.59999999999,107689,109678,110887,111871,114223,7150.0,5200,4500,4300,4300,4400,1
37500.0,1,2,2,32,0,0,0,0,0,0,12492.0,11431,12439,12530,12790,12891,1943.5,1503,594,610,462,478,0
487500.0,2,1,2,32,0,0,0,0,0,0,365840.39999999997,299998,300426,292869,292885,281826,16909.100000000002,10612,10041,11000,10512,7000,1
100000.0,2,1,2,29,1,2,0,0,0,0,2704.7999999999997,620,4220,8540,8540,8540,0.0,3600,4500,0,0,4932,0
250000.0,2,1,2,30,1,2,3,2,3,2,160556.4,144095,140383,146531,142795,136981,18200.0,0,10000,0,0,5100,1
400000.0,2,2,2,35,0,0,0,0,0,0,85566.0,71151,72029,72849,74374,74610,3365.7000000000003,2568,2570,2661,2781,2500,0
187500.0,2,1,2,37,1,-1,-1,-1,0,-1,0.0,258,44476,18547,32581,95780,335.40000000000003,44476,18547,17000,95780,99983,1
100000.0,2,1,2,29,0,0,0,0,0,0,94634.4,71124,59692,58055,44578,45889,5200.0,3000,1844,1567,2000,2000,0
150000.0,2,2,2,28,0,0,0,0,0,0,139576.8,115653,108971,83592,22321,32150,7824.7,5000,5000,2000,20000,10000,0
62500.0,1,3,1,35,2,2,2,0,0,0,18476.399999999998,17699,17127,18076,17061,17419,3746.6,0,1259,591,613,608,1
250000.0,2,2,2,33,1,-1,-1,-1,-1,-1,0.0,1732,828,0,497,1809,2251.6,828,0,497,1809,0,0
62500.0,2,2,1,39,0,0,0,0,0,0,12985.199999999999,11877,13656,14949,16567,16826,1587.3,2000,1500,2000,2000,4000,0
262500.0,1,2,2,47,0,0,0,0,0,0,236644.8,201218,205477,209754,212737,209083,11440.0,9000,9200,8000,8000,9000,0
262500.0,2,1,2,33,0,0,0,0,0,0,245029.19999999998,204530,185587,136410,140051,142976,11700.0,9007,5254,6000,5500,5000,0
500000.0,2,2,1,49,0,0,2,0,0,0,157914.0,139060,126819,104430,104990,94058,13910.0,3,3050,3000,3200,2800,0
512500.0,2,1,1,58,-1,-1,-1,-1,-1,-1,5055.599999999999,187,7884,1842,1129,7592,243.1,7898,1842,1129,7592,0,0
350000.0,2,1,2,40,-1,2,2,-1,2,-1,238.79999999999998,199,0,1012,536,982,0.0,0,1548,0,982,601,0
300000.0,2,1,2,30,1,-1,-1,-1,-1,-2,0.0,587,0,2417,0,0,763.1,0,2417,0,0,7642,0
212500.0,1,2,1,42,-2,-2,-2,-2,-2,-2,6762.0,6321,102108,2120,2873,0,8217.300000000001,102108,2120,2873,0,870,0
25000.0,2,2,2,31,0,0,0,0,0,0,19662.0,17518,19302,18818,19052,9097,2210.0,2484,1000,475,363,4000,0
137500.0,1,3,2,43,0,0,0,0,0,0,63249.6,51021,51166,42718,42183,40909,3209.7000000000003,2119,1857,1418,1390,1408,0
150000.0,2,2,2,34,0,0,0,0,-1,-1,116023.2,77817,29166,7403,3095,9641,4560.400000000001,2003,2772,3095,9641,2803,0
62500.0,2,2,2,29,1,-2,-1,-1,0,0,0.0,0,51400,11330,12144,12938,0.0,51400,11330,1000,1000,1519,0
187500.0,2,1,2,34,-2,-2,-2,-2,-2,-2,3466.7999999999997,3469,1791,570,0,0,4509.7,1791,570,0,0,399,1
25000.0,1,2,2,32,-1,-1,-1,-1,-1,-1,1995.6,1662,1473,1623,1623,1663,2160.6,1473,1623,1623,1663,1623,0
62500.0,1,2,1,56,0,0,0,0,0,0,59535.6,49326,47010,20661,14528,15544,3946.8,6000,1000,2000,2500,3000,0
287500.0,1,2,1,55,0,0,0,0,0,0,113176.8,96269,56058,57174,58371,59561,5306.6,1990,2003,2074,2115,2094,1
100000.0,1,2,2,28,2,0,0,0,0,0,10335.6,12438,15212,15657,17404,19103,5200.0,3000,1000,2000,2000,2836,0
25000.0,1,2,1,40,-1,0,-1,-1,-1,-1,5959.2,3120,2549,2696,1188,2677,1560.0,2549,2696,1188,2677,3241,0
62500.0,1,3,2,59,0,0,0,0,0,0,51718.799999999996,44233,35147,12236,11013,11388,2875.6,2126,415,401,559,554,0
100000.0,2,1,2,34,0,0,0,0,0,2,17072.399999999998,15185,16236,16960,17777,18042,1950.0,1600,1300,1100,700,700,1
150000.0,2,1,2,34,-1,-1,-1,-2,-1,-1,1405.2,644,0,0,745,542,1300.0,0,0,2530,542,922,0
625000.0,1,1,2,50,1,-2,-2,-2,-1,2,0.0,0,0,0,1899,1749,0.0,0,0,1899,0,70200,0
225000.0,2,2,2,44,0,0,0,0,0,0,200298.0,117351,115402,105844,98396,101390,7800.0,7030,8000,5396,5390,5006,0
62500.0,2,2,1,46,2,0,0,0,-1,0,40011.6,31392,27315,0,28890,29168,1952.6000000000001,1000,0,30070,1180,1000,0
125000.0,2,2,2,43,0,0,0,0,0,0,116048.4,89842,82669,70018,57847,43618,5291.0,4025,2511,1523,1292,1236,0
275000.0,1,2,1,44,5,4,3,2,0,0,225198.0,175338,163018,128157,131067,108683,0.0,11,0,4561,5007,170806,0
12500.0,1,2,1,61,2,2,2,0,0,0,2516.4,4193,3978,4062,4196,4326,2990.0,0,150,200,200,160,1
212500.0,1,1,2,33,0,0,0,0,0,0,87904.8,68005,63311,57304,51663,45795,3250.0,3000,2200,2000,1700,1500,0
375000.0,2,1,2,50,0,0,0,0,0,0,147405.6,124057,125120,133997,118000,131067,13050.7,10048,20172,11034,20109,30428,0
525000.0,2,2,1,55,0,0,0,0,0,0,486934.8,412684,411394,277995,249697,258353,20800.0,15000,182781,99000,13000,35000,0
100000.0,2,2,2,36,0,0,0,0,-1,-1,18759.6,17536,17495,13198,10287,3275,2992.6,1774,1000,10287,3295,4122,0
62500.0,2,3,2,54,0,0,2,0,0,0,55761.6,50669,48701,49066,30177,29274,6500.0,0,2500,1151,1156,1052,1
62500.0,1,1,2,31,-1,-1,-1,-1,2,2,631.1999999999999,526,526,1913,1226,1752,683.8000000000001,526,1913,0,1052,0,1
375000.0,2,1,1,47,-2,-2,-2,-2,-2,-2,3600.0,3300,0,0,610,2165,4290.0,0,0,610,2165,2394,0
87500.0,1,2,2,30,0,0,0,2,2,2,60268.799999999996,58639,11512,10586,20389,17369,13000.0,10000,0,10000,0,33000,0
137500.0,2,2,2,31,0,0,2,0,0,0,55959.6,49569,42867,43875,45036,46319,5237.7,0,2000,2000,2180,2000,0
175000.0,1,1,2,32,0,0,0,0,0,0,86728.8,70098,60180,43920,42670,41584,4200.3,2290,3499,1800,2000,2000,0
362500.0,2,2,1,53,1,2,0,0,0,0,351488.39999999997,285272,288543,209443,132211,133946,0.0,14000,9000,5000,5000,5000,1
600000.0,1,1,1,42,0,0,0,0,0,2,564380.4,469673,450172,371819,390178,383822,24059.100000000002,19307,13534,28001,14,11568,0
150000.0,2,2,2,32,0,0,0,0,0,2,43410.0,37062,32916,30947,22974,19539,3900.0,2000,1500,2000,0,8000,0
62500.0,2,2,2,28,0,0,0,0,0,0,57184.799999999996,48529,44669,45684,46592,47568,2600.0,1743,1758,1666,1725,2128,0
500000.0,1,1,2,44,2,2,2,2,2,2,60896.399999999994,49666,52727,51286,55077,55500,0.0,4500,0,4800,1600,0,0
25000.0,1,2,2,30,-1,-1,-1,-1,0,0,922.8,1011,628,2198,365,0,1950.0,700,2500,0,0,2000,0
50000.0,2,2,2,28,0,0,0,0,0,0,47282.4,39321,38246,39289,39882,39650,2600.0,2000,2000,1500,1500,2000,0
575000.0,1,1,1,46,-1,-1,-1,-1,-1,-2,98217.59999999999,7653,47633,1296,0,0,11540.1,47830,1296,0,0,0,0
62500.0,2,3,1,47,0,0,0,0,0,0,60512.399999999994,48115,46991,47276,47870,47865,8457.800000000001,2607,3312,13107,2648,0,1
25000.0,1,2,1,35,1,2,2,2,2,2,20406.0,15451,18067,17469,19905,19763,0.0,2874,0,2712,1566,818,1
25000.0,2,3,1,66,1,-2,-2,-2,-2,-2,0.0,0,0,0,0,0,0.0,0,0,0,0,0,1
62500.0,1,3,2,34,1,-1,-1,-1,-1,-1,0.0,1899,832,0,1662,4537,2468.7000000000003,832,0,1662,4537,2943,0
225000.0,1,1,2,36,-1,-1,-1,-1,-1,-1,7659.599999999999,3166,13346,4195,9934,3317,4160.0,13500,4195,10000,3500,5912,0
312500.0,2,1,1,39,2,0,0,2,0,0,166056.0,141223,156858,151841,152803,155997,6676.8,17994,0,5469,5656,6811,0
112500.0,2,2,1,38,0,0,0,0,2,2,90541.2,76395,79168,84904,87914,90043,3640.0,4000,8000,5348,3700,3128,0
337500.0,1,2,2,36,1,2,2,2,2,0,19939.2,16911,14692,13907,10660,10683,3250.0,0,1000,0,2000,1000,0
250000.0,1,1,1,58,2,2,2,2,2,2,165816.0,140774,142460,144098,147124,149531,8190.0,5500,5500,5500,5000,5000,1
200000.0,1,1,2,41,0,0,0,0,0,0,188130.0,157941,146063,128318,96654,98694,6688.5,5187,5014,3000,3251,3104,0
62500.0,2,2,1,37,0,0,0,0,0,0,43274.4,36345,10529,8337,2475,0,1950.0,1847,1000,0,0,0,0
62500.0,2,1,2,29,0,0,0,0,0,2,15583.199999999999,13994,15020,16335,17040,16625,1599.0,1256,1571,1276,0,624,0
387500.0,1,2,2,38,-2,-2,-2,-2,-2,-2,4848.0,4048,3959,205,3199,5104,5288.400000000001,3964,205,3209,5109,1434,0
112500.0,2,6,2,54,-1,-1,-2,-2,-2,-2,2066.4,0,0,0,0,0,0.0,0,0,0,0,11135,0
62500.0,2,3,1,27,0,0,0,0,-1,0,27424.8,31329,23927,0,83,20083,11700.0,1507,0,83,20000,600,0
237500.0,2,2,2,30,1,-2,-1,0,0,-1,0.0,0,2251,2251,497,7681,0.0,2251,0,600,9289,6374,0
600000.0,2,1,1,50,-1,0,-1,-1,-1,-1,21571.2,10928,650,1597,3750,9429,1310.4,650,1597,3750,9429,1000,0
62500.0,1,3,1,50,0,0,0,0,0,0,52162.799999999996,44462,45510,46501,47119,47321,2619.5,2063,2054,1672,1946,1700,0
150000.0,2,2,2,38,1,2,2,2,2,2,82191.59999999999,70275,68592,72525,73741,72440,4550.0,0,5700,3000,0,3000,1
350000.0,2,1,1,54,-2,-2,-2,-2,-2,-1,5253.599999999999,0,0,0,0,88036,2.6,322,0,0,88360,10045,1
125000.0,1,1,1,65,1,3,2,0,0,-1,9973.199999999999,8031,5790,3860,2599,2712,0.0,0,0,0,2712,0,0
250000.0,2,1,2,34,0,0,0,0,0,0,10893.6,11612,12100,13900,15900,0,3900.0,1500,2000,2000,0,0,0
75000.0,2,1,2,32,-1,-1,-1,-1,-1,-1,25016.399999999998,13801,14366,4889,273,11736,17951.7,14583,4889,273,13557,0,0
150000.0,2,3,2,55,0,-1,0,0,0,0,179448.0,118675,120047,100637,79613,79286,162500.0,4065,4000,3000,3000,3000,1
25000.0,2,3,2,31,0,0,0,0,0,0,22831.2,19495,19417,19159,15574,0,2992.6,2004,1200,1000,0,0,0
37500.0,2,3,1,44,1,2,2,2,2,2,30688.8,22897,25647,24937,26938,26374,0.0,3128,0,2419,0,700,0
25000.0,1,2,2,48,1,2,0,0,0,0,24301.2,19637,19539,20080,18855,20130,0.0,2000,841,696,1600,0,1
62500.0,2,2,2,28,0,0,-2,-2,-2,-2,52360.799999999996,0,0,0,0,0,0.0,0,0,0,0,0,1
300000.0,1,2,2,40,0,0,0,0,0,0,215594.4,180787,181379,170318,128076,64634,9103.9,8000,8000,2500,2400,2600,0
150000.0,1,2,2,34,1,-1,-1,-1,0,-1,0.0,326,326,652,326,326,847.6,326,652,0,326,326,1
62500.0,2,3,2,28,2,0,0,0,0,0,60783.6,49348,47995,40226,27828,28411,2847.0,2027,2204,996,1031,1047,0
100000.0,2,2,1,52,2,0,0,0,0,0,96022.8,81145,79171,63448,46989,47867,4044.3,3667,3063,2000,2000,2428,1
162500.0,1,3,2,34,0,0,0,0,0,0,155522.4,130079,122267,96800,58170,57483,7068.1,5088,4180,2035,3009,2000,0
62500.0,1,2,3,42,0,0,0,0,-1,0,59570.399999999994,48381,44113,8522,17948,9390,2678.0,1014,170,17948,188,390,0
187500.0,2,2,2,32,1,-2,-2,-2,-1,-1,0.0,0,0,0,699,1170,0.0,0,0,699,1170,1173,0
25000.0,2,2,1,48,0,0,0,0,0,0,7750.799999999999,7470,8492,9547,20766,12197,1459.9,1145,1200,2000,3000,1000,0
62500.0,1,2,1,47,2,0,0,0,0,0,15196.8,42985,15085,17245,17316,17297,2600.0,2000,17000,1000,1000,2955,0
162500.0,1,1,1,40,2,0,0,0,0,0,93093.59999999999,79724,81221,34289,38550,40600,5200.0,3500,5000,5000,3000,9900,0
100000.0,1,2,1,45,0,0,0,0,0,0,54896.4,40851,35933,30605,25189,19766,2103.4,1533,1038,852,765,627,0
350000.0,1,1,2,36,0,0,0,0,0,0,177823.19999999998,150724,153762,155242,143679,145615,6500.0,5006,4408,4117,4600,4600,0
362500.0,2,1,2,47,-2,-2,-2,-2,-2,-2,921.5999999999999,42863,2632,11767,4684,3685,55721.9,2632,11780,4684,3685,4352,0
287500.0,2,1,2,33,0,0,0,0,0,0,54486.0,41630,38940,37150,36306,33563,3250.0,3013,4000,5006,3000,3000,0
262500.0,2,2,1,39,0,0,2,0,0,0,241467.59999999998,214479,193598,178416,143879,125004,22854.0,0,7193,3500,4881,3679,1
325000.0,1,1,2,32,0,0,0,0,0,0,190453.19999999998,129796,101721,76699,56738,39134,39000.0,4132,3410,2600,1800,1200,0
287500.0,2,2,2,31,-1,-1,-1,4,3,2,9993.6,0,600,600,300,150,0.0,600,0,0,0,686,1
75000.0,1,2,2,30,2,2,2,0,0,0,72387.59999999999,60729,56473,28603,22191,20750,2600.0,0,1135,1822,1500,1500,0
75000.0,1,2,2,31,3,2,0,0,0,0,73216.8,59473,56912,47513,42945,45648,0.0,2100,1500,1700,3500,1341,1
175000.0,1,1,1,40,1,2,0,0,2,2,109555.2,88979,97448,105795,103988,110769,0.0,10000,10000,0,8500,4100,0
375000.0,2,1,2,33,0,0,0,0,0,0,34786.799999999996,29909,40618,52288,70000,100000,1678.3,11000,12288,20000,30000,590,0
225000.0,2,2,2,30,0,0,0,2,0,0,203070.0,172888,182533,176099,178391,181986,10140.0,14010,4,6431,6600,6675,0
225000.0,2,3,2,45,-2,-2,-2,-2,-2,-2,0.0,0,0,0,0,0,0.0,0,0,0,0,0,1
75000.0,2,3,2,50,0,0,0,0,0,0,31620.0,23908,24215,17728,18087,17730,1836.9,1500,1173,532,597,469,0
250000.0,2,5,1,55,-2,-2,-2,-2,-2,-2,0.0,1882,1312,0,0,0,2446.6,1325,0,0,0,0,0
137500.0,1,2,1,53,0,0,0,0,0,0,129320.4,108561,108895,78194,76385,76858,7410.0,5000,2700,2901,3000,3000,0
25000.0,1,1,2,38,2,0,0,-2,-2,-2,19606.8,20650,0,0,0,0,6500.0,0,0,0,0,0,1
62500.0,2,6,2,38,2,0,0,0,0,0,60943.2,50450,45210,29917,17859,0,2644.2000000000003,1251,848,872,0,0,0
187500.0,1,2,2,33,0,0,0,0,0,0,154981.19999999998,101260,94545,93810,82668,64924,4551.3,3516,3003,2578,2300,2300,0
225000.0,2,1,2,32,0,0,0,0,0,0,121786.79999999999,78738,78639,44295,44113,37805,13007.800000000001,8000,1610,10000,1333,8818,0
625000.0,1,1,1,36,0,0,0,0,0,0,480936.0,408982,373137,316654,324049,294926,39000.0,25025,20000,15010,20000,0,0
175000.0,1,1,1,46,0,0,0,0,0,0,53562.0,45891,48149,50341,51897,53058,2600.0,3000,3000,3000,2000,3000,0
175000.0,2,2,3,35,0,0,0,0,0,0,128472.0,104629,98453,96149,96500,96550,5977.400000000001,4333,3381,3637,3645,3440,0
625000.0,1,1,2,42,0,0,0,0,0,0,60168.0,45984,44584,25402,21140,16072,2420.6,1593,1538,835,451,553,0
350000.0,2,2,1,40,1,-1,2,-1,-1,0,0.0,146,146,1596,1672,1596,193.70000000000002,0,1600,1672,1562,326,0
100000.0,1,2,1,46,0,0,0,0,0,0,15337.199999999999,9994,10704,9201,6275,2678,2600.0,4000,1000,1000,1000,1000,0
200000.0,2,2,1,32,0,0,0,-2,-2,-2,90782.4,44675,0,0,0,0,1326.0,0,0,0,0,0,1
125000.0,2,2,1,34,1,4,3,2,2,2,102316.8,83376,81445,82710,84242,82730,0.0,0,3200,3000,0,3300,0
137500.0,2,2,2,29,0,0,-1,-1,-1,-1,7285.2,0,3308,2527,1076,1164,0.0,3308,2527,1079,1167,1974,0
62500.0,2,2,1,53,1,2,0,0,0,0,22444.8,18106,19793,19378,18874,19361,0.0,2000,1500,1000,2000,1000,1
187500.0,2,1,1,38,-2,-2,-2,-2,-2,-2,0.0,0,0,0,0,0,0.0,0,0,0,0,698,0
37500.0,1,2,2,30,2,2,7,7,7,6,2880.0,2400,2400,2400,2400,1800,0.0,0,0,0,0,0,1
162500.0,2,1,2,34,2,0,0,0,0,0,151810.8,109944,105049,68154,67397,61764,7800.0,6000,5000,2500,3000,3000,0
75000.0,2,2,2,39,2,0,0,0,0,-1,72848.4,59675,59690,59513,28494,29149,2732.6,2922,1586,570,31110,1212,0
325000.0,2,3,1,70,-2,-2,-2,-2,-2,-2,0.0,0,0,0,0,0,0.0,0,0,0,0,0,1
450000.0,2,2,1,52,0,0,0,0,0,0,112117.2,93784,93753,87660,78206,70147,4405.7,3357,2973,2819,2468,2503,0
12500.0,1,2,2,30,-1,-1,-1,-1,-1,-1,1513.2,1261,390,390,390,0,1639.3,390,390,390,0,780,0
62500.0,1,3,1,50,0,0,0,0,0,0,35850.0,15028,5639,6389,7130,7857,2210.0,1250,1000,1000,1000,1000,0
250000.0,2,1,2,35,0,0,0,0,0,0,89953.2,69702,63210,57098,46455,38265,3266.9,1656,5000,20000,15000,14000,0
162500.0,2,2,2,29,-2,-2,-2,-2,-2,-2,1183.2,0,4388,0,0,1109,0.0,4402,0,0,1109,4200,1
325000.0,2,2,2,33,-1,-1,-1,-1,-1,-1,600.0,10500,10500,10500,10500,10500,13650.0,10500,10500,10500,10500,10500,0
125000.0,2,1,2,53,2,2,2,2,2,0,18426.0,17949,18158,18365,17932,18147,4113.2,800,800,0,662,3000,0
187500.0,1,1,1,60,1,-1,-1,0,-1,-1,0.0,780,4639,100940,3284,2090,1014.0,4639,100000,3284,2576,2576,0
100000.0,1,3,1,78,-1,0,0,2,2,2,75772.8,65631,68875,70646,72870,75018,4550.0,4330,3500,3500,3500,5100,1
425000.0,2,1,1,41,0,0,0,0,0,0,291021.6,247338,252656,257535,262670,266351,11503.7,9300,9200,9226,9530,10139,0
162500.0,2,3,2,44,0,0,0,0,0,-1,46029.6,27688,24489,20616,11802,930,3900.0,1537,1000,2000,930,33764,0
312500.0,2,2,2,34,0,-1,-1,-2,-1,-1,24824.399999999998,14082,0,0,7581,5625,18405.4,0,0,7619,5653,652,0
375000.0,2,2,1,58,0,0,0,0,0,-1,6661.2,6564,7954,8690,0,1420,1443.0,1500,1000,0,1420,0,0
25000.0,2,1,2,28,0,0,0,0,0,0,20317.2,17644,18679,18275,7953,8323,1690.0,1340,1207,300,500,500,0
25000.0,1,3,2,33,1,2,0,0,0,2,22743.6,14043,13266,14340,15301,14916,23.400000000000002,1600,1600,1500,0,1000,0
450000.0,1,1,1,67,-1,-1,-1,-1,-1,-1,7050.0,7279,6894,7143,1787,19526,9475.7,6918,7148,1792,19541,3689,0
125000.0,2,2,2,28,0,0,0,0,0,0,12831.6,26226,18726,19225,18299,20056,29408.600000000002,2326,1600,0,4000,0,0
200000.0,2,1,1,39,-1,-1,-1,-1,-1,-1,1286.3999999999999,3297,5923,158,11030,158,4286.1,5939,158,11030,158,158,0
250000.0,2,5,2,34,-1,-1,-1,0,-1,0,11259.6,37303,21244,7422,27761,21715,48704.5,21321,1200,27761,5548,30966,0
300000.0,2,3,1,55,0,0,0,0,0,0,281046.0,231669,214642,207642,210375,214694,13150.800000000001,9150,8008,8000,8009,7714,1
225000.0,2,1,2,33,-1,-1,-1,0,-1,-1,2871.6,5428,5683,39351,3241,2614,7099.3,5834,39000,3241,2614,3506,0
100000.0,2,1,2,28,-1,-1,0,0,-1,-1,4231.2,6687,4356,3450,4318,0,8693.1,1000,0,4318,0,254,0
100000.0,2,3,1,53,0,-1,0,0,0,0,3825.6,6239,7304,5050,5357,5466,8110.700000000001,1185,1000,307,109,112,0
225000.0,2,2,2,34,0,0,0,0,0,0,146428.8,123228,120339,122743,124893,126390,5850.0,4300,4200,4487,4087,3700,0
225000.0,2,1,2,35,1,-1,0,0,-1,-1,0.0,3095,7843,13084,926,711,4023.5,5000,6022,2566,711,2419,0
175000.0,2,1,1,37,0,0,0,0,0,0,155245.19999999998,131025,39505,40894,39229,40679,7345.0,1650,2007,1500,2100,1500,0
500000.0,1,1,1,53,-2,-2,-2,-2,-2,-2,3807.6,4265,8403,9096,28896,52196,5544.5,8427,9096,28896,52196,396,0
187500.0,2,1,1,52,-2,-2,-2,-2,-2,-2,46966.799999999996,15269,12853,12531,5325,2086,19986.2,12904,12541,5330,2086,2627,0
262500.0,2,2,2,37,-1,-1,2,0,-1,-1,691.1999999999999,3578,34,10734,30367,8193,4651.400000000001,0,10700,30367,19644,4431,0
37500.0,1,2,1,55,0,0,0,0,0,0,34555.2,25881,28654,29049,27256,27864,2091.7000000000003,5000,3000,3000,3198,2000,0
125000.0,1,1,2,36,2,2,2,2,2,2,101863.2,86729,87706,88859,90685,92736,5330.0,3300,3500,3400,3700,4000,1
150000.0,2,2,2,33,1,-2,-2,-2,-2,-2,0.0,0,0,0,0,0,0.0,0,0,0,0,0,0
62500.0,1,2,2,49,0,0,0,0,0,0,20071.2,18144,19116,19543,20116,18163,2600.0,1600,1000,1000,1000,811,0
475000.0,1,1,1,39,0,0,0,0,0,0,127278.0,97979,100599,81087,82793,85301,4400.5,4074,2592,2696,3569,5240,0
62500.0,2,2,1,60,-1,-1,-2,-2,-2,-2,1320.0,0,0,0,0,0,0.0,0,0,0,0,0,0
37500.0,1,2,1,37,-2,-2,-2,-2,-2,-2,6079.2,6367,2109,5930,4192,0,8277.1,2115,5933,4192,0,0,0
175000.0,2,2,2,47,-1,-1,-1,0,-1,-1,211.2,395,1204,700,748,0,513.5,1204,0,748,0,2688,0
437500.0,1,3,1,49,-1,-1,-1,-1,-1,-2,3918.0,2686,1864,569,0,0,3491.8,1864,569,0,0,0,0
450000.0,2,2,1,31,0,0,0,0,0,0,430676.39999999997,357100,362900,293597,249345,228470,18518.5,14061,11028,8813,7900,8100,1
112500.0,2,2,1,39,-2,-2,-2,-2,-2,-2,2286.0,1924,11855,665,0,665,2501.2000000000003,11855,10655,0,665,0,0
225000.0,2,1,2,36,-1,-1,-1,-1,0,0,5498.4,1359,316,3072,2756,2440,1766.7,316,3072,0,0,316,1
62500.0,1,2,2,35,0,0,0,0,0,0,55982.4,45235,23299,22672,21440,19304,2618.2000000000003,1600,1400,429,386,57,0
12500.0,1,1,2,35,0,0,0,0,0,0,9516.0,7718,8518,8950,9795,3274,1560.0,1000,1000,1000,59,0,0
375000.0,2,1,2,31,-1,-1,-1,-1,-1,-1,4623.599999999999,1946,790,3569,657,0,2529.8,790,3569,657,0,3412,0
425000.0,1,1,2,36,0,0,0,0,0,0,410758.8,339883,335659,336498,321941,315006,18200.0,13000,13000,12000,12000,12000,0
112500.0,2,3,1,51,-2,-2,-2,-2,-2,-2,1930.8,686,3904,686,686,686,1783.6000000000001,3904,686,686,686,686,0
75000.0,2,1,2,27,0,0,0,0,0,0,68980.8,59521,59674,56018,36350,18203,3900.0,3000,1500,790,1000,1000,0
100000.0,2,1,2,30,1,2,0,0,2,2,7198.8,5758,7039,7595,7053,7082,0.0,1416,943,100,443,0,1
337500.0,2,2,1,45,0,0,0,0,0,0,31419.6,24181,19543,17160,14818,12702,2373.8,1469,514,581,612,312,1
450000.0,1,1,2,34,-2,-2,-2,-2,-2,-2,0.0,0,0,0,0,0,0.0,0,0,0,0,0,0
225000.0,1,3,2,51,0,0,0,0,0,0,130936.79999999999,71952,16765,14611,16209,25653,3685.5,1500,1000,2000,10000,20000,0
175000.0,1,2,2,31,1,3,2,0,0,0,175227.6,141873,137057,135046,136131,135292,7.800000000000001,233,6342,4800,5100,5000,1
362500.0,1,1,1,61,0,0,0,0,0,0,266400.0,226917,415700,232732,220460,224780,13016.9,8501,15018,10001,7997,7624,0
225000.0,1,1,2,31,0,0,-2,-2,-2,-2,10219.199999999999,0,0,0,0,0,0.0,0,0,0,0,0,1
187500.0,2,2,2,31,0,0,0,0,0,0,113216.4,96358,99230,98285,102743,103062,6500.0,4500,4500,6000,5000,5000,0
37500.0,2,1,1,53,0,0,0,2,2,2,30318.0,26529,30090,28908,30472,29483,2600.0,4000,0,2400,0,1500,1
100000.0,2,2,1,39,2,2,2,0,0,0,91370.4,80627,76776,61884,55501,54840,8594.300000000001,1,3000,2504,2000,2200,1
87500.0,2,2,2,28,-1,0,0,0,0,0,3698.3999999999996,4370,9353,15282,20400,12915,1950.0,5353,6282,6342,2055,3257,0
625000.0,2,1,1,41,-1,-1,-1,0,0,-1,61758.0,24201,384973,349790,315125,16576,31461.3,384986,7017,6342,16576,43710,0
250000.0,2,2,3,62,0,0,0,0,0,0,95713.2,79515,80592,86216,88071,90842,4550.0,3000,7000,3400,4400,6500,0
250000.0,2,2,1,50,-1,2,2,2,0,0,10720.8,5264,6769,2487,1857,0,0.0,2491,0,0,0,4313,0
25000.0,1,3,2,27,0,0,0,-2,-2,-2,23548.8,16972,0,0,0,0,1300.0,0,0,0,0,0,1
150000.0,2,2,1,52,0,0,0,0,0,0,117586.8,101458,103840,105646,86127,67269,6630.0,5500,5170,3543,3000,3238,0
100000.0,2,3,2,43,0,0,0,0,0,0,93514.8,77711,74525,61360,49359,48253,3907.8,2747,2344,1756,1758,1717,0
600000.0,2,1,1,43,0,0,0,0,0,0,460980.0,392013,361178,305024,289379,295768,19500.0,16000,12008,11000,11000,11000,0
12500.0,2,2,2,49,-2,-2,-2,-1,0,0,468.0,390,780,17585,18301,18663,507.0,780,17585,1000,667,692,1
450000.0,2,3,1,52,-2,-2,-2,-2,-2,-2,1749.6,0,3994,0,0,7429,0.0,3998,0,0,7429,490,1
250000.0,1,1,1,62,-2,-2,-2,-1,2,2,183022.8,148751,144076,8174,8198,7918,0.0,0,8222,300,0,1000,1
175000.0,2,2,1,53,0,0,0,0,0,0,145315.19999999998,123064,126749,127244,129495,126663,5729.1,6100,4518,4694,4745,4876,0
25000.0,1,2,2,28,-1,0,-1,0,0,0,6052.8,3700,13181,12596,11699,2154,1314.3,13181,5,1033,1781,305,0
12500.0,1,1,3,51,0,0,0,0,0,0,8126.4,7790,8799,8974,9162,9375,1466.4,1137,312,323,356,268,1
537500.0,2,2,1,47,2,2,2,2,2,2,339456.0,289358,296219,300873,294527,308523,16510.0,13000,11000,0,19000,15000,1
250000.0,2,2,2,29,0,0,0,0,0,-2,23191.2,20330,21362,22000,2000,950,1729.0,1362,1000,2000,950,0,0
350000.0,2,2,1,45,1,-2,-2,-2,-2,-2,0.0,0,0,0,0,0,0.0,0,0,0,0,0,0
112500.0,2,2,2,37,0,0,0,0,0,0,103291.2,87567,78646,79212,54659,55902,3915.6,3100,3116,2000,2100,2100,0
25000.0,1,1,2,31,0,0,0,0,0,0,17464.8,15273,16616,16643,17372,18070,1638.0,1600,600,1000,1000,1000,0
150000.0,2,2,2,38,0,0,0,0,0,2,62719.2,53351,54425,54925,59010,60191,3278.6,2559,2000,5000,2300,0,0
50000.0,2,2,2,49,2,2,2,2,2,2,42618.0,36176,37490,38726,39795,40230,2015.0,2200,2170,2001,1601,1602,1
62500.0,1,2,1,30,0,0,0,0,0,0,56892.0,48705,46776,48218,41037,9288,2730.0,2000,2300,2100,470,350,0
25000.0,2,1,2,29,-1,-1,-1,-1,-1,0,5624.4,9060,5064,14745,6805,6805,19500.0,6004,14776,10000,0,7436,0
600000.0,2,2,1,42,-1,-1,-1,-1,-1,-1,6322.8,2217,9731,9272,2718,1498,2882.1,9731,9272,2718,1498,1138,0
200000.0,1,1,1,63,1,-2,-2,-2,-1,-1,0.0,0,0,0,4816,0,0.0,0,0,4816,0,0,0
87500.0,2,2,1,49,0,0,0,0,0,0,40962.0,27683,28311,24094,21317,9736,2626.0,5000,3011,1500,1000,1000,0
300000.0,2,2,2,47,1,2,2,0,0,0,225069.6,187333,163332,166813,170739,174532,8710.0,0,6900,6000,6000,6000,1
187500.0,2,1,2,32,-2,-2,-2,-1,0,0,0.0,0,32662,59350,41136,28596,4483.7,46128,60260,30218,17000,20133,0
62500.0,1,2,2,30,2,2,2,3,2,0,38679.6,31440,33489,18968,15611,19304,0.0,3041,0,3,5700,700,0
225000.0,1,2,1,48,-1,-1,-1,-1,-1,-1,3294.0,3873,3275,2347,3020,2193,5049.2,3284,2354,3029,2199,12553,0
187500.0,1,2,2,32,0,0,-1,-1,0,0,73927.2,61950,200,51099,24487,17624,6500.0,200,52399,5063,1500,2200,0
337500.0,1,1,1,42,-1,-1,-1,0,-1,-1,475.2,396,792,396,396,396,514.8000000000001,792,0,396,396,396,1
62500.0,1,2,2,32,0,0,0,0,0,0,21397.2,18139,18777,19662,19348,19355,1683.5,1323,1598,674,690,855,0
437500.0,2,1,1,46,-1,-1,-1,-1,-1,-1,69547.2,15987,36582,8197,14494,54284,20783.100000000002,36607,8243,14494,54284,6702,0
100000.0,2,2,2,29,-1,-1,2,0,0,0,2582.4,3832,3587,3332,3400,0,2918.5,0,267,68,0,0,1
450000.0,2,1,2,59,0,-1,-1,0,0,-1,158864.4,11590,70460,67357,71713,27399,15087.800000000001,70579,10022,20000,27399,71429,0
225000.0,2,2,2,30,-1,-1,-1,-1,-1,-1,3877.2,12513,0,4940,1740,390,19500.0,0,10000,6000,6000,1567,0
25000.0,2,3,1,55,0,0,2,0,0,0,10334.4,8862,8992,9452,10520,11320,2862.6,500,1000,2000,800,0,0
25000.0,2,3,1,36,0,0,0,0,0,0,18784.8,16425,17265,16647,12213,10998,1729.0,1170,500,420,397,221,1
25000.0,2,1,2,33,2,0,-1,0,0,0,22248.0,19726,8564,19775,19878,19898,2600.0,8568,19000,800,1000,20000,1
300000.0,2,2,1,45,-1,-1,-1,-1,-1,-1,468.0,390,390,390,232,540,507.0,390,390,232,698,390,0
350000.0,1,1,2,33,-2,-2,-2,-2,-2,-2,12355.199999999999,1820,0,5970,8628,2036,4605.900000000001,1195,5970,8628,2306,768,0
625000.0,1,1,2,63,0,0,0,0,0,0,241215.59999999998,197982,137786,129575,135483,118851,10875.800000000001,12063,8031,16114,10091,15123,0
437500.0,2,1,1,41,0,0,0,0,0,0,422438.39999999997,353903,351888,351175,352835,354265,16988.4,14412,12947,13016,12823,12915,0
62500.0,2,2,2,43,0,0,0,0,0,-1,50068.799999999996,92054,50120,19587,10577,7533,6500.0,5120,10292,5577,7533,1000,0
87500.0,1,2,2,34,0,0,0,0,0,2,20523.6,18312,19516,20685,22142,23340,1950.0,1500,1500,1800,1700,0,1
112500.0,2,1,2,32,1,-2,-2,-2,-2,-2,0.0,0,0,0,0,0,0.0,0,0,0,0,0,0
412500.0,1,3,1,62,-2,-2,-2,-2,-2,-2,4228.8,262,248,784,220,256,390.0,250,800,300,300,200,0
200000.0,2,2,2,37,0,0,0,0,0,0,3374.4,3826,4751,6604,8604,7072,1588.6000000000001,1147,2000,2000,0,766,1
225000.0,1,3,1,44,0,0,0,0,0,0,28881.6,25071,26103,27113,27495,27914,2217.8,1738,1748,1130,1011,1016,0
300000.0,2,1,1,35,0,0,0,0,0,0,284187.6,241067,240998,244836,233036,237938,13362.7,10500,10581,8000,8500,9400,0
75000.0,1,1,2,34,1,2,2,0,0,2,52120.799999999996,44522,43222,43588,46564,47369,2730.0,0,1708,4000,2000,1903,1
325000.0,1,1,1,44,0,0,0,0,0,0,7190.4,7000,8024,9185,9384,9426,1450.8,1140,1301,500,341,343,0
100000.0,1,1,1,45,0,0,2,2,2,2,33664.799999999996,31201,31594,30787,34513,34995,4680.0,1200,0,4246,1200,1500,1
75000.0,2,2,2,58,1,2,0,0,0,2,10482.0,8448,9156,10226,12041,11704,0.0,1000,1226,2000,0,1100,1
250000.0,2,2,2,30,0,0,0,0,0,0,26845.2,24569,28630,29962,30733,39192,3339.7000000000003,4500,1800,2000,9000,5000,0
275000.0,1,1,1,53,3,2,2,-2,-2,-2,3000.0,2500,0,0,0,0,0.0,0,0,0,0,0,1
187500.0,2,2,2,29,1,2,0,0,0,0,205165.19999999998,165806,146001,113907,115578,111863,50.7,6000,3937,4077,4504,23066,0
62500.0,2,2,1,40,0,0,0,0,0,0,48607.2,41742,43157,14510,14963,16580,6500.0,3000,2000,500,2000,5000,0
37500.0,1,2,2,37,2,3,2,2,2,0,39244.799999999996,31895,31091,31002,29879,29382,0.0,0,2300,0,996,1000,0
87500.0,2,1,2,28,0,0,0,0,0,0,9037.199999999999,8545,9588,10900,46462,47599,1488.5,1188,1500,36000,2000,1668,1
62500.0,1,2,1,42,0,0,0,0,0,0,57871.2,48727,46228,46755,43686,44573,2600.0,1684,1601,2000,2000,2000,0
312500.0,2,1,1,47,0,0,-2,-2,-2,-2,30357.6,0,0,0,0,0,0.0,0,0,0,0,0,0
300000.0,2,1,2,33,0,0,0,0,0,0,251817.59999999998,214477,218142,195913,197823,189111,13000.0,9000,7000,7000,6625,7000,0
100000.0,2,3,1,60,0,0,0,-2,-2,-2,86954.4,41300,0,0,0,0,3900.0,0,0,0,0,0,0
137500.0,2,1,1,62,0,0,0,0,0,0,19308.0,17522,18426,19117,19655,20329,2600.0,1500,1000,1000,1000,1000,0
150000.0,2,2,1,35,0,0,0,0,0,0,145245.6,121211,119339,122334,121254,122094,6110.0,4400,5000,4600,5000,4500,0
62500.0,2,2,2,29,-1,-1,-2,-1,-1,0,712.8,0,0,51400,11330,12144,0.0,0,51400,11330,1000,1000,0
275000.0,2,1,1,61,1,-2,-2,-2,-1,-1,0.0,0,0,0,5889,300,0.0,0,0,5889,300,165,0
237500.0,2,1,2,33,2,2,2,2,2,2,186402.0,159438,163684,166163,168592,171923,10400.0,8150,6500,6500,6000,0,1
12500.0,1,3,2,46,0,0,0,0,0,0,5424.0,3483,6862,8727,8148,8640,2600.0,4946,2000,1000,1000,1000,0
137500.0,2,1,1,36,1,2,5,4,4,4,92180.4,89765,87486,90126,94687,97585,19760.0,0,5000,7000,5000,5000,0
125000.0,1,2,1,44,0,0,0,0,0,0,88863.59999999999,75040,76231,78392,79485,81397,4256.2,3000,3431,2994,3345,3233,0
262500.0,1,2,2,30,0,0,-2,-1,0,0,16678.8,0,0,3231,125140,124880,0.0,0,3240,125009,5009,5013,0
362500.0,2,1,2,32,-2,-2,-2,-2,-2,-2,0.0,0,853,0,71,0,0.0,857,0,71,0,14688,0
312500.0,2,2,1,42,1,-2,-1,-1,-1,-1,0.0,0,9737,790,20750,0,0.0,9737,790,20750,0,0,0
187500.0,1,2,1,50,2,3,3,2,0,0,182616.0,157719,155368,123906,128597,105967,12350.0,2000,0,8000,9000,15000,0
500000.0,1,1,1,45,-1,-1,-2,-1,-1,-2,5700.0,0,0,2827,0,0,0.0,0,2827,0,0,3347,1
62500.0,2,2,2,53,-1,-1,0,0,0,0,1054.8,8061,8290,7838,7998,8161,10479.300000000001,1398,1000,160,163,9217,0
187500.0,2,2,1,36,0,0,0,0,0,0,124816.79999999999,108229,109374,111279,125353,126913,7150.0,4005,3241,15500,4000,3568,0
250000.0,2,1,1,38,0,0,0,0,0,0,126930.0,88262,69596,32709,31816,33368,4540.900000000001,2536,1065,10020,6097,5022,0
250000.0,1,1,2,34,0,0,0,0,0,0,204848.4,159654,162208,162357,144236,127362,7822.1,8000,5800,5200,5000,5000,0
112500.0,2,2,2,60,0,0,0,0,0,0,99481.2,64530,33550,34216,34933,35628,2007.2,3114,1223,1267,1275,1320,0
150000.0,1,1,2,36,-1,-1,-1,-1,-1,-2,18798.0,2647,10293,3600,0,0,3441.1,10363,3600,0,0,0,0
225000.0,2,2,2,38,-1,-1,-1,-1,-1,-1,4992.0,7817,2358,18572,11560,4298,10162.1,2358,18577,11560,4298,12330,0
137500.0,1,1,2,39,-1,-1,2,-1,-1,0,19089.6,18873,890,3420,4309,733,5216.900000000001,2,3430,4319,2,1905,0
37500.0,2,3,1,35,3,2,2,0,0,0,35409.6,30634,29827,28661,28608,30647,2470.0,0,4455,1047,2500,1060,0
450000.0,2,1,2,33,-1,-1,-1,-1,-1,-1,331.2,0,502,0,1017,0,0.0,502,0,1017,0,359,0
437500.0,2,1,3,53,-1,-1,-1,-1,-1,-1,217454.4,6021,154505,19653,26963,55533,7859.8,157181,19751,27070,55613,11811,0
62500.0,2,2,1,43,0,0,0,0,0,0,61227.6,51019,50951,50818,40453,37862,2990.0,2210,3300,1910,1530,1600,0
100000.0,2,2,2,45,0,0,0,0,0,0,56378.4,38738,31923,25885,20195,19494,2246.4,1411,1009,605,2012,209,1
62500.0,2,2,2,28,-1,-1,-1,-1,-1,-1,1080.0,2757,4893,390,390,1670,4091.1000000000004,4893,390,390,1670,1890,0
312500.0,1,2,1,39,-1,-1,-1,-1,-1,0,7753.2,8117,2200,3772,8650,17650,10552.1,2200,3772,8650,10000,4646,0
287500.0,1,1,2,32,-1,-1,-1,-1,-1,-1,3908.3999999999996,1816,1816,1806,764,3368,2360.8,1816,1806,774,3368,1027,0
112500.0,1,2,1,44,0,0,0,0,0,0,44043.6,38089,40162,41422,42172,34477,2600.0,3000,2000,1600,1500,2000,0
100000.0,2,2,1,34,0,0,0,0,0,0,76678.8,62048,49814,45292,43190,39457,3250.0,2500,2010,2000,2000,2000,1
562500.0,1,1,2,33,-1,0,0,0,-1,-1,11814.0,11991,17111,19585,9756,3282,3900.0,10000,3000,10000,3300,326,0
150000.0,2,1,2,37,1,-2,-2,-2,-2,-2,0.0,0,0,0,0,0,0.0,0,0,0,0,0,0
137500.0,1,3,2,49,0,0,0,0,0,0,122728.79999999999,103275,105225,83722,78894,74659,4854.2,3653,2914,2627,2624,4138,0
275000.0,1,1,2,29,0,0,0,-1,-1,-1,126728.4,108917,111520,8303,0,85632,6500.0,5050,8303,0,85632,0,0
350000.0,1,2,1,41,1,2,2,2,0,0,202449.6,172528,174328,170028,174281,185348,10400.0,6100,0,7000,14000,7000,1
62500.0,2,2,2,30,0,0,0,0,0,0,44440.799999999996,37698,37252,38254,38445,39273,2061.8,1624,1626,1377,1448,1399,0
287500.0,1,1,2,33,1,-2,-2,-2,-2,-2,0.0,0,0,0,0,0,0.0,0,0,0,0,0,0
450000.0,2,1,1,37,0,0,0,0,0,0,19246.8,20396,19382,13874,9398,10773,6500.0,2000,5019,2000,2500,5000,0
100000.0,2,3,1,45,-1,0,0,0,0,0,8533.199999999999,12774,16817,15274,20043,13318,8450.0,5000,4025,8000,5000,2000,0
62500.0,2,2,2,33,0,0,0,0,0,0,12061.199999999999,14149,21514,25359,30400,39678,6500.0,10000,5000,5780,10000,10000,0
62500.0,2,2,2,31,0,0,0,0,0,0,58148.4,44932,20024,18830,18087,17616,1756.3,1561,628,775,1602,594,0
450000.0,1,2,1,33,0,0,0,-2,-1,-1,249085.19999999998,182384,161295,199803,198614,2383,7948.2,4899,202074,200395,2383,98668,0
25000.0,1,1,2,45,0,0,0,0,0,0,24388.8,18509,20076,20035,14057,0,1950.0,20000,909,1000,0,0,0
275000.0,1,1,1,44,0,0,0,0,0,0,90228.0,151004,152786,137946,118310,119147,130000.0,8000,6000,5000,5000,5000,0
375000.0,2,1,1,42,-2,-2,-1,0,0,0,10507.199999999999,26,19999,17139,10304,16062,33.800000000000004,20018,1072,206,6003,0,0
912500.0,1,2,1,42,0,0,0,0,-1,0,84370.8,61991,49082,26873,514114,499100,26000.0,14023,9035,528897,22005,15000,0
275000.0,1,2,2,34,0,0,0,-2,-2,-2,37244.4,6244,0,0,0,0,3965.0,0,0,0,0,0,0
100000.0,1,2,2,31,0,0,0,-2,-2,-2,7012.8,6700,0,0,0,0,1387.1000000000001,0,0,0,0,0,0
625000.0,1,3,1,52,-1,-1,-1,-1,-1,0,1998.0,1665,1665,1665,8805,8764,2165.8,1666,1666,8806,1625,2808,0
275000.0,1,1,2,36,-2,-2,-2,-2,-2,-2,3393.6,2828,2828,2828,2828,3013,3676.4,2828,2828,2828,3013,2828,0
487500.0,1,1,2,52,1,-1,-1,-2,-1,-1,0.0,3760,0,0,123,0,4888.0,0,0,123,0,0,0
62500.0,1,2,2,34,2,2,2,2,2,2,47560.799999999996,40697,41526,42045,42822,43962,2600.0,1800,1500,1600,2000,1700,1
162500.0,2,1,2,32,0,0,0,0,0,0,104259.59999999999,99516,77188,78304,79941,81648,52000.0,3400,3000,3052,3190,3300,0
62500.0,1,2,2,52,0,0,0,0,0,0,57620.4,47913,49225,18858,19166,19834,3234.4,2800,1610,918,1214,468,0
362500.0,1,1,2,34,-1,-1,-1,-1,0,0,939.5999999999999,2830,1357,14959,13459,115990,3689.4,1359,14968,2022,110142,205,0
62500.0,1,3,2,51,0,0,0,0,0,0,57672.0,48923,48924,33778,19492,19582,3023.8,2000,1235,622,1000,1000,0
350000.0,1,1,1,47,0,0,0,0,0,0,207710.4,160948,146106,97334,91671,81030,7608.900000000001,4422,3138,2817,2927,2334,1
225000.0,2,2,1,48,-1,-1,-1,-1,-1,0,9387.6,9549,1968,1800,8198,511,12413.7,1968,1800,8198,0,844,0
262500.0,2,2,2,54,-1,-1,-1,-1,0,0,1189.2,4045,4056,65825,60803,56578,7845.5,4056,65825,1420,1132,5000,1
300000.0,2,1,1,42,0,0,0,0,0,0,189201.6,165762,173429,176943,176843,177183,13990.6,10429,10423,6843,7183,6398,0
300000.0,2,1,2,41,0,0,2,0,0,2,211242.0,196664,192140,194357,205637,202417,32796.4,0,6947,14402,33,7167,0
325000.0,2,1,1,40,2,2,-2,-1,0,0,1215.6,0,0,6895,3718,0,0.0,0,6895,0,0,0,1
62500.0,1,3,2,42,0,0,0,0,0,0,34741.2,29631,29177,29544,19863,18812,2294.5,1653,1400,0,0,300,0
200000.0,2,1,1,38,-1,-1,-1,-1,0,0,8914.8,7165,1849,4715,799,0,10400.0,2000,4755,0,0,0,0
62500.0,2,2,1,50,0,0,0,0,0,0,18288.0,16252,17678,18658,18784,18779,2046.2,2000,1290,806,824,697,0
62500.0,1,2,2,40,0,0,0,0,0,0,50364.0,31319,18172,18687,19234,19552,1678.3,1303,818,1000,787,559,0
625000.0,1,1,1,51,-1,-1,-1,-1,-1,-1,4296.0,18785,10742,37171,6192,31453,24420.5,10742,37171,6192,31453,12333,0
212500.0,1,4,1,45,0,0,0,0,0,0,205980.0,171841,171014,168142,169821,173014,8299.2,7540,7540,6301,6517,6035,0
525000.0,2,2,1,42,0,0,0,0,0,0,122384.4,96544,94199,90395,89513,92792,7800.0,6045,5000,6000,5000,4000,0
250000.0,2,1,2,28,0,0,0,0,0,0,87423.59999999999,73688,56073,57790,58356,60135,3812.9,2100,2659,2100,2700,2599,0
512500.0,2,1,2,30,-1,-1,-1,-1,-1,-1,4981.2,4357,10513,9137,7781,28870,5664.1,10513,9137,7781,28870,15000,0
62500.0,2,3,2,27,0,0,0,0,0,0,60106.799999999996,41382,36995,17726,13623,13781,2337.4,1117,4749,500,508,250,0
100000.0,2,3,1,55,-1,-1,-2,-2,-2,-2,9007.199999999999,0,0,0,0,0,0.0,0,0,0,0,3106,0
175000.0,1,1,2,33,0,0,0,0,0,0,159456.0,133904,134552,135151,136327,136647,8320.0,7000,5000,5200,5100,5000,0
225000.0,1,1,2,31,0,0,0,-1,-1,-1,29356.8,25332,11991,4394,200,200,2044.9,3007,4394,200,200,200,0
250000.0,2,3,1,47,0,0,0,0,2,-1,1864.8,1645,1408,1800,819,886,1748.5,1108,669,0,886,2415,0
212500.0,2,1,2,39,0,0,0,0,0,0,206514.0,160914,103021,99219,99179,99902,8212.1,3632,3494,3620,3800,4000,0
237500.0,2,2,1,34,-2,-2,-2,-2,-2,-2,0.0,0,0,0,0,0,0.0,0,0,0,0,0,0
450000.0,1,1,2,37,-1,-1,-1,-1,-1,-1,466.79999999999995,389,1955,5316,2265,6594,505.70000000000005,1955,5316,2265,6594,2974,0
150000.0,2,2,1,42,-1,-1,-1,-1,-1,-1,475.2,396,396,2707,3247,396,514.8000000000001,396,2707,3247,396,595,0
37500.0,1,2,2,46,-1,0,0,0,3,2,11683.199999999999,10453,11771,13032,12538,12187,1536.6000000000001,1500,1761,0,0,1100,0
62500.0,2,3,2,31,0,0,0,0,0,0,56254.799999999996,48368,49284,7002,6991,7137,3339.7000000000003,2485,1203,192,199,163,0
87500.0,2,3,1,52,1,-2,-1,2,0,0,37140.0,33087,42935,28346,27279,28976,4039.1000000000004,48323,0,2001,3000,3003,0
287500.0,2,2,1,38,0,0,2,-1,0,0,11436.0,12872,3724,153400,14788,21258,9100.0,0,153400,8000,10000,6000,0
187500.0,1,1,2,43,1,2,2,2,0,0,166806.0,135350,148041,143259,142519,142162,0.0,15000,0,5099,5472,5000,0
550000.0,1,1,1,80,0,0,0,0,0,0,515170.8,437906,447326,447112,438187,447543,20429.5,16519,16513,15800,16531,15677,0
75000.0,1,3,2,30,0,0,0,0,0,0,69036.0,59869,59942,28934,27461,28504,5029.7,2742,1200,1461,1504,1683,0
250000.0,1,1,1,68,-1,-1,-1,-1,-1,-1,379.2,316,316,316,316,316,410.8,316,316,316,316,316,0
337500.0,1,2,1,39,2,0,0,0,0,0,330686.39999999997,277585,232661,150298,134808,129645,13431.6,10000,18021,8026,6011,5000,1
625000.0,2,1,2,59,0,0,0,0,0,0,312427.2,253580,239479,200081,185130,168868,24191.7,9800,6610,6000,6000,5000,0
375000.0,2,2,1,38,2,2,0,0,0,0,334878.0,273067,278910,283920,253113,246560,0.0,10638,10569,8809,8883,9960,1
12500.0,1,3,1,56,2,2,2,2,0,0,4292.4,6012,6066,5820,6026,7680,3250.0,300,0,300,1774,284,1
150000.0,2,1,1,36,-1,-1,-1,-1,-1,-1,2016.0,17749,4748,7002,202,345,23073.7,4748,7020,559,500,1660,0
62500.0,2,2,1,31,0,0,0,0,0,0,52560.0,44335,44626,40928,29367,29156,2655.9,2126,2104,990,1200,1654,0
75000.0,2,3,1,48,0,0,0,0,0,0,72339.59999999999,61227,60385,30368,29667,30159,3900.0,1700,1135,1100,1500,1200,1
100000.0,1,3,2,40,2,0,0,0,0,0,105632.4,85314,84147,59671,80941,27436,4243.2,4092,2400,43532,1511,1200,1
187500.0,2,5,1,30,2,0,0,0,0,0,187502.4,121999,28119,100540,88865,88526,4508.400000000001,1867,92920,3578,3000,2200,0
100000.0,1,2,2,34,0,0,0,0,0,0,14272.8,12287,12407,14360,14657,4129,1669.2,1047,2000,359,175,1000,0
75000.0,1,1,2,30,0,0,0,0,0,0,70606.8,53235,38533,39639,39619,39140,2623.4,1900,2000,1500,1900,2000,0
62500.0,2,2,1,28,2,2,0,0,0,0,65839.2,51520,41711,22775,4215,3016,1300.0,1860,1600,452,100,114,1
112500.0,2,3,1,58,-2,-2,-2,-2,-2,-2,992.4,0,2469,827,0,1654,0.0,2469,827,0,1654,827,0
312500.0,2,1,2,35,-1,0,0,0,0,-1,22501.2,21550,23932,37329,26339,4836,6500.0,3500,15054,7885,4836,9655,0
150000.0,1,1,1,42,-1,-1,-1,-1,-1,-1,38460.0,3872,52150,2740,4626,802,5033.6,52150,2740,4626,802,0,0
137500.0,2,2,1,43,0,0,0,0,0,0,126519.59999999999,107065,103690,105447,97096,77197,5210.400000000001,3920,4031,4000,3000,2810,0
100000.0,2,2,2,31,0,-1,0,0,0,-1,610.8,437,3586,2248,2222,4822,682.5,3519,2201,2203,8389,8048,0
350000.0,1,1,2,37,1,-2,-2,-2,-2,-2,0.0,0,0,0,0,0,0.0,0,0,0,0,0,1
37500.0,2,1,2,33,0,0,0,0,0,0,7630.799999999999,7461,5172,5931,7665,9535,1599.0,1241,1000,2000,2000,0,0
200000.0,1,1,2,40,-1,-1,-1,-1,-1,-1,475.2,396,396,0,792,1220,514.8000000000001,396,0,793,1220,0,0
350000.0,2,1,1,46,0,0,0,0,0,0,119706.0,81244,81193,82470,49630,46517,3900.0,3007,5000,2000,1700,2000,0
37500.0,2,2,2,30,1,2,0,0,2,0,16542.0,13272,14310,16059,15506,15687,0.0,1560,2300,0,580,1000,0
25000.0,2,1,2,27,1,2,0,0,0,0,22513.2,18167,19202,20178,20281,20293,0.0,1634,1610,710,717,722,0
62500.0,1,1,1,46,0,0,0,0,0,0,55957.2,46929,47393,22944,24071,24397,2730.0,1500,824,1500,877,2796,0
62500.0,2,1,2,34,0,0,2,0,0,0,7393.2,8998,8319,8672,9390,9861,4550.0,0,1282,1000,1000,3000,0
62500.0,1,2,1,40,0,0,0,0,-1,0,58809.6,49198,34239,14448,28799,29199,2822.3,2021,930,31074,1503,1030,0
262500.0,2,1,1,39,-1,-1,-1,-1,-1,-1,391.2,983,1297,326,326,326,1277.9,1297,326,326,326,326,1
112500.0,2,1,2,38,0,0,0,2,2,2,39642.0,34178,36133,38240,37325,39725,2600.0,2500,3000,0,3000,2000,1
625000.0,2,2,2,32,0,0,-1,0,0,0,234168.0,190529,135943,128438,106591,85215,15096.9,176596,6506,5178,3031,3466,0
37500.0,2,1,2,30,-1,-1,0,0,0,0,768.0,29013,27731,28177,20722,0,39016.9,2000,1232,1000,0,0,0
187500.0,2,2,2,35,1,-2,-2,-2,-1,2,0.0,0,0,0,268,118,0.0,0,0,268,0,7800,0
187500.0,1,2,2,36,0,0,0,0,0,0,22868.399999999998,20091,21423,23927,25718,136667,1950.0,1500,3000,2000,111338,4000,0
75000.0,2,2,2,32,1,2,2,2,0,0,58918.799999999996,49817,50406,47771,48803,52190,2340.0,1710,0,1800,4200,0,1
625000.0,1,3,1,60,2,0,0,0,0,0,736632.0,512526,334227,145482,125936,91382,48490.0,11000,4500,4000,4000,100000,1
687500.0,2,2,1,44,0,0,0,0,0,0,81463.2,67806,66328,26422,21386,17674,4794.400000000001,2577,2169,1000,602,890,0
25000.0,2,1,2,34,-1,-1,-2,-1,0,-1,4100.4,0,0,1718,1238,1831,5.2,0,3000,0,1831,1500,1
725000.0,1,1,1,40,-2,-2,-1,0,-1,0,11085.6,0,1758,2886,3733,3040,0.0,1758,2014,3793,7,2138,0
100000.0,2,2,2,34,0,0,0,0,0,0,29786.399999999998,25824,26605,27920,28358,29000,2236.0,1500,1762,1200,1250,3200,0
12500.0,2,1,2,28,2,2,7,7,7,6,2880.0,2400,2400,2400,2400,1800,0.0,0,0,0,0,0,1
200000.0,2,1,2,33,-1,-1,-1,-1,-1,-1,18630.0,34585,37439,47340,2473,4120,44985.200000000004,37836,47340,2473,4120,6302,0
387500.0,2,2,1,34,-2,-2,-2,-2,-2,-2,15789.599999999999,1062,8805,3024,0,0,1380.6000000000001,8805,3087,0,0,3240,0
125000.0,1,2,1,40,-1,-1,-1,-1,-1,-1,1357.2,291,291,291,291,502,378.3,291,291,291,502,80,0
250000.0,2,2,2,39,0,0,0,0,0,0,227134.8,195200,60278,58972,55731,99900,13000.0,5023,5000,5000,50000,4000,0
87500.0,2,2,2,31,3,2,2,2,2,2,59041.2,48134,52431,52479,53345,52333,0.0,5100,2000,2000,0,4046,1
50000.0,1,1,2,32,0,0,0,0,0,0,13269.6,11471,11776,12660,12660,12413,2600.0,1500,2330,2300,1000,2078,1
625000.0,1,1,1,49,-1,-1,-1,-1,-1,-1,180909.6,62931,21296,19897,4460,4195,82232.8,21408,19996,4482,4212,16748,0
225000.0,2,2,2,33,0,0,0,0,0,2,50685.6,38741,36696,35813,37893,34661,3250.0,2000,1128,2500,0,2000,0
275000.0,2,2,1,38,0,0,0,0,0,0,244972.8,175748,172758,175030,174122,175472,8450.0,6300,7700,6300,6300,6150,0
150000.0,2,3,1,49,0,0,0,0,0,0,20082.0,18150,19528,19065,18617,21381,2600.0,2000,2000,1000,3000,2000,0
112500.0,2,1,2,38,0,0,2,0,0,0,111270.0,94908,89711,91165,72263,72569,11050.0,0,4086,2600,3000,3000,0
75000.0,1,1,2,32,0,0,0,-2,-2,-2,13089.6,13331,0,0,0,0,10830.300000000001,0,0,0,0,3860,0
325000.0,2,2,2,31,0,0,0,0,0,0,19380.0,17880,22248,26842,35997,55272,2600.0,5000,5000,10000,20000,15000,0
162500.0,1,1,2,34,1,-2,-2,-2,-2,-2,0.0,0,0,0,0,0,0.0,0,0,0,0,0,0
175000.0,2,3,1,33,0,0,0,0,0,0,30220.8,27742,30129,21477,26097,24767,6500.0,3011,5000,5000,3000,5000,0
312500.0,2,2,1,54,0,0,0,0,0,0,49290.0,31898,103675,91487,83374,67445,6500.0,94000,3000,7000,20006,30034,0
450000.0,2,1,1,32,-2,-2,-2,-2,-2,-2,0.0,0,7365,0,0,0,0.0,7365,0,0,0,8665,0
225000.0,2,2,1,41,0,0,0,0,0,0,118483.2,96566,81166,72463,72189,70712,7832.5,5000,6800,5000,5000,5000,0
375000.0,2,2,2,44,-2,-2,-2,-2,-2,-2,1233.6,0,0,0,0,0,0.0,0,0,0,0,0,1
500000.0,1,1,1,71,0,0,0,0,0,0,309684.0,77910,61440,44590,12270,0,61100.0,1500,0,0,0,0,0
475000.0,1,1,1,51,2,2,2,2,2,2,105682.8,90418,88327,92492,94617,96579,5720.0,0,6300,3500,3400,0,1
212500.0,2,2,1,54,1,2,0,0,0,0,183986.4,149027,150920,145689,33588,0,0.0,6320,5045,1000,0,0,1
187500.0,2,3,2,28,0,0,0,0,0,0,13594.8,10775,11829,7031,7172,5833,1584.7,1273,1069,1683,202,299,0
250000.0,1,1,2,37,0,0,0,0,0,0,52218.0,44557,45574,49022,47459,49666,2260.7000000000003,1756,2662,1726,3000,2500,0
212500.0,2,2,2,36,2,-1,-1,0,0,0,624.0,1316,6779,3416,2941,3518,1740.7,6779,2000,97,1002,1018,0
225000.0,2,1,2,33,1,-2,-2,-2,-2,-2,0.0,0,0,0,0,0,0.0,0,0,0,0,0,0
350000.0,2,3,1,50,0,0,0,0,0,0,353994.0,316345,334612,262625,172344,182776,34248.5,24612,22625,12344,12776,11852,0
25000.0,2,2,3,52,1,2,2,0,0,0,21148.8,18342,17750,18102,18485,19175,1690.0,0,647,674,1000,582,0
450000.0,2,1,1,41,-1,-1,-1,0,0,-2,2965.2,467,10947,9594,0,0,1300.0,11000,0,0,0,37704,0
625000.0,1,1,2,37,-2,-1,0,0,0,0,13303.199999999999,22919,35937,31227,21135,2632,29910.4,20046,5075,5103,2646,20642,0
262500.0,2,1,2,37,0,0,0,0,0,0,80848.8,69489,70937,71761,73505,74827,4160.0,3200,2600,2900,2700,3000,0
625000.0,2,1,2,33,0,0,0,0,0,0,275109.6,134264,134908,141358,121262,131147,13054.6,8048,20141,10000,12000,15000,0
275000.0,2,1,1,47,2,2,2,2,2,2,3000.0,2500,2500,2500,2500,2500,0.0,0,0,0,0,0,1
150000.0,2,2,1,52,-1,-1,-1,-1,-1,-1,1425.6,2512,3444,1742,502,346,3265.6,3444,1742,502,346,325,0
212500.0,2,2,1,39,0,0,0,0,0,0,200221.19999999998,107434,99487,49017,48812,0,6500.0,5000,3000,3000,0,1219,0
25000.0,1,2,2,30,1,2,0,0,0,0,19035.6,14498,15064,13605,11844,10152,0.0,1157,574,423,374,648,0
175000.0,1,1,2,35,0,0,0,0,0,0,159564.0,136435,138696,139673,141573,140474,8234.2,6600,5500,4821,5188,5600,0
37500.0,2,6,1,50,0,0,0,0,0,0,32349.6,26716,26679,22972,20152,11688,5200.0,5022,1232,820,286,237,0
62500.0,1,3,1,28,0,0,0,0,0,0,51704.4,44468,46653,43143,19003,0,2730.0,3260,1200,1000,0,16628,1
62500.0,2,2,1,32,0,0,0,0,0,0,11852.4,10800,5921,6042,4012,0,1482.0,1000,121,0,0,10620,0
62500.0,1,2,2,42,0,0,0,0,0,0,60841.2,50462,50218,20141,20072,19493,2862.6,2083,697,711,717,674,0
62500.0,2,1,2,28,1,2,0,0,0,0,12471.6,9895,10726,10863,11200,11272,0.0,1500,800,700,600,600,0
75000.0,2,2,1,30,0,0,2,0,0,0,41679.6,37460,36558,37945,38782,39582,4680.0,0,2000,1600,1600,1340,1
62500.0,1,1,2,34,0,0,0,0,0,0,2504.4,2632,3355,3253,3640,3512,1300.0,1186,500,1000,500,1000,0
37500.0,2,2,2,28,0,0,2,0,0,0,24232.8,24860,24180,25467,26241,30637,6500.0,0,2000,1500,5000,2528,0
100000.0,2,2,2,28,0,0,0,-1,-1,0,7302.0,4728,5750,1361,1402,1911,1466.4,1150,1361,1402,1000,344,0
625000.0,2,2,2,37,0,0,0,0,2,0,40515.6,43081,44277,46605,35766,26175,13000.0,2200,3500,0,1100,800,0
87500.0,1,1,1,44,0,0,0,0,0,0,80968.8,68750,59186,48178,46197,48444,4030.0,7172,10000,1662,3000,1350,0
387500.0,2,1,2,41,-1,-1,-1,-1,-1,-1,7816.799999999999,8619,6204,2905,7944,13125,11204.7,6206,2905,7944,13524,16233,0
625000.0,1,1,2,34,-1,-1,-1,-1,-1,-1,10677.6,1276,24031,41305,5405,32310,1667.9,24174,41306,5455,36914,12457,0
62500.0,1,3,2,31,0,0,0,0,0,0,50448.0,30427,17818,17028,16387,15728,2600.0,2000,1000,1000,1000,1000,0
312500.0,1,1,1,44,-1,-1,-2,-1,-1,-1,2222.4,0,0,2576,20552,0,0.0,0,2576,20739,0,2231,0
450000.0,1,3,1,58,-1,-1,-1,-1,-1,-1,54505.2,68526,47416,48811,193712,80601,89096.8,47427,48846,193712,80601,11166,0
100000.0,2,2,1,41,0,0,0,0,0,0,89582.4,76506,78173,79220,81351,48056,4810.0,3500,3000,3368,1023,1500,0
837500.0,1,1,2,34,0,0,0,0,0,0,293595.6,243209,229265,228114,232795,237726,13000.0,8000,8500,8190,9000,8000,0
312500.0,1,1,2,34,-1,-1,-1,-1,-1,-1,624.0,2047,1155,3582,580,1398,2661.1,1155,3582,580,1398,1660,0
625000.0,2,2,2,55,-1,-1,-1,0,0,0,705.6,2393,5306,5453,3221,1269,3110.9,5308,1000,0,0,1557,1
62500.0,1,2,2,29,0,0,0,0,0,0,8059.2,7737,8741,8911,8943,9140,1677.0,1294,464,324,345,500,0
100000.0,2,3,1,40,0,0,0,0,0,0,65983.2,55111,55239,54892,45862,45086,2555.8,2055,1720,1458,1475,1587,0
450000.0,2,2,2,35,0,0,-2,-1,0,0,28680.0,0,0,150,205150,0,0.0,0,150,205000,0,0,0
350000.0,2,2,1,42,0,0,0,0,0,0,34893.6,30144,32629,35126,35759,42317,1969.5,3000,3000,1292,7147,1415,0
87500.0,2,3,1,39,1,2,0,0,0,0,91227.59999999999,73213,68034,68602,30252,47363,0.0,3000,3000,1508,20000,2500,0
250000.0,1,2,2,35,0,0,0,0,0,0,81390.0,70193,64997,60907,62452,62191,13000.0,3000,2154,2500,2400,2300,0
375000.0,1,1,1,43,0,0,0,0,0,0,136568.4,103759,90827,78887,57682,35493,5864.3,3300,4505,4200,2500,25151,0
625000.0,2,2,1,41,-1,-1,-1,-1,-1,-1,12579.6,23956,0,8500,4590,0,31150.600000000002,0,8500,4590,0,0,0
412500.0,2,1,2,32,0,0,0,0,0,0,45104.4,39183,39305,40251,41683,38978,2600.0,2000,3000,3000,3000,1500,0
62500.0,1,1,1,42,2,0,0,0,2,0,58459.2,49504,44127,22053,20129,19262,2876.9,1804,2700,0,700,1000,1
212500.0,1,1,1,43,1,-2,-2,-2,-2,-2,0.0,0,0,0,0,0,0.0,0,0,0,0,0,1
450000.0,2,2,2,42,-1,-1,-1,-1,-1,-1,1279.2,0,878,1142,926,1401,0.0,878,1142,926,1401,938,1
25000.0,1,3,2,56,0,0,0,0,-1,-1,11943.6,13989,14953,14710,900,0,6500.0,1275,2704,3200,0,0,0
187500.0,2,3,1,45,-2,-2,-2,-2,-2,-2,0.0,0,0,0,0,4095,0.0,0,0,0,4095,0,0
37500.0,2,2,2,28,1,-1,-1,-2,-2,-1,0.0,604,0,0,0,359,786.5,0,0,0,359,0,0
150000.0,1,2,2,31,0,0,0,0,0,0,137778.0,113360,116797,92346,88542,80225,8006.700000000001,10008,3051,3100,3052,2908,1
262500.0,2,1,0,36,-1,-1,-1,0,0,0,1598.3999999999999,3825,33515,78075,109374,108869,5002.400000000001,33515,48075,39374,1000,1357,0
450000.0,2,2,1,44,-1,2,2,-1,-1,-1,1464.0,330,165,5773,3598,3598,221.0,0,5773,3598,3598,6208,0
62500.0,1,3,2,44,0,0,0,0,0,0,47703.6,40701,41342,41424,41182,41187,2600.0,2000,2000,1600,2000,2000,1
162500.0,2,5,1,32,0,0,0,0,0,0,160550.4,127622,129795,122416,124653,126995,6500.0,5000,5000,5000,5000,4000,0
187500.0,2,1,2,45,-2,-1,-1,-1,-1,-1,957.5999999999999,2305,1036,5022,3938,316,3001.7000000000003,1036,5048,3946,316,314,0
325000.0,1,1,2,33,1,-1,-1,-1,-1,-1,0.0,37785,3780,3202,3754,848,52000.0,3780,3202,4000,848,5795,0
262500.0,1,3,2,53,0,0,0,0,-1,-1,102128.4,83658,73664,38405,38395,5062,43755.4,30003,1000,38395,5062,13061,0
275000.0,2,2,2,42,-2,-2,-2,-2,-2,-2,3194.4,1918,4626,5602,769,5595,2493.4,4626,5602,769,5595,2538,0
100000.0,2,3,2,59,0,0,0,-1,-1,-1,14413.199999999999,10484,12190,4000,0,4000,4932.2,6000,6500,0,4000,0,0
62500.0,2,2,2,31,2,0,0,0,-1,-1,58212.0,48217,25192,15741,3041,0,2340.0,3000,1000,3041,0,0,1
187500.0,2,2,2,32,0,0,0,0,0,0,176133.6,139111,134382,134593,91112,68482,8520.2,10000,4749,3304,2285,700,0
237500.0,2,3,1,48,0,0,0,0,0,0,112030.8,95376,98954,101512,106708,109639,4425.2,4954,4512,6708,4639,4793,0
337500.0,2,2,2,30,0,0,0,0,0,0,27094.8,23579,24613,25617,25434,25966,1794.0,1419,1423,910,942,951,0
437500.0,2,1,2,53,-2,-2,-2,-2,-2,-2,0.0,7900,7620,790,0,0,10270.0,0,790,0,0,1948,0
450000.0,1,1,2,37,-1,-1,-1,0,0,0,9768.0,0,20470,10357,8540,0,0.0,20470,207,0,0,3185,0
250000.0,2,3,1,33,-2,-2,-2,-2,-2,-2,103.2,7024,1466,1466,479,2448,9185.800000000001,1473,1473,486,3442,12,1
625000.0,1,1,2,48,0,0,0,0,0,0,169587.6,143548,146487,139155,142337,145411,6500.0,5015,5000,5000,5000,5000,0
12500.0,1,2,2,28,0,0,-1,-1,0,0,21400.8,8511,1651,9984,10096,9847,1342.9,1651,9984,415,358,114,0
137500.0,2,1,2,33,0,0,0,0,0,0,78028.8,61848,57944,53857,35036,31973,3250.0,2900,2000,2000,2000,2000,0
200000.0,2,2,1,28,0,0,0,0,0,0,116176.8,69870,68984,55559,44705,28223,13010.4,20014,1894,6425,2204,62529,0
37500.0,1,2,1,43,2,0,0,0,0,-2,34180.799999999996,29242,30037,29682,0,0,2476.5,1700,1108,0,0,0,0
62500.0,2,3,1,57,-2,-2,-2,-2,-2,-2,0.0,0,0,0,0,0,0.0,0,0,0,0,0,0
287500.0,1,1,1,48,1,2,2,2,2,2,11354.4,9701,10277,13148,12834,13861,1300.0,1000,3000,0,1200,0,0
562500.0,2,1,2,45,-2,-2,-2,-2,-2,-2,958.8,0,0,0,0,0,0.0,0,0,0,0,0,0
450000.0,1,2,1,39,0,0,0,0,0,0,59750.399999999994,52399,52950,44625,21906,16190,4477.2,3053,3122,1030,610,519,0
450000.0,1,1,2,32,-2,-2,-2,-2,-2,-2,3368.4,894,5939,1390,0,0,1167.4,5970,1396,0,0,0,0
250000.0,1,1,2,41,2,2,2,0,0,0,106898.4,91055,89064,90019,92850,98666,5200.0,0,3000,4000,7000,4000,1
312500.0,2,1,2,41,-2,-2,-2,-1,-1,-1,2640.0,0,0,124832,7984,1500,0.0,0,124832,7984,1500,12674,0
325000.0,2,1,2,31,0,0,0,0,0,0,174198.0,149173,142730,148307,152375,158435,8450.0,7000,8000,6500,8500,5600,0
350000.0,1,2,1,44,-2,-2,-2,-2,-2,-2,2498.4,3557,5623,5400,3866,3526,4676.1,5672,5427,3885,3543,3519,1
37500.0,2,2,1,35,0,0,0,0,2,0,28873.2,25156,25949,28478,27754,28186,2340.0,1500,3000,0,1001,2500,1
200000.0,2,3,1,61,-1,-1,-1,-1,0,0,3590.4,4562,0,1619,928,0,5930.6,0,2547,0,0,0,0
62500.0,2,3,1,63,1,3,2,2,2,2,47578.799999999996,40194,41150,41670,42188,43360,1950.0,1900,1500,1500,2000,1500,0
125000.0,2,2,2,37,0,0,0,0,0,0,121867.2,98734,98858,98259,80849,81151,4525.3,6006,3246,2994,2903,2849,0
650000.0,2,3,1,59,0,0,0,0,0,0,783674.4,671563,689627,706864,383160,294641,37050.0,30500,30000,15000,15000,0,0
162500.0,2,1,2,35,-1,-1,-1,-1,-1,-1,6002.4,2437,2448,5457,3855,4684,3168.1,2774,5457,3855,4684,843,0
25000.0,2,3,2,55,0,0,0,0,0,0,19620.0,17382,18488,19179,19720,19822,1690.0,1400,1000,1000,626,300,0
62500.0,2,3,1,58,2,2,2,2,2,2,49111.2,43236,45250,46003,44193,44838,3900.0,3000,1800,0,1500,2300,1
275000.0,2,1,2,41,-1,-1,-1,-1,-1,-1,6462.0,5337,5484,5342,5618,5236,6971.900000000001,5511,5368,5646,5262,3894,1
562500.0,1,1,2,36,-1,-1,-1,-1,-2,-2,6000.0,5000,5000,0,0,0,6500.0,5000,0,0,0,0,0
225000.0,2,3,1,68,-1,-1,-2,-2,-2,-2,1612.8,0,0,0,0,0,0.0,0,0,0,0,0,1
525000.0,2,2,2,32,-2,-2,-2,-2,-2,-2,18000.0,15000,15000,15000,15000,15000,19500.0,15000,15000,15000,15000,14996,0
37500.0,2,2,2,51,1,-1,0,0,0,0,10669.199999999999,24501,24886,25014,29356,25515,36401.3,1245,763,5000,1164,9114,0
37500.0,2,3,2,31,0,0,0,0,0,0,33675.6,29304,28047,26840,28271,28134,2210.0,1407,1200,2000,2000,1000,0
250000.0,1,1,2,38,-1,-1,-1,-1,-1,-1,1441.2,0,973,0,161,1174,0.0,973,0,161,1174,598,0
187500.0,1,1,2,47,2,0,0,0,0,0,172675.19999999998,147475,75423,70034,44311,20056,8426.6,3440,2046,4311,5056,1169,1
375000.0,2,2,1,39,0,0,0,0,0,0,71880.0,62391,66156,66621,68030,70101,4550.0,5017,5000,2000,2500,8128,0
262500.0,2,1,1,51,0,0,0,0,0,0,135481.19999999998,110089,108775,107090,104037,101337,6383.0,3939,3792,3657,3631,3500,0
37500.0,2,1,1,27,0,0,0,0,0,2,26974.8,22650,22513,22391,23654,22738,2605.2000000000003,2004,2001,2001,1,1701,0
225000.0,1,1,1,41,0,0,0,0,0,0,102843.59999999999,84298,62201,81859,78566,77491,4698.2,2400,23500,3800,3700,500,0
137500.0,2,3,1,49,0,0,0,0,0,0,16017.599999999999,70263,67431,64534,65873,66974,87660.3,2378,2458,2530,2338,1473,1
37500.0,2,3,2,48,0,0,0,0,0,0,32193.6,25352,26553,26554,18869,12359,2064.4,1789,790,471,352,121,0
37500.0,1,2,1,54,3,2,2,2,2,2,31582.8,27404,27769,28227,28642,28042,2340.0,1100,1200,1000,0,2200,0
225000.0,2,1,2,30,-1,-1,-2,-2,-2,-2,3184.7999999999997,0,0,0,0,0,0.0,0,0,0,0,0,0
187500.0,1,2,2,43,-2,-2,-2,-2,-2,-2,8018.4,2659,2178,1536,626,621,3469.7000000000003,2184,1542,626,621,1591,0
475000.0,1,1,1,62,0,0,0,0,0,0,383091.6,357782,374313,371566,362232,352161,195050.7,30031,27403,15168,35235,25078,0
62500.0,2,1,2,30,-1,-1,-1,-1,-1,-1,688.8,801,686,527,312,442,1041.3,686,527,312,442,8016,0
37500.0,2,3,1,33,0,0,0,2,2,0,14916.0,13419,15897,16340,15780,16127,1560.0,2700,1000,0,600,1400,0
25000.0,1,2,2,44,0,0,0,0,-2,-2,10558.8,9671,11500,0,0,0,1522.3,2000,0,0,0,0,0
325000.0,2,2,2,33,0,0,0,0,0,0,185386.8,143383,132873,122528,111409,100032,7800.0,5000,5000,4000,3600,5005,0
25000.0,2,2,1,45,2,2,4,3,2,0,21313.2,21152,20508,19933,19517,20235,5200.0,0,0,0,1000,3000,0
62500.0,1,1,2,37,2,0,0,2,0,0,19720.8,17550,21414,20774,21177,21612,2194.4,4476,0,888,788,1088,0
462500.0,2,3,2,32,0,0,0,0,0,0,76094.4,159542,160885,162368,165591,121614,130000.0,6000,6000,8000,4500,3000,0
625000.0,2,1,2,42,-2,-2,-2,-2,-2,-2,378.0,2579,3824,813,0,4443,3352.7000000000003,3824,813,0,4443,330,0
62500.0,2,2,1,36,0,0,0,0,0,0,63304.799999999996,50393,25953,27350,19931,16845,3900.0,5000,3000,3002,3007,7000,0
212500.0,2,2,1,35,0,0,0,0,0,0,198392.4,165627,165871,164606,121547,121118,9620.0,6328,5280,4300,4500,4300,0
37500.0,2,2,1,56,0,0,0,0,0,0,13048.8,11896,12906,13162,13438,13705,1566.5,1215,471,488,491,508,0
125000.0,2,3,2,58,0,0,0,0,0,0,121803.59999999999,29880,31119,58653,59477,60695,1999.4,1777,29103,2283,2334,2290,0
300000.0,1,2,2,35,-2,-2,-1,-1,-1,-1,64574.399999999994,2000,2396,4657,2452,2418,2613.0,2613,5076,2464,2428,4170,0
125000.0,1,2,1,45,0,0,0,-2,-2,-2,45115.2,23808,0,0,0,0,1300.0,0,0,0,0,0,0
287500.0,1,1,1,37,1,-2,-2,-2,-2,-1,0.0,0,0,0,0,150,0.0,0,0,0,150,990,1
187500.0,2,1,1,37,0,0,0,-2,-2,-2,91101.59999999999,77025,0,0,0,0,4582.5,0,0,0,0,0,0
375000.0,2,3,1,57,0,0,0,0,0,0,351808.8,268652,285524,235773,221123,221269,19500.0,25000,8000,22000,10060,9000,0
87500.0,2,3,2,46,0,0,0,0,0,0,39097.2,32888,33481,33683,34227,34327,2600.0,1500,1138,1806,1383,1250,0
62500.0,2,1,2,45,0,0,0,0,0,0,63409.2,52016,51990,50570,21095,19999,2418.0,2619,2000,500,714,20702,0
700000.0,1,1,2,45,0,0,0,0,0,0,585379.2,471138,454471,432132,285868,291140,20712.9,17065,14878,8505,9027,8527,0
150000.0,1,1,2,35,-2,-2,-2,-2,-2,-2,0.0,0,0,0,0,0,0.0,0,0,0,0,0,0
362500.0,1,2,1,41,-1,-1,-1,-1,-1,-1,19298.399999999998,27310,12811,11111,24586,11992,35634.3,12821,11111,24586,11992,12772,0
87500.0,2,2,1,44,0,0,0,0,0,-2,65761.2,52714,18596,9760,0,0,6936.8,1268,1052,0,0,0,0
87500.0,1,3,1,55,2,3,2,2,2,0,68137.2,55327,52927,30432,16546,16722,2.6,3,2214,0,600,800,1
325000.0,2,1,2,35,0,0,0,0,0,0,283153.2,222409,215056,212791,177159,143920,10384.4,7979,6807,5247,5240,5000,0
250000.0,2,4,2,32,-2,-2,-2,-2,-2,-2,0.0,0,0,0,0,0,0.0,0,0,0,0,0,0
87500.0,2,1,1,41,2,0,0,0,0,0,98062.8,85389,86287,65287,35345,9360,6500.0,3000,2000,3000,5000,0,0
300000.0,2,1,2,35,-2,-2,-2,-2,-2,-2,0.0,0,9625,8864,9248,23353,0.0,9625,0,9248,23353,1205,0
187500.0,2,3,1,45,0,0,0,0,0,0,68028.0,58775,62769,64233,65704,69835,4687.8,5600,2500,2500,5400,2600,1
62500.0,2,2,1,42,0,0,0,0,0,2,34226.4,29906,34057,34611,38359,37592,2403.7000000000003,5000,1417,4488,0,1540,0
250000.0,2,2,2,37,-2,-2,-2,-1,0,0,1128.0,174,1684,1581,2381,2381,226.20000000000002,1689,1581,800,0,0,0
100000.0,2,2,1,42,0,-1,0,0,0,0,6892.8,33115,34131,34809,35539,36271,43049.5,1568,1246,1291,1324,728,0
250000.0,2,2,1,36,-2,-2,-2,-2,-2,-2,2600.4,9003,1301,7066,3486,12191,11703.9,1301,7070,3688,12191,4760,0
37500.0,2,2,2,27,0,0,-2,-2,-2,-2,22596.0,0,0,0,0,0,0.0,0,0,0,0,0,0
500000.0,2,3,1,45,0,-1,-1,-1,-1,-1,36214.799999999996,35550,71671,0,65691,23657,46447.700000000004,72031,0,66020,23776,32948,0
25000.0,1,2,2,27,0,0,2,0,0,0,9760.8,9992,10526,11049,11865,12665,2600.0,1000,1000,1000,1000,8100,0
625000.0,1,1,1,60,-1,-1,-1,0,0,0,4710.0,11200,25509,9857,8945,9985,14628.9,25585,3,18,5034,5031,0
62500.0,2,2,1,59,0,0,0,0,0,0,55364.4,46975,47500,47921,17125,16686,2600.0,2045,1466,600,604,608,0
25000.0,2,1,1,63,0,0,0,0,0,0,20689.2,18463,19640,19114,18679,15000,1950.0,1626,100,600,300,0,0
62500.0,1,2,2,42,1,2,0,0,0,0,34477.2,27985,29000,29731,30400,33427,0.0,1482,1213,1300,3703,0,1
300000.0,2,3,1,46,-1,-1,-1,0,-1,-1,4767.599999999999,3724,7448,3724,5814,10942,4841.2,7448,0,5814,8852,0,0
350000.0,2,2,1,69,0,0,2,0,0,0,27258.0,37818,35497,30164,7164,7164,20157.8,17,3364,0,0,0,0
212500.0,2,2,2,38,1,-1,-1,-1,-2,-2,0.0,7042,2986,0,0,0,9154.6,2986,0,0,0,0,0
325000.0,2,1,2,37,0,0,0,0,-1,-1,9793.199999999999,10086,12985,0,560,0,2600.0,3000,0,560,0,0,0
162500.0,2,2,1,39,1,-1,0,0,0,0,0.0,5396,10270,13576,13864,14636,7014.8,5000,3500,501,1000,2000,0
100000.0,2,2,1,39,1,2,2,2,2,2,55753.2,47526,46466,48183,49057,51091,2730.0,0,2800,1800,3000,0,1
25000.0,1,1,2,33,0,0,0,0,0,0,20830.8,16828,17723,18733,12249,19910,3510.0,4150,1500,577,8000,300,0
25000.0,1,2,1,58,0,0,2,2,2,2,19246.8,19752,19112,20223,18806,20001,5200.0,0,1382,0,3000,0,1
25000.0,1,2,2,31,0,0,0,-2,-2,-1,22605.6,15349,0,0,0,19125,1560.0,0,0,0,19125,1000,0
87500.0,2,2,2,41,0,0,0,0,0,0,81436.8,59165,29314,28844,29443,30101,2657.2000000000003,1773,1181,1215,1297,1008,0
362500.0,2,1,1,42,-1,-1,-1,-1,-1,-1,4183.2,550,1922,550,550,3810,715.0,1922,550,550,3810,2927,1
37500.0,2,3,1,27,-2,-2,-2,-2,-2,-2,0.0,0,0,0,0,0,0.0,0,0,0,0,0,0
412500.0,2,3,1,60,0,0,0,0,0,0,25599.6,25915,25036,21804,19228,18799,6500.0,5200,6000,4300,5000,4000,0
100000.0,2,2,2,34,0,0,0,2,2,0,71424.0,60492,62160,64714,62420,62990,3578.9,3438,4400,0,2400,9974,1
225000.0,2,1,1,40,-1,-1,-1,2,-1,-1,4252.8,0,163,163,1772,148,0.0,1000,0,2000,0,5000,0
262500.0,2,2,2,35,0,0,0,0,0,0,259010.4,220042,214545,215635,163741,162253,12350.0,9100,9900,6100,6100,6300,0
62500.0,1,1,2,30,0,0,0,0,0,0,21796.8,19456,20486,21241,21788,23281,2470.0,1645,1400,900,2000,0,0
62500.0,2,3,1,32,2,0,0,0,2,0,13530.0,37651,38498,40644,39731,35657,35404.200000000004,1754,2900,0,1265,832,1
75000.0,2,1,1,48,2,2,2,2,2,2,56167.2,47758,48669,49559,50608,51426,2600.0,2000,2000,2000,1806,2300,1
175000.0,2,2,1,38,0,0,0,-2,-1,0,107071.2,90212,0,0,66441,68365,4072.9,0,0,68383,3000,3096,0
412500.0,1,3,1,42,-2,-2,-2,-2,-2,-2,0.0,0,0,0,0,0,0.0,0,0,0,0,0,0
262500.0,2,1,2,35,0,0,0,0,0,0,8716.8,8816,10749,5125,5732,9297,2600.0,2500,2000,1000,4000,4000,0
87500.0,1,1,2,35,0,0,0,0,0,0,43441.2,25510,11402,8464,6464,0,2061.8,1000,0,0,0,0,0
100000.0,1,2,1,47,0,0,0,0,0,0,93859.2,62890,52973,52328,49214,50245,2749.5,5004,1834,1562,1621,2196,0
62500.0,1,3,2,39,-1,2,2,-2,-2,-2,936.0,780,0,0,0,0,0.0,0,0,0,0,0,0
662500.0,1,1,2,37,-2,-2,-1,0,0,0,14941.199999999999,24095,15688,24511,12144,34963,31356.0,15791,12808,8090,34110,90231,0
12500.0,2,1,2,27,1,3,2,2,2,2,10022.4,8078,7800,8672,8388,9248,0.0,0,1000,0,1000,0,0
100000.0,2,3,2,55,0,0,0,0,0,0,55486.799999999996,46914,47918,47620,48571,48525,2280.2000000000003,2210,1700,1614,1600,1600,0
262500.0,1,1,1,39,0,0,0,0,0,-1,51140.4,67734,66612,65799,0,8208,39026.0,4043,10329,0,8249,2572,0
250000.0,2,1,1,39,-2,-2,-2,-2,-2,-2,0.0,0,0,0,0,0,0.0,0,0,0,0,0,0
62500.0,1,1,2,50,0,0,0,0,0,0,51517.2,45556,43809,36493,20069,20210,7805.2,1805,1255,1003,1111,3002,0
187500.0,1,1,1,59,1,2,2,2,2,2,28750.8,23276,25294,26780,27143,27563,0.0,2400,2201,1100,1000,0,1
125000.0,2,1,2,31,-1,-1,-2,-2,-2,-2,31527.6,0,0,0,0,0,0.0,0,0,0,0,0,1
287500.0,1,1,2,34,0,0,2,2,2,0,48878.4,44563,42804,44020,41278,34672,6500.0,0,3000,0,3000,3000,0
62500.0,2,3,1,52,0,0,0,0,0,0,39019.2,32774,33597,29105,26154,27699,2431.0,1693,1106,1473,3000,2507,0
75000.0,2,5,2,38,0,0,0,0,0,0,62611.2,39107,39547,39555,40216,41039,2600.0,2000,1500,2000,2200,2000,0
525000.0,1,1,1,52,-1,-1,-1,-1,-1,-1,12620.4,15571,9090,9622,10223,3942,20260.5,9100,9628,10223,3942,3754,0
62500.0,1,2,3,46,0,0,0,0,0,0,62712.0,40893,81308,41463,40045,40845,2182.7000000000003,1640,1449,1454,1466,1526,0
25000.0,1,2,2,28,2,2,2,0,0,-2,8556.0,9455,9159,10000,0,0,3191.5,0,1000,0,0,0,1
100000.0,2,2,1,29,0,0,0,0,0,0,89252.4,76137,78366,78400,80000,80000,3900.0,3455,1960,2000,0,0,0
62500.0,1,3,1,51,0,0,0,0,0,0,58899.6,27822,28702,29119,29240,28664,1901.9,1733,1150,1480,1200,3135,0
75000.0,2,2,2,29,0,0,0,0,0,0,69771.59999999999,60221,50135,19553,11896,15241,3957.2000000000003,1123,7553,474,3586,305,1
100000.0,2,2,1,31,0,0,2,4,3,2,38619.6,34454,39559,38640,37721,39965,3666.0,6000,0,0,3000,0,1
250000.0,2,2,2,31,0,0,0,2,2,0,126519.59999999999,108408,116094,116289,112011,106313,7147.400000000001,11084,3800,0,4005,2911,0
250000.0,1,2,2,31,0,0,0,0,0,0,123832.79999999999,107027,107765,109970,113436,115402,7150.0,4000,4000,5242,5000,4400,0
250000.0,1,3,2,46,-2,-2,-2,-2,-2,-2,25140.0,182,3150,0,0,0,236.6,3165,0,0,0,94,0
100000.0,2,2,2,29,0,0,0,0,0,0,23025.6,18774,12339,11312,8324,7079,1786.2,1235,1101,270,1000,1000,0
362500.0,1,4,1,57,0,-1,-1,-1,0,0,362875.2,2000,2208,105145,106511,108228,2600.0,2604,215917,3685,3700,3786,0
337500.0,2,2,1,37,1,2,2,2,2,2,281702.39999999997,233036,229286,217644,223690,221413,13000.0,8000,0,16000,8000,0,1
225000.0,2,2,2,39,-1,-1,-1,-1,-1,-1,232.79999999999998,191,187,176,188,187,260.0,187,180,200,187,750,0
487500.0,1,1,1,50,2,2,0,0,0,0,222244.8,180455,131386,131879,115183,75131,0.0,6000,3500,5000,4500,3000,1
37500.0,2,3,1,52,0,0,0,0,0,0,19174.8,17705,19107,20281,20941,21799,2600.0,2000,1500,1000,1200,2000,0
250000.0,2,2,2,34,0,0,0,0,0,0,244960.8,194949,153646,137087,134995,135953,10400.0,5542,5308,4587,4750,4935,1
75000.0,1,1,1,65,-1,-1,-1,-1,-1,-1,468.0,390,2840,390,390,769,507.0,2840,390,390,769,390,0
225000.0,2,1,2,38,2,2,2,2,2,2,142387.19999999998,125175,126899,127336,125273,134210,13000.0,5200,4000,1500,11000,1000,1
162500.0,2,1,1,38,-1,2,0,0,0,-1,12783.6,7439,15206,12446,7047,5472,16.900000000000002,12454,30,21,5488,1725,0
175000.0,2,3,1,46,0,0,0,0,0,0,136959.6,122191,128069,103319,105702,108619,13000.0,8000,5000,4000,4520,6000,1
325000.0,1,1,2,36,0,0,0,0,0,0,122820.0,96133,90183,89846,101034,84152,5242.900000000001,4000,4005,14066,3017,2736,0
62500.0,2,2,1,58,0,0,0,0,-1,2,56328.0,48372,48184,3736,2003,380,2844.4,1000,75,2003,0,0,1
237500.0,1,2,1,53,0,-1,0,0,0,0,7740.0,189102,189018,175871,157218,151618,246632.1,7779,6092,5018,6168,1218,0
500000.0,1,3,2,68,-1,-1,-1,-1,0,0,62798.399999999994,42898,26096,396988,348029,173170,55767.4,26099,397092,7864,3785,0,0
437500.0,2,1,2,49,2,3,2,2,2,2,371100.0,314607,322032,327193,333278,340791,15600.0,14000,12000,13000,13000,13000,1
125000.0,2,3,1,48,2,2,0,0,0,0,120364.79999999999,97814,100337,100585,52041,70731,0.0,5000,2623,2500,32000,2567,1
112500.0,1,1,1,39,0,0,0,-2,-2,-2,127606.79999999999,90500,0,0,0,0,26760.5,0,0,0,0,0,0
87500.0,2,2,2,27,0,0,0,0,0,0,79806.0,67514,69038,69927,50579,49483,3251.3,3001,2608,1777,1792,1793,1
62500.0,1,2,1,37,0,0,0,0,0,0,13236.0,12048,13145,14160,14441,14743,1563.9,1300,1235,516,534,537,0
62500.0,2,2,2,27,2,2,2,3,2,2,22909.2,18487,22219,21520,20108,18207,0.0,4042,0,648,0,921,0
75000.0,1,2,1,43,0,0,2,0,0,0,87516.0,71123,67405,63559,60048,56458,6500.0,3000,3000,3000,2000,3000,0
25000.0,1,2,2,30,0,0,0,0,0,0,16114.8,14502,15564,16600,17025,17381,1690.0,1300,1300,700,630,650,0
12500.0,1,2,2,27,2,0,0,-1,-1,-2,10357.199999999999,9202,9975,528,0,0,1609.4,1275,528,0,0,0,1
187500.0,1,1,2,31,2,2,2,2,2,0,197491.19999999998,160500,170405,176048,161874,144124,0.0,14000,10048,0,5118,4517,1
225000.0,1,1,2,33,0,-1,2,0,0,0,3082.7999999999997,2834,394,904,2514,4054,3684.2000000000003,0,900,2000,4000,2000,0
200000.0,1,1,1,35,-1,0,0,0,0,0,20104.8,44946,40453,40951,40709,35569,52588.9,2002,1500,2000,1000,6443,0
150000.0,2,2,2,45,0,0,0,-2,-2,-2,5016.0,5100,0,0,0,0,1300.0,0,0,0,0,0,0
75000.0,2,2,1,62,0,0,0,0,0,0,25039.2,22131,22685,24938,25085,28862,2600.0,2000,2950,926,4600,0,0
250000.0,2,3,1,55,-1,-1,-1,-1,-1,-1,468.0,390,390,390,390,390,507.0,390,390,390,390,390,0
250000.0,2,2,1,53,0,0,0,0,0,0,112455.59999999999,59223,50290,49771,92192,90772,2425.8,1762,1827,53248,3293,3314,0
125000.0,1,2,2,33,0,0,0,0,0,-2,226623.6,180765,64653,10388,3762,1434,6503.900000000001,3018,1400,3786,1774,12714,0
450000.0,2,1,2,35,0,0,0,0,0,0,84841.2,74550,78212,69453,73423,72575,13000.0,10005,10000,10000,10000,10000,0
25000.0,2,1,2,32,3,2,2,0,0,2,20078.399999999998,17866,17276,17514,18462,18036,2210.0,0,800,1361,0,800,1
487500.0,2,2,1,36,0,0,0,0,0,-2,59600.399999999994,33900,33545,16666,0,0,2210.0,17000,333,0,16666,13807,0
525000.0,1,1,1,37,0,0,0,0,0,0,54072.0,25056,24751,24984,24983,23751,1829.1000000000001,1332,963,877,1000,908,1
587500.0,1,2,1,57,0,0,0,0,0,0,101606.4,86821,88892,90944,93739,96428,6500.0,5000,5000,5000,5000,5000,0
212500.0,2,1,1,42,-1,0,-1,-1,-1,0,476.4,396,396,596,25081,25189,513.5,396,596,25081,504,396,0
325000.0,2,2,1,47,0,0,0,0,0,2,60072.0,54213,49512,18657,33296,32622,6500.0,2655,800,15000,0,10000,0
125000.0,2,2,1,38,0,0,0,0,0,0,98769.59999999999,83994,85688,86643,88280,90054,4239.3,3307,2581,2502,2525,2600,0
137500.0,2,1,2,34,-2,-2,-2,-2,-2,-2,8876.4,0,0,0,0,0,2600.0,0,0,0,0,0,0
487500.0,1,2,2,34,0,0,0,0,0,0,78424.8,70758,70791,66495,52055,68567,26000.0,14000,10000,12000,30000,13000,0
137500.0,2,2,1,41,-1,-1,-1,-1,-1,-1,2402.4,1056,4680,880,880,880,1372.8,4756,880,880,880,880,1
125000.0,1,2,2,34,0,0,0,-2,-2,-2,78388.8,11860,0,0,0,0,2737.8,0,0,0,0,0,0
62500.0,2,1,2,32,3,2,2,7,7,7,360.0,300,300,300,300,300,0.0,0,0,0,0,0,1
112500.0,2,3,1,49,-1,-1,-1,-1,-1,-1,1767.6,1473,1473,1473,1473,1473,1914.9,1473,1473,1473,1473,34619,0
87500.0,1,2,2,45,1,2,0,0,0,0,95084.4,71627,73326,69645,19799,0,0.0,2986,20150,500,0,0,0
625000.0,2,2,1,41,-2,-2,-2,-2,-2,-2,0.0,229,504,24125,19611,3100,299.0,625,24246,19709,3117,62754,0
112500.0,2,3,1,43,-1,0,0,0,0,0,102861.59999999999,88476,90120,91124,65778,65866,5460.0,5000,4776,2400,3000,3000,0
262500.0,2,1,2,34,-1,-1,-1,-1,2,-1,32845.2,871,871,2042,1021,1666,1132.3,871,2042,0,1666,316,0
62500.0,2,2,2,32,2,2,2,2,0,0,23292.0,22085,23435,22765,22990,23369,3900.0,2000,0,900,900,1006,1
287500.0,2,2,1,50,-1,-1,-1,-1,0,0,128.4,107,1741,107,107,0,139.1,1741,214,0,0,0,0
12500.0,1,1,2,41,1,2,3,2,0,0,10563.6,10926,10425,9919,9825,10581,3406.0,0,0,400,1100,0,1
37500.0,1,1,1,50,0,0,0,0,0,-2,34834.799999999996,27381,28945,29373,0,0,2600.0,2138,1102,0,0,0,0
25000.0,1,2,2,49,1,2,2,2,0,0,21996.0,17743,20346,19597,19086,16755,0.0,3208,0,600,453,138,0
62500.0,2,3,1,55,0,0,0,0,0,0,43378.799999999996,38078,36766,30490,26934,28118,3900.0,10000,5000,1500,2000,2000,1
312500.0,1,1,2,36,0,0,0,0,0,0,258379.19999999998,198490,169014,167776,168110,168505,8898.5,5945,5919,6000,6059,5837,0
537500.0,2,1,2,34,0,0,0,0,0,0,133690.8,114071,116749,118319,121351,125225,7800.0,6000,5000,5000,6000,5000,0
400000.0,1,2,1,44,0,0,0,0,0,0,112521.59999999999,91523,91579,91193,92837,95323,4312.1,3506,4218,5000,6080,938,0
187500.0,2,2,1,46,0,0,0,0,0,0,96522.0,74826,74485,71935,71757,71844,4353.7,3200,2700,2711,2800,1561,0
225000.0,2,1,1,34,-2,-1,0,0,-2,-2,0.0,287,5264,1521,0,0,373.1,5293,1523,0,0,0,0
350000.0,2,1,2,34,-1,-1,-1,-1,-1,-1,5227.2,12345,2663,867,3060,858,16099.2,2664,867,3060,858,3193,0
225000.0,2,4,1,39,-1,-1,-1,-1,0,0,8270.4,6892,6892,6282,8282,0,8959.6,6892,6282,2000,0,0,0
487500.0,2,3,2,50,0,-1,-1,-1,-1,0,113247.59999999999,2230,609,0,36635,38396,2899.0,609,0,40396,3000,105100,0
100000.0,1,2,2,30,-2,-2,-2,-2,-2,-2,362.4,0,1958,0,15932,950,0.0,2020,0,16033,11220,0,0
175000.0,2,2,2,32,0,0,0,0,0,0,163531.19999999998,139504,140262,138958,136898,141634,9100.0,6000,7000,5000,10700,4600,0
37500.0,2,2,1,27,2,0,0,0,0,0,32215.199999999997,27718,28067,28334,28984,14769,2600.0,1500,1000,800,728,1000,1
100000.0,2,2,1,37,3,2,2,2,0,0,86862.0,72643,73462,71681,73375,74794,2600.0,2600,0,2850,2800,3000,1
250000.0,1,1,1,39,-1,-1,-1,-1,-1,-2,7054.8,5884,5171,4598,0,0,7649.2,5171,4598,0,0,0,0
12500.0,1,3,2,41,-1,-1,-1,-1,2,2,7820.4,344,0,10040,9735,10362,447.2,900,10040,0,790,0,0
175000.0,2,3,1,44,0,0,0,0,0,0,153475.19999999998,131764,134654,138303,119845,122457,9750.0,6500,7500,5000,4700,5228,0
137500.0,1,2,2,29,0,0,0,0,0,0,127112.4,65575,66495,67415,68538,78911,3087.5,2395,2397,2583,12000,2583,0
150000.0,1,1,2,32,-1,-1,-1,-1,0,0,379.2,316,1360,9474,10158,2551,410.8,1360,10000,1000,2000,3000,0
25000.0,2,2,1,29,1,2,3,2,0,0,23090.399999999998,21821,21197,20400,20000,20000,4160.0,0,0,0,0,0,1
337500.0,2,2,1,47,1,-2,-2,-2,-2,-2,0.0,0,0,0,0,0,0.0,0,0,0,0,0,0
62500.0,2,2,2,28,0,0,0,0,0,0,48912.0,39660,23203,18983,13466,18878,1950.0,1500,1100,1466,5556,598,0
125000.0,2,5,1,59,0,0,0,0,0,0,115176.0,99056,100415,102666,63913,65246,5274.1,3232,3275,2290,2365,2382,0
100000.0,2,3,2,27,0,0,-1,-1,-2,-2,45588.0,39400,15674,0,0,0,3120.0,15674,0,0,0,0,0
62500.0,2,1,2,31,0,0,0,0,0,0,58005.6,48283,40989,26695,18884,20131,3910.4,2024,3000,1000,5000,1500,0
12500.0,2,2,1,42,-1,-1,-1,-1,-1,0,6060.0,3704,6222,974,8834,6010,6514.3,6222,984,8834,0,6481,0
125000.0,1,2,2,40,-1,2,2,-1,-1,2,9722.4,10252,5607,59265,62554,55392,3250.0,0,59265,4100,2500,0,1
225000.0,2,2,1,41,-1,-1,-1,-2,-2,-2,944.4,398,0,0,0,0,517.4,0,0,0,0,0,0
150000.0,2,2,1,59,1,-2,-2,-2,-1,-1,0.0,0,0,0,700,1935,0.0,0,200,700,1935,0,1
62500.0,2,2,1,50,0,0,0,0,0,0,57387.6,48468,50955,49813,49290,50603,4087.2000000000003,3878,3000,2500,2000,1787,0
37500.0,2,2,2,26,0,0,0,0,0,0,34645.2,28430,29051,29265,28267,28925,2342.6,1802,1358,1100,1151,1568,0
150000.0,2,2,1,44,-1,-1,-1,-1,-1,-1,379.2,316,316,0,632,316,410.8,316,0,632,316,0,1
62500.0,1,2,2,31,2,0,0,0,0,0,29668.8,49102,49885,25773,25544,26264,32500.0,2010,796,957,1175,0,0
37500.0,1,2,2,29,0,0,0,0,0,0,33456.0,29342,22974,24586,25675,30765,2600.0,1388,2000,1500,5541,0,0
250000.0,1,1,1,50,1,-1,-1,-2,-2,-2,0.0,479,0,0,0,0,622.7,0,0,0,0,0,1
62500.0,1,2,2,30,0,0,-1,0,0,-1,32647.199999999997,0,14805,14699,14999,497,0.0,14805,294,300,498,1003,0
450000.0,1,1,2,41,0,0,-1,-1,-1,-1,397638.0,338400,493,0,2030,2112,19500.0,493,0,2030,2112,750,0
75000.0,1,2,1,35,0,0,0,0,0,0,70704.0,60069,54853,59509,30565,30031,3014.7000000000003,1887,1500,1500,1300,1200,0
62500.0,1,1,2,60,0,-1,-1,-1,-1,0,13254.0,3115,7161,5351,791,47774,4049.5,7161,5351,791,46983,2025,0
62500.0,1,3,1,49,0,0,0,0,0,0,19117.2,17363,18735,19188,17578,16855,2600.0,2000,1006,1003,1000,1000,0
462500.0,2,6,1,53,0,0,0,0,0,0,300316.8,252955,254111,257816,255491,255320,13005.2,9498,10827,9002,9040,9004,0
337500.0,1,2,1,57,0,-1,-1,-1,2,-1,22509.6,4937,2000,9078,5058,6177,6418.1,2000,9078,0,6177,4600,0
75000.0,1,1,2,30,0,0,0,0,0,0,15747.599999999999,14403,16150,17870,19571,21235,1950.0,2000,2000,2000,2000,1000,0
62500.0,1,3,2,28,0,0,-1,-1,-1,-1,51385.2,6609,1600,5087,4270,7881,1310.4,1600,5087,4270,7881,1000,0
450000.0,2,3,2,47,-2,-2,-2,-2,-2,-2,0.0,0,0,0,0,0,0.0,0,0,0,0,0,1
187500.0,2,1,1,60,-1,-1,-1,-1,0,-1,16978.8,18734,17822,32353,25007,16708,24354.2,18040,32353,25000,16708,168381,0
162500.0,2,2,1,46,0,0,0,0,0,0,10704.0,9538,10174,11036,10552,9934,1509.3,1187,1439,345,346,487,0
350000.0,1,1,2,33,0,0,0,0,0,-1,337995.6,211805,96763,67554,0,1244,104024.7,5000,439,10603,1247,2187,0
100000.0,2,3,2,30,0,0,0,0,0,0,95983.2,80012,78748,76722,70370,64510,3900.0,3010,2700,2300,2500,2000,0
25000.0,2,2,1,30,2,2,4,4,4,4,1980.0,1650,1650,1650,1650,1650,0.0,0,0,0,0,0,1
250000.0,2,3,2,39,0,0,0,0,0,0,234456.0,199642,188169,191549,195163,194101,9921.6,6839,6518,6356,6441,6763,0
62500.0,1,3,2,31,0,0,0,0,0,0,58807.2,48814,49180,44941,20056,19783,2600.0,2000,2005,700,856,1000,0
250000.0,2,3,1,51,-1,0,0,0,0,0,185850.0,140376,129962,124282,118956,121449,6780.8,8000,20000,15653,3793,10000,0
25000.0,2,2,1,37,2,0,0,0,2,2,18087.6,15431,16176,18204,17614,18826,2080.0,1300,2300,0,1500,0,1
25000.0,1,2,2,55,-1,-1,0,0,0,-2,2347.2,16568,15586,12800,0,0,21544.9,1551,5060,0,0,0,0
200000.0,1,1,1,34,-1,-1,-1,-1,0,0,597.6,680,0,362,9464,6087,886.6,0,362,9102,0,514,0
112500.0,2,2,2,33,2,0,0,0,2,0,57812.4,49563,47750,47169,46284,47519,3250.0,2500,3700,0,2200,1800,1
287500.0,2,2,2,34,-2,-2,-2,-2,-1,2,0.0,0,0,0,1004,854,0.0,0,0,1004,0,5183,0
50000.0,2,1,2,29,1,2,2,0,0,0,11949.6,12140,11653,11762,12418,13108,3250.0,0,600,1000,900,1000,0
312500.0,2,1,1,46,-1,2,-1,-1,-1,-2,26907.6,16296,32631,43399,2323,46895,78.0,32812,43932,2323,47356,5480,0
600000.0,2,1,2,35,0,0,-1,0,0,-1,91000.8,0,37649,45469,20020,3167,136.5,37754,32970,8000,3167,10981,0
350000.0,2,2,1,41,-2,-2,-2,-2,-2,-2,3448.7999999999997,2874,2874,2874,2874,2854,3754.4,2888,2888,2888,2868,7029,0
37500.0,1,3,2,43,1,2,0,0,0,0,36925.2,29975,27541,27785,28839,29412,0.0,2000,1000,1500,1052,591,0
125000.0,2,2,2,42,0,0,0,0,0,0,213553.19999999998,108173,15697,11353,9306,9693,4006.6000000000004,2022,1000,1000,500,300,1
87500.0,1,1,2,35,0,0,0,2,0,0,2794.7999999999997,55664,59529,57571,57871,60872,71500.0,5800,0,2250,4500,0,1
25000.0,1,3,2,28,0,0,0,0,0,0,20436.0,18064,19046,19221,18603,19075,1709.5,1297,672,675,781,734,0
75000.0,2,2,2,33,0,0,0,0,0,0,69844.8,56930,56616,56749,57504,58296,2639.0,2083,1983,2200,2500,2200,0
450000.0,2,2,1,54,-1,-1,-2,-2,-2,-2,18000.0,0,0,0,0,0,0.0,0,0,0,0,780,0
75000.0,2,2,1,51,0,0,0,0,0,0,25377.6,23803,24908,26034,26655,27756,3900.0,1500,1500,1000,1500,1500,0
250000.0,1,1,2,35,-1,-1,-1,-1,0,0,7906.799999999999,3423,2785,54271,60326,63339,4483.7,2798,54271,7000,4000,6000,0
87500.0,2,2,2,31,0,0,0,0,0,0,126405.59999999999,100820,96815,90968,86011,81276,4680.0,3990,2700,2300,2300,3000,0
275000.0,1,1,2,37,-1,-1,-1,0,0,-1,21258.0,316,632,632,316,316,410.8,632,316,0,316,632,0
637500.0,2,3,1,66,0,0,2,0,0,0,218079.6,192903,181801,178179,223100,216225,22100.0,0,6508,50000,7000,6000,0
62500.0,2,3,1,66,0,0,0,0,0,2,25088.399999999998,22236,23250,23564,30882,30242,2173.6,1686,1000,7764,0,1000,0
125000.0,2,3,1,56,0,0,0,0,0,0,118701.59999999999,96916,98492,89961,93971,85526,5879.900000000001,4213,3100,10000,3220,3130,0
112500.0,1,2,1,39,0,0,0,0,0,0,63726.0,54154,55683,56798,58508,63177,3282.5,3000,2637,3242,6783,0,0
62500.0,2,2,1,52,0,0,0,0,0,0,58665.6,47988,9757,8941,9893,6181,2470.0,1139,2000,1000,300,500,0
62500.0,1,2,1,52,0,0,0,0,0,0,58838.4,48764,49521,48830,49728,50146,3378.7000000000003,2556,1665,1600,1800,2000,0
75000.0,1,2,1,41,1,2,0,0,0,0,43852.799999999996,37357,38067,38823,39638,40424,2210.0,1632,1388,1439,1445,1500,0
262500.0,2,1,1,51,0,0,0,0,0,0,60864.0,52174,48957,49848,59060,60420,4044.3,2109,2000,10000,6032,5030,0
112500.0,2,2,2,31,0,0,0,0,0,0,13417.199999999999,11237,9442,5318,11928,15558,4152.2,8823,0,7000,6660,10000,0
100000.0,1,3,1,60,0,0,0,0,0,0,96044.4,79788,81571,75814,49784,51408,81900.0,25000,7704,8700,3000,12900,0
25000.0,1,2,1,56,0,0,-2,-2,-2,-2,12480.0,0,0,0,0,0,0.0,0,0,0,0,0,1
75000.0,1,1,2,32,0,0,0,0,2,0,17823.6,19589,27176,29712,29099,31601,6500.0,8000,3000,0,3000,3000,1
450000.0,1,2,1,40,1,-2,-2,-2,-2,-2,0.0,0,0,0,0,0,0.0,0,0,0,0,0,0
325000.0,1,3,2,53,0,0,0,0,0,0,320114.39999999997,268508,266858,194413,189687,162473,14950.0,10000,5731,5654,5275,4000,0
437500.0,1,1,1,62,0,0,0,0,0,0,315262.8,269742,263086,269832,271763,276224,14950.0,18000,11000,11500,14000,12000,0
237500.0,1,1,2,38,0,0,0,0,0,0,173647.19999999998,137502,127014,120826,112211,110396,8304.4,6112,4202,4200,4200,5000,0
200000.0,2,1,1,50,0,0,0,0,0,0,130558.79999999999,110963,114975,115923,107621,110006,5163.6,5800,4431,3854,4121,4603,0
437500.0,1,2,2,39,0,0,0,0,0,0,45625.2,29493,31838,32369,33478,83304,3900.0,3000,3000,1500,52000,3000,0
437500.0,2,1,1,41,-2,-2,-2,-2,-2,-2,1359.6,0,1342,2195,0,37800,0.0,1342,2195,0,37800,1000,0
625000.0,1,1,1,50,-1,-1,-1,-1,-1,-1,6368.4,6583,5650,4472,67798,65653,8600.800000000001,5678,4495,67969,65814,38464,1
162500.0,1,1,2,34,0,0,0,0,0,0,94004.4,81029,83032,83362,84592,86027,5200.0,4200,2912,2500,2300,2500,0
475000.0,2,1,1,50,-1,-1,-1,-1,-2,-1,242.39999999999998,35993,86617,0,0,3502,49128.3,86697,0,0,7102,159753,0
600000.0,1,1,1,52,-1,-1,-1,-1,0,0,12801.6,0,454,150198,143388,157758,0.0,456,150244,2915,24550,100,0
325000.0,2,2,2,31,0,0,0,0,0,0,317098.8,264434,263847,262723,222464,222837,12740.0,9800,9413,7114,7532,8427,0
575000.0,2,1,2,40,1,-1,-1,0,0,0,0.0,693,224526,227242,228126,143697,919.1,224850,5000,4593,23584,0,0
62500.0,2,1,2,31,0,0,0,0,0,0,54517.2,45187,34250,30276,30894,0,2354.3,1400,606,618,0,0,0
62500.0,1,2,1,57,0,0,0,0,0,0,55723.2,41290,40251,15273,14229,15001,2990.0,2000,1000,1000,1000,1000,0
187500.0,2,1,2,32,-1,-1,-1,-1,-2,-1,415.2,21191,1339,0,0,8777,27792.7,1339,0,0,8777,9495,0
625000.0,2,2,1,47,0,0,0,0,0,0,608144.4,487049,478965,401635,423136,422271,27300.0,17414,12000,30000,18000,11000,1
37500.0,2,2,1,32,0,0,2,0,0,0,32816.4,31402,30047,30869,29403,29831,7150.0,0,3000,998,3000,3000,0
62500.0,1,1,2,28,0,0,0,-1,-1,-2,21033.6,17921,0,940,0,0,1300.0,0,940,0,0,0,0
25000.0,1,3,2,64,2,2,2,0,0,0,6142.8,5546,6302,7193,8075,8938,1950.0,1000,1000,1000,1000,1000,0
600000.0,2,2,2,43,-2,-2,-1,0,0,0,6742.8,7600,123988,177054,273429,293157,9880.0,123988,60000,100000,24250,12735,0
62500.0,2,2,2,29,2,0,0,2,2,2,24758.399999999998,21994,23914,23231,24851,24301,2210.0,2600,0,2000,0,2200,1
100000.0,2,2,2,28,2,0,0,0,0,0,86370.0,64153,47680,33336,24439,26187,4080.7000000000003,4000,3000,2000,2000,0,1
275000.0,2,1,2,29,0,0,0,0,0,0,62289.6,53087,54167,55267,56586,57993,2622.1,1965,2000,2210,2500,2339,0
37500.0,1,1,2,29,0,0,0,0,0,0,33091.2,27089,27986,28580,28649,29147,1950.0,1500,1050,1100,1000,2000,0
287500.0,2,1,1,56,-2,-2,-2,-2,-2,-1,0.0,0,0,0,0,496,0.0,0,0,0,496,496,1
62500.0,1,2,2,33,0,0,0,2,0,0,10329.6,10300,12711,12210,12508,13306,2600.0,2900,0,500,1000,1000,0
25000.0,1,3,2,45,0,0,0,0,0,-1,21135.6,18897,34964,9376,9620,780,2067.0,1208,1276,520,1560,0,1
150000.0,2,1,1,56,0,0,0,-1,0,0,99438.0,82741,62914,60584,61412,55572,4747.6,1258,60584,1228,0,0,0
300000.0,1,3,2,47,0,0,0,0,0,0,191234.4,227686,177380,126645,128877,121803,190166.6,7005,4601,5000,5300,6100,0
100000.0,2,2,1,35,1,2,0,0,0,0,99469.2,80997,81380,75374,77158,78710,0.0,3299,2699,3000,2987,3100,0
37500.0,1,2,1,49,1,3,2,2,2,2,27805.2,22523,21863,23296,22783,24310,0.0,0,1800,0,1910,780,1
125000.0,2,1,2,32,-2,-2,-2,-2,-2,-2,0.0,5555,0,0,0,0,9821.5,0,0,0,0,0,0
100000.0,2,1,2,28,1,2,0,0,2,2,96553.2,78259,66068,50748,51490,50626,48.1,2122,3600,1600,18,1800,1
100000.0,2,1,1,53,-1,-1,-1,-2,-2,-1,1437.6,1150,0,0,0,7685,1495.0,0,0,0,7685,0,1
37500.0,2,2,2,51,0,0,0,0,0,0,38407.2,60079,26882,27570,28075,29065,2281.5,1500,1135,1100,1455,775,0
325000.0,1,1,1,48,-1,-1,-2,-2,-1,-1,1620.0,0,0,0,760,0,0.0,0,0,760,0,935,0
37500.0,1,3,2,34,0,0,0,0,2,2,12366.0,11327,12354,13840,13320,14501,1950.0,1514,2000,0,1400,0,0
287500.0,2,2,2,33,0,0,0,0,0,0,133554.0,112425,95155,72983,70329,69340,5814.900000000001,5000,2624,2360,3100,1600,0
262500.0,2,2,1,38,0,0,0,0,0,0,164410.8,121126,101951,96329,84224,81570,26000.0,15011,10000,10000,5000,10001,0
187500.0,1,2,1,48,0,0,0,0,0,0,106574.4,89488,89951,86961,79284,74531,4301.7,5016,5050,3026,5000,5012,0
225000.0,2,1,1,42,2,-1,-1,-1,-1,0,391.2,326,326,480,1011,2685,423.8,326,480,1011,2000,3000,1
25000.0,1,2,2,39,0,0,0,0,0,0,19088.399999999998,17142,17844,18009,17356,17200,1947.4,1200,365,347,344,0,0
437500.0,2,1,1,46,-2,-2,-2,-2,-2,-2,6044.4,14994,3101,17321,0,4443,19589.7,3116,17414,0,4465,9434,0
450000.0,2,1,1,69,-2,-2,-2,-2,-1,-1,0.0,4900,0,0,5640,0,6370.0,0,0,5640,0,0,0
62500.0,1,2,2,34,0,0,0,0,0,0,56847.6,48076,23459,16175,17753,18302,2600.0,2083,2000,2000,1000,1000,0
450000.0,2,2,1,35,0,0,-1,-1,-1,-1,7702.799999999999,5290,1330,2255,4164,0,1387.1000000000001,1341,2255,4164,0,211,0
100000.0,2,2,1,39,0,0,0,0,0,0,85722.0,72886,74678,74080,75251,77040,3434.6,3000,3274,3000,3000,3100,0
262500.0,2,1,1,45,-1,-1,-1,-1,-1,-1,379.2,316,316,316,316,876,410.8,316,316,316,876,1026,0
450000.0,2,1,2,34,-2,-2,-2,-2,-2,-2,0.0,0,0,0,0,0,0.0,0,0,0,0,0,1
475000.0,1,2,1,42,0,0,0,0,0,0,346689.6,288614,245375,249931,209711,185920,15646.800000000001,11483,9578,6884,6549,6520,0
450000.0,2,3,2,44,1,-2,-2,-2,-2,-2,0.0,0,0,0,0,0,0.0,0,0,0,0,0,1
62500.0,1,2,2,40,0,0,0,0,0,-1,69084.0,54383,49966,7825,3753,34287,3198.0,1140,226,555,35190,1203,1
450000.0,1,3,1,41,-2,-2,-2,-2,-2,-2,266.4,1256,0,1840,0,0,1632.8,0,1849,0,0,0,1
62500.0,1,2,2,43,0,0,0,0,0,0,61256.399999999994,49761,50712,50441,50919,50604,2403.7000000000003,1800,1788,1993,2069,2500,0
587500.0,2,2,1,50,0,0,0,0,0,0,255537.59999999998,188435,182687,153366,114451,122489,39000.0,15000,5052,5000,10000,15000,0
375000.0,2,1,1,35,-2,-2,-2,-2,-2,-2,0.0,0,811,1128,1750,819,0.0,811,1128,1760,819,753,0
25000.0,1,3,1,48,-1,-1,0,0,0,0,272.4,20351,20237,19339,19450,19337,29066.7,1305,1258,1459,3457,1700,0
187500.0,2,2,3,46,1,-2,-2,-1,-1,-1,0.0,0,0,3355,962,821,0.0,0,4026,962,821,380,0
62500.0,1,2,2,28,0,0,-2,-2,-2,-2,59131.2,0,0,0,0,0,0.0,0,0,0,0,0,0
375000.0,2,2,2,54,1,-2,-2,-2,-2,-2,0.0,0,0,0,0,0,0.0,0,0,0,0,0,0
450000.0,1,1,1,54,1,-1,-1,-1,-1,-1,0.0,630,1019,320,5817,907,822.9,1030,321,5846,911,6965,0
475000.0,1,2,1,52,1,-2,-2,-2,-2,-2,0.0,0,0,0,0,0,0.0,0,0,0,0,0,1
37500.0,2,2,1,50,0,0,0,0,0,0,36585.6,30900,30480,31124,29333,30177,2080.0,1500,1100,1053,1320,967,1
312500.0,2,2,1,36,0,0,0,0,0,0,123730.79999999999,102594,97109,99029,100871,101299,5200.0,4500,5000,4000,5000,4400,0
187500.0,2,1,2,29,-1,-1,-1,0,0,-1,5828.4,1729,49200,50000,0,50000,2252.9,49200,1000,0,50000,0,0
450000.0,2,2,1,43,-2,-1,-1,-1,-1,-1,0.0,212,3748,0,666,919,275.6,3759,0,668,921,0,0
225000.0,1,3,1,48,-1,-1,-1,-1,-1,-1,4428.0,15618,4685,238,218,6690,20386.600000000002,4699,238,218,6710,11949,0
62500.0,2,2,1,44,3,2,2,-2,-2,-2,6205.2,4925,0,0,0,0,0.0,350,0,0,0,0,0
25000.0,2,2,1,44,1,2,2,0,0,0,21301.2,18963,18378,20000,19600,20000,2340.0,0,2400,0,400,1000,0
125000.0,2,1,1,31,0,0,0,0,0,0,118236.0,95849,97235,93531,43975,45512,5591.3,4615,2729,1275,47052,1680,0
437500.0,1,3,1,36,0,0,0,0,0,0,279001.2,231747,197689,207984,183208,190436,26000.0,20023,20014,20000,20000,20000,0
500000.0,2,2,2,35,-2,-2,-2,-2,-2,-2,0.0,9465,4991,466,0,3122,13579.800000000001,5002,504,499,5056,2152,1
362500.0,2,1,1,40,-1,-1,-2,-2,-1,-1,843.6,0,0,0,2663,0,0.0,0,0,2800,0,0,1
100000.0,2,2,2,27,-1,-1,-1,-1,-1,-1,2174.4,390,388,1187,263,1913,507.0,388,1191,263,2259,1815,0
250000.0,1,3,0,56,-1,-1,-1,-1,0,-1,4267.2,4993,9212,2529,1036,4430,6526.0,9236,2529,0,4430,6398,0
150000.0,1,2,2,73,2,2,0,0,0,0,150487.19999999998,123819,122209,122047,122019,130079,5720.0,4436,4370,4440,12600,4500,1
25000.0,2,3,1,59,2,0,0,2,2,2,17257.2,16174,18210,19335,19715,20249,3055.0,2300,1721,1000,1000,1000,0
312500.0,2,1,2,33,0,0,0,0,0,0,140233.19999999998,109714,101494,92258,71472,77800,6500.0,5000,3000,3000,11500,10000,0
250000.0,1,1,1,34,-1,-1,-1,0,0,-1,354.0,1130,12791,40341,9238,1017,1469.0,12791,28000,1000,2000,74179,0
87500.0,2,2,2,27,2,2,2,2,0,0,77805.59999999999,69136,69422,65107,28736,29221,7800.0,2000,55,1170,1100,1170,0
175000.0,2,1,2,35,0,0,0,0,0,0,5970.0,5445,6455,6847,8075,8592,1560.0,1108,500,1500,650,0,0
100000.0,1,2,1,41,2,2,4,4,3,2,720.0,600,600,600,300,150,0.0,0,0,0,0,1000,1
25000.0,2,1,2,29,0,0,0,0,0,0,20576.399999999998,18264,19145,17322,16989,12699,2210.0,1500,822,1000,1000,500,0
25000.0,1,1,2,45,0,0,0,0,0,0,16366.8,14711,15462,16004,16203,16916,2080.0,1300,800,605,1000,2000,0
50000.0,1,2,1,60,1,-2,-2,-2,-2,-2,0.0,0,0,0,0,0,0.0,0,0,0,0,0,1
125000.0,2,2,2,28,0,0,0,0,0,0,9602.4,7954,9777,10026,9657,9279,2600.0,2000,1000,504,1000,2000,0
325000.0,2,2,1,41,0,0,0,0,0,0,128436.0,115455,115106,118811,121514,124815,16914.3,5000,5000,4000,4815,4500,0
100000.0,2,1,2,32,0,0,0,0,0,0,93560.4,79561,61018,36084,13693,79701,4634.5,1752,1105,1499,78000,0,0
187500.0,2,1,1,49,-1,-1,-1,0,0,-1,1638.0,0,839,693,0,3975,0.0,839,0,0,3975,0,0
250000.0,2,1,1,51,-1,-1,-1,-1,-1,-1,12824.4,18021,3275,5430,6683,7790,23440.3,3275,5430,6871,7790,8901,0
112500.0,2,1,2,32,0,0,0,0,0,0,100608.0,81111,83081,60210,61221,62636,4160.0,3500,3000,2600,2600,3000,0
112500.0,1,2,1,58,-1,0,0,0,0,0,29738.399999999998,26302,27465,27943,26152,25941,3900.0,3000,2000,1000,936,1010,1
137500.0,2,2,2,47,0,0,0,0,0,0,127773.59999999999,107517,103609,79421,78286,65875,5136.3,4276,2666,2811,2500,465,0
500000.0,1,2,1,39,-1,-1,-1,-1,-1,-1,23592.0,9666,11867,7839,14837,7959,12580.1,11867,7839,14837,7959,5712,0
37500.0,2,3,2,55,-1,-1,2,-1,-1,-2,213.6,1860,940,1110,0,0,2418.0,0,1110,0,0,0,1
375000.0,1,3,2,36,0,0,0,0,0,0,97113.59999999999,82690,84462,86263,87238,89176,5200.0,4000,4100,3300,3500,3500,0
187500.0,2,1,2,37,-1,-1,0,0,0,-1,1995.6,14045,13155,15183,11498,2392,18258.5,1030,5183,0,2392,7007,0
175000.0,2,2,1,33,0,0,0,-1,-1,-1,7110.0,7729,0,150,1550,98426,2600.0,0,150,1550,106155,3500,0
275000.0,2,2,1,39,-1,-1,-1,-1,-1,-1,4092.0,1619,1756,1986,4772,1115,2109.9,1756,2075,4774,1115,7160,0
125000.0,1,1,2,32,0,0,0,0,0,0,84244.8,63931,65119,61153,64976,66309,5200.0,2276,2377,5000,2411,2384,0
137500.0,1,2,2,32,0,0,0,0,0,0,101210.4,89446,38580,39359,42021,43324,8654.1,2000,1418,3306,2000,2000,0
150000.0,2,1,2,35,2,-1,-1,-1,-1,-1,499.2,416,416,416,0,832,540.8000000000001,416,416,0,832,416,1
187500.0,1,2,1,44,0,0,0,2,2,2,91698.0,78836,87265,85084,93323,91783,5395.0,10575,0,9717,0,3300,1
612500.0,1,1,2,33,0,0,0,0,0,0,506979.6,430538,392670,390031,396687,404885,19965.4,15049,14500,14000,15021,10664,0
100000.0,2,3,2,35,0,0,0,-1,0,0,44011.2,38247,39856,28698,29299,30120,2814.5,2774,30458,1063,1308,4317,0
62500.0,2,3,1,57,0,0,0,0,-1,2,26852.399999999998,23380,24488,25775,1080,540,1794.0,1488,1775,1080,0,540,0
550000.0,2,3,1,45,0,0,0,0,0,0,65289.6,57901,61914,65863,69792,73346,6500.0,5000,5000,5000,5000,5000,0
175000.0,1,2,1,44,0,0,0,0,0,0,111433.2,87249,87188,86973,85854,85839,5189.6,4100,4000,3162,3500,3210,0
87500.0,2,1,2,29,0,0,0,0,0,0,83486.4,71233,66844,50410,44958,46655,3676.4,2337,1702,1800,2600,2000,0
62500.0,1,2,1,69,0,0,0,0,0,-1,58042.799999999996,44762,17403,17907,19000,18055,3099.2000000000003,5461,2872,1093,19055,2239,0
25000.0,2,2,2,27,4,3,2,2,2,2,23434.8,18937,18335,19530,19076,20444,0.0,0,1500,0,1700,0,1
62500.0,2,1,2,40,0,0,0,0,0,0,61806.0,50581,48280,46978,46657,48233,3250.0,2200,2000,2000,5000,2000,0
125000.0,1,1,1,36,0,0,0,0,0,0,109411.2,95664,99226,99838,21435,0,7800.0,6000,4000,5000,0,0,0
87500.0,2,2,2,27,0,-1,0,0,0,0,11078.4,68209,66087,50716,48862,49850,88671.7,2081,2000,2000,1828,1518,0
37500.0,2,2,2,27,0,0,0,0,0,-2,32936.4,28623,28700,29300,0,0,2499.9,1000,600,0,0,0,1
25000.0,1,2,1,29,0,0,0,0,0,0,12102.0,11416,12520,12714,13059,13193,1950.0,1600,700,700,500,1000,1
487500.0,1,2,1,42,0,0,0,0,0,0,213704.4,185212,187648,192538,198828,206489,13000.0,7001,8001,10000,10000,14807,0
25000.0,1,1,2,27,0,0,0,0,0,0,23077.2,20235,21579,22231,22301,21687,1730.3,1675,1327,800,783,777,1
100000.0,1,2,2,32,0,0,0,0,2,0,55104.0,47186,46882,49170,48269,49121,6516.900000000001,5000,4000,0,2002,1692,0
37500.0,2,3,2,29,2,0,0,2,2,0,36334.799999999996,30428,30485,31012,30402,30195,1950.0,2700,1300,0,1117,1353,1
25000.0,2,2,1,55,1,-1,-1,-1,-1,0,0.0,4995,2197,3047,4262,7163,6500.0,2200,6050,5000,3000,2000,0
187500.0,1,1,1,46,-1,-1,-1,-1,0,0,468.0,390,390,15080,780,0,507.0,390,15080,0,0,0,0
37500.0,1,1,1,62,0,0,2,3,2,0,28773.6,26749,28085,27344,26768,27454,4521.400000000001,2073,0,0,1129,1163,1
650000.0,1,1,2,39,0,0,0,0,0,0,244376.4,185853,178531,170915,162864,155297,8451.300000000001,7001,5989,5701,6001,6001,0
75000.0,2,2,1,40,2,0,0,2,2,2,59790.0,45436,42240,38884,34488,28838,2210.0,2500,2600,1500,0,1500,1
575000.0,2,1,2,41,-1,-1,-1,0,0,-1,69974.4,36388,52920,50106,50147,1341,47541.0,52937,1006,1019,1347,1965,0
312500.0,2,2,2,49,1,-1,-1,0,0,0,0.0,664,62791,48598,50078,36050,863.2,65791,2000,2100,2000,0,0
275000.0,2,1,2,35,0,0,0,0,0,0,245389.19999999998,176733,174680,61523,61415,61982,9100.0,7500,2369,2000,2078,2500,0
187500.0,2,2,2,33,2,0,0,0,0,0,107203.2,90337,84905,86814,73827,60284,5235.1,4004,5016,5004,3000,5005,1
175000.0,2,2,2,36,-2,-2,-2,-2,-2,-2,468.0,0,0,0,0,0,0.0,0,0,0,0,0,0
137500.0,1,2,2,39,2,0,0,0,0,2,129816.0,107597,89775,47139,47259,46348,6500.0,3000,2020,5000,0,3000,0
225000.0,1,2,2,30,0,0,0,0,0,-1,5083.2,5230,6570,7192,6437,12499,2601.3,2000,1018,6154,12527,5016,0
25000.0,1,1,3,52,0,0,0,3,2,0,20265.6,17928,20312,19696,19648,20154,2100.8,3000,0,408,826,872,0
175000.0,2,3,2,28,-2,-2,-2,-2,-2,-2,81006.0,36772,38399,39131,39508,3441,2600.0,2400,2132,1617,515,2031,0
112500.0,2,1,2,33,1,2,2,2,2,0,68266.8,55407,64428,64767,65579,67328,0.0,10000,2000,2000,3000,3000,1
312500.0,2,1,1,30,-1,-1,-1,0,0,0,5722.8,6720,23393,13214,8162,5138,8736.0,23393,6000,0,3000,18148,0
25000.0,2,2,2,48,0,0,0,0,0,0,24254.399999999998,20749,19930,15961,20107,19275,1839.5,1400,421,6000,3000,13000,0
325000.0,2,1,2,36,-1,-1,-1,-1,-1,0,1954.8,933,2218,4068,9829,21270,1212.9,2220,4068,9829,11680,553,0
625000.0,2,2,2,33,0,0,0,0,0,0,281948.39999999997,215459,201715,141177,130352,126422,10511.800000000001,7412,4721,3854,3622,3433,0
487500.0,2,2,2,46,0,0,-2,-2,-2,-2,12595.199999999999,0,0,0,0,0,0.0,0,0,0,0,2000,0
112500.0,2,3,2,31,0,0,0,0,0,0,17630.399999999998,15722,16733,17453,17970,18175,1649.7,1280,1000,950,652,1000,0
287500.0,2,3,2,52,0,0,0,0,0,0,176760.0,121855,102074,94225,96616,95849,13000.0,5000,4000,4000,5000,4000,0
325000.0,2,2,1,54,-1,-1,-1,0,0,0,9655.199999999999,2184,15475,10981,8566,4741,2839.2000000000003,15482,2000,3000,1000,5125,1
25000.0,1,2,2,29,-1,-1,-1,-2,-2,-2,3000.0,3068,0,0,0,0,3988.4,0,0,0,0,0,0
637500.0,2,1,2,35,-1,-1,-1,-1,0,0,85345.2,481382,559712,163628,117475,116656,641365.4,1227082,164577,510,6239,4550,0
87500.0,2,2,2,28,-1,-1,-1,-1,0,0,374.4,1823,326,6598,6405,7248,2388.1,326,6598,227,1270,1296,0
300000.0,1,1,2,40,1,-2,-2,-2,-1,0,0.0,0,0,0,27670,28252,0.0,0,0,27670,920,920,0
250000.0,2,1,2,38,-2,-2,-2,-2,-2,-2,10918.8,3771,664,0,641,5506,4907.5,664,0,641,5506,1847,0
62500.0,1,2,1,52,0,0,0,0,0,0,60711.6,50420,49695,47862,18371,18601,2337.4,2198,1296,805,676,695,0
175000.0,2,1,2,37,-2,-1,0,0,0,0,0.0,10626,11579,10165,13067,92743,13813.800000000001,1154,1000,3067,80000,3015,0
50000.0,2,2,2,29,1,2,0,0,2,2,44268.0,36023,36993,38427,39875,39272,0.0,1989,2423,2000,0,1000,1
212500.0,2,1,2,30,0,0,0,-2,-2,-2,31630.8,5275,0,0,0,0,1657.5,0,0,0,0,0,0
150000.0,2,2,1,47,0,0,0,0,0,0,140470.8,117000,116955,109973,108693,104890,6533.8,4541,4100,4100,4000,4000,0
450000.0,2,1,1,37,1,-2,-2,-2,-2,-2,0.0,0,0,0,0,0,0.0,0,0,0,0,0,1
75000.0,1,2,1,41,3,2,2,7,7,6,2880.0,2400,2400,2400,2400,1800,0.0,0,0,0,0,0,1
37500.0,2,3,2,52,0,0,0,0,0,0,35821.2,30451,28115,23092,24829,10400,1950.0,1695,2000,2000,2000,0,0
75000.0,1,2,1,37,0,0,0,0,0,0,67473.59999999999,56861,58152,58615,54338,55915,2791.1,4740,1926,2597,2638,2478,0
350000.0,2,1,2,33,0,-1,-1,-1,-1,-1,8844.0,3395,1860,2368,3343,5110,4446.0,1865,2375,3353,5124,9028,1
225000.0,1,2,1,40,0,0,0,0,0,0,114908.4,76696,77720,79430,81098,82791,4420.0,2900,3000,3100,3200,7300,0
100000.0,2,2,3,64,0,0,0,0,0,0,97071.59999999999,79175,78713,80684,50400,50058,3638.7000000000003,3300,3600,1568,1625,1649,1
625000.0,2,3,2,42,1,2,0,0,0,0,6223.2,3985,3935,4861,4523,4637,0.0,1101,1027,117,141,72,0
62500.0,1,2,2,37,0,0,0,0,0,0,59150.399999999994,48536,41045,41532,18646,19183,3459.3,3030,2124,646,828,1097,0
112500.0,2,2,2,33,-1,-1,-1,-1,-1,-1,3531.6,906,669,0,400,182,1177.8,669,0,400,182,5634,0
62500.0,2,3,2,28,2,0,0,2,0,0,30055.199999999997,25174,27850,27038,27465,20943,2241.2000000000003,3400,0,1000,900,790,1
687500.0,1,1,1,54,-1,-1,-1,-1,-1,-2,50569.2,1515,1488,18334,0,0,1978.6000000000001,1495,18426,0,0,22670,1
62500.0,1,2,2,33,1,2,2,-2,-2,-2,63303.6,51400,0,0,0,0,0.0,0,0,0,0,0,0
137500.0,2,2,1,40,0,0,0,0,0,0,136827.6,102850,66639,57595,58814,60086,5326.1,3360,2100,2100,2200,3000,1
37500.0,2,2,2,27,-1,0,-1,-1,-1,-1,2751.6,3158,5547,3312,3145,3022,1311.7,5572,3321,3154,3031,3339,0
225000.0,2,2,1,42,0,0,0,0,0,0,93706.8,75159,76602,76896,78588,77770,4332.900000000001,3310,2900,3040,3500,2300,0
350000.0,2,2,2,41,0,0,0,0,0,0,220556.4,168402,161474,152092,145229,148602,7907.900000000001,5913,5293,5126,5640,5119,0
287500.0,2,1,1,42,-2,-2,-2,-2,-2,-2,374.4,2984,1786,363,437,843,4141.8,1786,363,437,843,500,1
200000.0,2,2,2,30,0,0,0,0,-1,-1,185238.0,130024,153258,29975,65683,53856,9100.0,29000,1200,69364,1600,2000,0
325000.0,2,1,2,34,2,2,-1,-1,-1,0,950.4,396,396,396,792,396,0.0,396,396,792,0,396,1
262500.0,2,1,1,34,-1,-1,-1,-1,-1,-1,890.4,742,742,742,742,316,964.6,742,742,742,316,746,0
450000.0,1,1,1,44,-1,-1,-1,-2,-2,-2,2113.2,2560,0,0,0,0,3660.8,0,0,0,0,2456,0
150000.0,1,1,2,31,0,0,0,0,0,0,23452.8,24230,28022,29249,29926,35357,6500.0,4200,2000,1300,6000,6000,0
112500.0,2,1,2,34,0,0,0,0,0,0,108898.8,90595,89059,88822,90978,89363,4525.3,5167,3300,3615,3217,3500,0
125000.0,2,2,1,32,-1,2,-1,2,0,0,800.4,667,6637,6300,12300,0,0.0,6637,0,6000,0,3022,1
162500.0,2,2,1,45,0,0,0,0,0,0,160270.8,129869,118032,95953,73970,107785,7020.0,6950,4600,4000,2000,2300,0
62500.0,2,1,1,38,2,2,2,2,2,2,48802.799999999996,43102,44313,45286,44256,47549,4451.2,2200,2000,0,4000,2300,1
362500.0,2,3,2,32,0,0,0,-1,-1,-1,76300.8,28972,10772,22463,164570,9672,2600.0,1399,22468,164791,9672,18889,0
300000.0,2,5,1,49,0,0,0,0,0,0,56778.0,34623,34347,36082,32957,18797,3900.0,3500,9700,4000,6300,3000,0
37500.0,2,2,1,39,0,0,0,0,0,0,31503.6,27256,28472,29212,29400,30000,1877.2,1660,1400,588,600,0,0
175000.0,1,1,1,32,1,-2,-2,-2,-2,-2,0.0,0,0,0,0,0,0.0,0,0,0,0,0,0
137500.0,1,2,2,34,2,2,2,2,0,0,66840.0,58362,56598,51908,48647,47862,6500.0,2500,0,2000,2000,1854,1
325000.0,1,1,2,34,-1,-1,-1,-1,-1,0,2802.0,1432,718,500,5306,2091,1861.6000000000001,718,500,5306,0,770,0
62500.0,2,2,2,33,-1,-1,-1,-1,-1,-1,936.0,0,390,390,885,885,0.0,390,390,885,885,885,0
375000.0,1,1,3,55,0,0,0,0,0,0,362077.2,230617,306116,291201,241557,193103,78000.0,80006,10523,8565,8700,3412,1
175000.0,2,2,2,34,0,0,0,0,0,0,170088.0,138128,128812,131374,135353,137238,9101.300000000001,4700,4706,6100,5300,4806,0
275000.0,1,1,1,45,-1,2,-1,-1,2,0,1449.6,534,212,2886,3794,4673,0.0,538,3089,1630,2000,2000,0
175000.0,2,2,1,56,-2,-2,-2,-2,-2,-2,5862.0,649,0,0,3177,0,845.0,0,0,3186,0,0,0
387500.0,1,3,1,48,-1,-1,-1,0,-1,-1,5187.599999999999,650,10453,10115,600,1788,845.0,10453,202,1098,1788,200,0
300000.0,2,1,2,33,0,0,0,0,0,0,226747.19999999998,189678,189471,191623,195624,199259,9360.0,7500,6300,6000,6100,6000,0
400000.0,1,1,1,52,0,0,0,0,0,0,195241.19999999998,132087,120285,124565,89699,62805,26000.0,15000,10000,22500,20000,20000,0
100000.0,2,1,1,33,0,0,0,0,0,-1,88327.2,81876,71029,67915,69190,53606,13260.0,4000,10000,11700,53606,5000,0
137500.0,2,2,1,53,0,0,0,0,0,0,259898.4,110865,74340,47152,48138,49171,11424.4,3152,1687,1745,1831,1732,0
62500.0,1,3,2,39,0,0,0,0,-2,-2,58911.6,50375,51400,0,0,0,3120.0,2400,0,0,0,0,1
412500.0,1,1,1,55,-2,-2,-2,-2,-2,-2,0.0,0,0,988,0,138,0.0,0,1005,12,150,13,0
137500.0,1,3,1,48,-1,-1,-1,0,0,0,468.0,5050,63032,33228,31073,25035,6565.0,63032,1100,1100,1000,1000,0
350000.0,2,1,2,34,-2,-2,-2,-2,-2,-2,0.0,0,0,0,0,0,0.0,0,0,0,0,0,1
450000.0,2,1,2,35,-2,-2,-2,-2,-2,-2,3000.0,0,0,0,0,0,0.0,0,0,0,0,0,0
500000.0,1,1,2,34,-1,-1,-1,-1,0,-1,8097.599999999999,7777,20192,17337,5396,516,10110.1,20192,17337,0,516,53871,0
175000.0,2,3,1,43,2,2,2,0,0,2,143658.0,122283,118913,120435,139795,142950,7800.0,0,5000,21500,5500,0,0
87500.0,2,3,2,29,0,0,0,0,0,0,91072.8,70947,59783,18965,15936,1518,13005.2,3012,1000,1000,1518,20911,0
225000.0,1,1,1,44,0,0,0,-1,0,0,309094.8,274731,281713,242063,122295,0,26000.0,11000,145000,26000,0,101005,0
187500.0,2,2,2,29,0,0,0,0,-1,-1,80077.2,64787,38948,24707,304,635,3900.0,3125,2065,307,635,0,0
187500.0,2,3,1,53,0,0,0,2,0,0,44060.4,37800,40874,39922,40953,42136,2600.0,4000,0,2000,2000,2000,0
100000.0,2,2,2,37,0,0,0,0,0,0,93042.0,78579,67097,50214,48738,3860,3913.0,3061,2000,1000,3860,0,0
75000.0,2,1,2,33,2,2,2,2,2,2,52394.4,42682,45603,44569,47452,46536,0.0,3628,0,3600,0,4000,1
412500.0,2,1,1,44,0,0,0,0,0,0,113260.8,46006,48123,50195,51942,55963,5200.0,3000,3000,3000,5000,2000,0
62500.0,1,3,1,57,0,0,0,0,0,-1,57112.799999999996,48611,49063,16908,13112,2280,2860.0,2343,1178,654,2280,390,1
62500.0,2,2,2,31,2,0,0,0,0,0,57012.0,32952,22289,22752,9325,9270,2267.2000000000003,1537,1000,187,185,0,0
125000.0,2,5,2,38,0,0,0,0,0,0,51146.4,46884,51103,52251,53480,54467,6500.0,5000,2000,2100,2000,5001,0
250000.0,2,2,2,52,1,-2,-2,-2,-2,-1,0.0,0,0,0,0,665,0.0,0,0,0,665,0,1
450000.0,2,1,2,38,1,-2,-2,-2,-2,-2,0.0,0,0,0,0,0,0.0,0,0,0,0,0,1
625000.0,2,2,2,37,0,-1,-1,-1,0,0,16357.199999999999,3840,7527,77166,74397,77055,4992.0,7527,77166,3397,4055,2266,0
287500.0,2,3,1,53,-1,-1,0,0,-2,-1,600.0,14883,33151,0,0,469,19347.9,20757,0,0,469,716,0
112500.0,1,2,1,34,-1,-1,-1,0,0,-1,600.0,715,26854,28146,0,2000,929.5,26854,3000,0,2000,0,0
250000.0,1,1,2,32,1,-2,-2,-2,-1,-1,0.0,0,0,0,1202,84482,0.0,0,0,1202,84482,3162,0
187500.0,2,4,1,41,-2,-2,-2,-2,-2,-2,8592.0,5253,0,0,0,0,6862.7,0,0,0,0,0,0
225000.0,2,1,2,49,0,0,2,0,0,0,9201.6,10006,7996,8960,6310,4656,3235.7000000000003,0,1166,126,112,244,1
100000.0,2,2,1,65,1,-1,-1,-1,-1,-1,0.0,759,596,0,1426,1300,989.3000000000001,597,0,1430,1309,1844,1
62500.0,2,3,2,47,0,0,0,0,0,0,2866.7999999999997,3405,4414,4653,4596,4688,1383.2,1073,312,166,168,174,0
200000.0,1,2,2,35,-1,-1,-1,-1,-1,-1,758.4,0,632,316,0,316,0.0,632,316,0,316,316,0
62500.0,1,3,1,51,-1,2,2,-2,-2,-2,16167.599999999999,12800,0,0,0,0,0.0,0,0,0,0,0,1
12500.0,1,1,2,31,0,0,0,0,0,0,5348.4,5622,6673,7890,8628,9360,1820.0,1300,1500,1000,1000,0,0
75000.0,2,3,2,33,0,0,0,0,0,0,71580.0,51176,42368,35730,28670,27979,4388.8,1900,1908,1133,1015,1153,0
287500.0,1,1,1,34,2,0,0,0,0,0,368203.2,295324,303082,307038,116506,19085,11780.6,10978,10361,2507,490,308,0
437500.0,1,1,1,35,-2,-2,-2,-2,-2,-2,62006.399999999994,31250,29178,29180,52550,43538,17046.9,12110,15044,32244,40218,112406,0
150000.0,1,2,1,37,-1,-1,-1,-1,-1,-1,1399.2,1491,995,1318,1322,2826,2600.0,1000,2000,1500,3000,0,0
475000.0,1,1,2,38,0,0,0,0,0,0,94918.8,80828,82583,84687,84832,84576,3900.0,3100,3500,3500,3200,3000,0
37500.0,2,2,2,49,0,0,0,0,0,0,11670.0,10766,12070,11973,10166,7966,1560.0,1500,2000,1166,3500,1500,0
100000.0,2,1,2,57,1,-2,-2,-2,-2,-2,0.0,0,0,0,0,0,0.0,0,0,0,0,0,0
100000.0,1,1,1,38,0,0,0,0,0,0,54628.799999999996,62969,36217,36386,41596,27635,2600.0,10000,2000,6500,8000,5000,0
162500.0,1,1,2,32,2,2,2,0,0,0,88273.2,70071,68392,69435,67790,69248,4550.0,0,2798,3500,2627,3000,1
375000.0,2,2,1,41,-1,-1,2,0,-1,-1,0.0,5191,4606,2303,2768,65373,13000.0,0,0,2768,65373,10780,1
75000.0,1,2,2,33,0,0,0,0,0,0,66877.2,57239,57183,24564,24155,25023,3900.0,1800,1000,1100,1200,1500,0
100000.0,2,2,1,56,1,-2,-2,-1,-1,-1,0.0,0,0,17691,4599,4134,0.0,0,17703,4599,4134,0,1
25000.0,2,2,2,52,0,0,0,-1,-1,-2,24181.2,19419,19864,4723,0,0,2600.0,2013,4731,0,0,0,0
625000.0,2,1,1,40,-1,-1,-1,-1,0,0,499.2,258,1563,21557,14802,19552,335.40000000000003,1563,21557,1000,8000,23762,0
62500.0,2,3,1,47,3,2,2,0,0,0,41450.4,30557,29577,29529,28276,28768,1300.0,1000,1000,1000,1000,1000,0
62500.0,2,1,2,31,-1,-1,-1,-1,-1,-1,1387.2,316,316,316,316,316,410.8,316,316,316,316,316,0
512500.0,1,1,2,36,-1,-1,-1,0,0,-1,5018.4,0,4120,4120,0,3086,0.0,4120,0,0,3086,4320,1
562500.0,2,1,2,30,-2,-2,-2,-2,-2,-2,0.0,0,0,0,0,0,0.0,0,0,0,0,0,0
187500.0,2,2,1,50,-1,-1,-1,-2,-2,-2,19933.2,18540,18204,16132,0,0,24117.600000000002,18267,16142,5880,13707,1088,0
325000.0,1,3,1,39,-2,-2,-2,-2,-2,-2,14485.199999999999,12497,1027,0,0,1047,2748.2000000000003,1027,103,0,1150,2503,0
400000.0,2,2,1,34,0,0,0,0,0,0,41781.6,22718,9398,10222,13791,13498,2197.0,1500,1000,3628,1041,1006,0
450000.0,1,3,1,59,-2,-2,-2,-2,-2,-1,19476.0,0,0,0,69000,2500,0.0,200,0,69000,2500,0,0
62500.0,1,2,2,30,0,0,2,2,4,3,34381.2,41897,43032,47242,46212,45205,18460.0,2100,5215,0,0,0,1
250000.0,2,2,1,57,0,0,0,0,0,0,348146.39999999997,274868,280828,286702,293038,299317,9230.0,7500,7500,8000,8000,4500,0
162500.0,2,2,2,38,0,0,-1,-1,-1,-1,9056.4,3773,4329,8638,2279,0,1314.3,4345,9261,2285,0,338,0
25000.0,1,3,1,54,-1,-1,-1,-1,-1,-1,468.0,678,0,780,0,378,881.4,0,780,0,378,0,0
150000.0,2,2,2,33,-1,-1,-1,-1,-1,-1,5008.8,3821,1113,390,390,14613,4967.3,1113,390,390,14613,770,0
262500.0,2,2,1,34,0,0,0,-1,-1,0,174598.8,107712,0,4270,143607,144505,6176.3,0,6000,143754,5000,5314,0
112500.0,1,1,1,34,0,0,0,0,0,0,98892.0,85150,81812,76424,77086,77634,10400.0,3000,3100,3000,3000,2500,0
475000.0,1,1,1,42,0,0,0,0,0,0,207902.4,113001,74275,47723,67463,36751,13089.7,12712,10000,20000,16751,29000,0
75000.0,2,2,2,56,0,0,0,0,0,0,46545.6,18251,19289,19033,20793,23530,2684.5,2000,2000,2000,3000,3000,0
287500.0,2,1,2,51,-1,-1,-1,-1,-1,-1,838.8,699,699,999,1149,849,908.7,699,999,1149,849,999,0
325000.0,2,2,1,40,0,0,-1,0,0,0,11143.199999999999,7926,33379,35877,21946,32150,2646.8,33393,6094,3530,12357,20060,0
25000.0,1,1,2,35,-1,0,0,0,0,0,99374.4,85352,91161,92910,98710,150,3506.1,6000,3000,6000,150,1832,0
287500.0,2,1,1,29,-1,-1,-1,0,0,-1,42000.0,35000,44884,10086,6905,237,45500.0,44884,202,405,237,3566,0
162500.0,2,2,2,36,1,2,2,0,0,0,145068.0,122275,109903,80909,71679,66169,6760.0,47,3000,2800,2713,2000,0
87500.0,2,1,2,41,0,0,0,0,0,0,95568.0,75021,71101,73831,46898,48686,3900.0,2893,4231,8000,2500,1675,0
37500.0,2,1,2,33,1,2,2,2,2,0,29168.399999999998,23618,26733,27016,24972,25425,0.0,3500,1028,0,1000,3300,1
212500.0,1,1,2,53,0,0,0,-1,0,0,7443.599999999999,9932,0,166969,164040,166416,6602.7,0,332809,6000,6000,6100,0
400000.0,1,2,2,31,0,0,0,0,0,0,364443.6,308121,204879,143976,143142,145070,15817.1,8335,5113,5062,5221,5184,0
62500.0,2,2,2,57,1,2,0,0,0,2,52011.6,43360,23417,21969,21179,18711,1690.0,1400,920,1700,0,900,1
600000.0,2,2,1,59,-2,-2,-2,-2,-2,-2,20626.8,6013,1717,1385,0,0,7833.8,1717,1390,0,0,2300,0
87500.0,2,2,2,31,2,2,2,0,0,0,86234.4,73594,71851,68539,49027,48969,4550.0,0,3100,1900,2000,1865,1
437500.0,2,1,2,32,0,0,0,0,0,0,100098.0,76562,64995,61464,44664,51550,5200.0,3312,4050,1165,20055,20076,0
100000.0,2,2,1,50,0,0,0,0,0,0,95462.4,81392,80966,79295,81142,80672,4069.0,3107,2847,3134,3072,3010,0
112500.0,2,1,2,37,-1,-1,-1,-1,-1,-1,1872.0,23153,835,5225,736,736,30098.9,17395,5225,736,736,886,0
287500.0,2,2,1,48,0,0,0,0,0,0,8490.0,7806,8392,8967,8729,10816,1662.7,1295,1300,468,2816,5893,0
37500.0,2,3,1,57,0,0,0,0,0,0,33556.799999999996,25817,27097,27930,16288,17023,2236.0,2000,1700,1000,1000,1000,0
450000.0,1,3,2,59,-2,-2,-2,-2,-2,-2,0.0,0,0,0,0,0,0.0,0,0,0,0,0,1
300000.0,2,3,2,55,0,0,0,0,0,0,267654.0,218120,221051,191997,196221,200058,12337.0,8163,6753,7197,7176,5265,0
262500.0,2,1,2,31,1,2,2,0,0,0,144117.6,121222,117783,120126,122643,125123,5850.0,0,4302,4455,4523,4516,0
25000.0,1,2,2,32,1,2,0,0,0,2,22378.8,18066,19040,19446,20759,20241,0.0,1594,1000,1606,0,300,0
100000.0,2,3,1,57,2,2,3,3,3,2,43978.799999999996,39448,40101,40748,39816,40607,4810.0,1600,1600,0,1600,1600,1
275000.0,2,2,2,35,-1,-1,-1,-1,0,0,715.1999999999999,892,7681,11642,23030,22449,1159.6000000000001,7681,20000,20000,0,0,0
375000.0,1,1,1,47,-1,0,0,-1,0,0,14367.6,61834,25145,37666,19453,10492,27272.7,5000,37676,8808,2000,2709,1
150000.0,2,2,1,39,1,-2,-1,-1,-1,-1,0.0,0,369,0,7490,941,0.0,369,55,7490,941,280,0
112500.0,2,1,2,32,0,0,0,0,0,0,102986.4,83206,74030,70198,71330,65479,4325.1,3471,3199,2964,2718,2087,0
412500.0,2,2,2,38,1,-2,-2,-1,0,0,0.0,0,0,95131,46017,46470,0.0,0,102680,1728,1695,2000,0
187500.0,1,2,1,48,0,0,0,0,0,0,126499.2,106773,106500,104670,55442,55936,7540.0,4648,2000,2889,2700,94000,0
675000.0,2,2,1,55,0,0,0,0,0,0,79964.4,66665,66513,67149,66880,67667,4030.0,3070,3100,2320,2796,3500,0
450000.0,1,1,2,39,-2,-2,-2,-2,-2,-2,3286.7999999999997,1200,3118,0,162,4857,1567.8,3133,0,162,4881,445,0
325000.0,2,2,1,54,1,-2,-2,-2,-2,-2,0.0,0,0,0,0,0,0.0,0,0,0,0,0,0
250000.0,2,1,2,43,-1,-1,-2,-2,-1,-1,478.79999999999995,0,0,0,218,270,0.0,0,0,218,270,317,0
62500.0,2,2,2,30,2,2,2,2,2,2,18814.8,16228,17796,17213,18432,18981,1430.0,2150,0,1500,1000,0,1
25000.0,1,2,2,31,0,0,0,2,0,0,21553.2,17091,14120,12266,10783,5131,1966.9,4932,9,286,1000,15000,0
12500.0,1,5,1,48,-1,0,0,0,-2,-2,21072.0,9829,3604,0,0,0,3298.1,1000,0,0,0,0,1
150000.0,2,2,1,37,-1,-1,-1,-1,-1,-1,4989.599999999999,2682,0,6440,0,5930,3486.6,0,6440,0,5930,5120,0
62500.0,1,1,2,39,2,0,0,0,0,0,16477.2,13974,7891,4600,5554,5481,1989.0,2004,1000,1008,1400,600,1
75000.0,2,3,1,53,0,0,0,0,0,0,75182.4,57562,51278,46685,31584,26482,2990.0,2200,1900,1191,1219,7971,0
287500.0,1,2,2,34,-2,-2,-2,-2,-2,-2,240.0,840,0,3458,499,5180,1092.0,0,3458,499,5180,0,0
125000.0,1,2,1,57,0,0,0,0,0,0,97658.4,72937,65480,66777,68176,69547,5994.3,4000,2387,2472,2502,2544,0
37500.0,1,2,2,30,1,-1,2,2,-1,0,0.0,1170,390,0,9494,11473,1521.0,0,0,9494,3000,378,1
75000.0,2,2,2,28,0,0,0,2,0,0,26689.2,22719,25585,24053,17154,19316,2600.0,4000,0,2000,3000,0,0
337500.0,2,2,2,39,-1,-1,-1,-1,-1,-1,457.2,3376,2958,4154,5885,3129,4427.8,2983,4172,5912,3143,0,1
462500.0,2,3,2,34,-1,-1,-1,-2,-2,-2,34076.4,19340,0,0,0,0,25269.4,7,0,0,0,0,0
125000.0,1,2,2,40,2,0,0,0,0,0,111108.0,93354,69674,71097,72913,74738,4226.3,2600,2582,3000,3000,3000,0
337500.0,1,3,2,41,0,0,0,0,0,0,331430.39999999997,271773,262623,268735,273709,273139,14300.0,11100,12000,11000,10200,10500,0
625000.0,2,1,2,32,-1,-1,-1,-2,-2,-1,39958.799999999996,60857,26324,26091,9558,4242,79244.1,27056,26096,9605,4242,930,0
500000.0,2,2,1,44,-2,-2,-2,-2,-2,-2,62767.2,3638,11649,24140,5803,5937,4752.8,11713,24265,7832,5966,9363,0
250000.0,1,1,1,46,-2,-2,-2,-2,-2,-2,12958.8,1208,1585,1470,1273,1000,1576.9,1585,1470,1273,1000,1555,0
312500.0,2,2,2,29,-2,-2,-1,0,0,0,0.0,0,19449,20623,21283,21943,0.0,19449,1500,1000,1000,1000,1
225000.0,2,1,2,29,0,0,0,0,0,0,203115.6,174532,176686,165491,169222,173246,10400.0,6700,6000,6400,7000,7000,0
100000.0,2,2,2,27,2,0,0,0,0,0,88744.8,77526,99205,74016,48043,48545,7020.0,3451,3577,2000,1800,1800,1
162500.0,1,3,2,32,1,2,0,0,0,0,159622.8,133178,132355,131797,131457,132202,7800.0,6000,5000,5000,5000,5200,0
12500.0,1,2,2,33,0,0,2,0,0,0,6283.2,7202,7434,7660,7822,8191,2860.0,500,500,285,500,500,0
12500.0,2,2,1,42,-1,4,3,2,2,2,3966.0,2870,2440,2510,2641,2222,0.0,0,500,400,0,36,0
375000.0,2,2,2,48,-2,-2,-2,-2,-2,-2,3523.2,1669,743,3040,1927,14713,2178.8,743,3047,1927,14713,159,0
100000.0,2,1,2,34,0,0,0,0,2,2,73878.0,62857,64773,68073,69538,70841,2965.3,2961,5000,2700,2600,2700,0
37500.0,1,3,2,30,2,2,2,0,0,2,26928.0,24168,23481,23950,25659,25098,3107.0,0,859,2097,0,1092,1
237500.0,2,2,1,45,0,0,2,0,0,0,221131.19999999998,191540,192422,150300,92391,93119,19500.0,6000,6000,4000,4000,3300,0
62500.0,2,2,2,52,0,0,0,0,0,0,47155.2,40638,41741,45982,43041,42957,2600.0,1759,5000,1525,1569,3000,0
275000.0,1,1,1,55,-1,-1,-1,-1,-1,-1,4180.8,6742,4028,3576,2378,5946,8785.4,4028,3576,2378,5946,1489,0
100000.0,2,3,1,44,0,0,0,-2,-1,-1,5937.599999999999,3804,0,0,1715,0,1300.0,0,0,1715,0,0,0
625000.0,2,1,1,38,-2,-2,-1,-1,-2,-1,150.0,0,1664089,121757,97115,377217,5675.8,1684259,121831,97670,379267,26759,0
625000.0,1,1,1,63,-2,-2,-2,-2,-2,-2,16450.8,5006,31130,3180,0,5293,6507.8,31178,3180,0,5293,768,0
375000.0,2,1,2,43,1,3,2,0,0,-1,12433.199999999999,9692,3772,1919,316,2360,0.0,3,0,0,2360,0,0
212500.0,1,1,1,43,-1,-1,-1,-1,-1,-1,2916.0,2430,2430,2430,2430,2430,3159.0,2430,2430,2430,2430,2599,0
200000.0,2,1,1,53,1,-2,-2,-2,-2,-2,0.0,0,0,0,0,0,0.0,0,0,0,0,0,0
300000.0,1,2,2,30,2,0,0,0,0,0,214653.6,181717,165662,144277,112210,116047,7923.5,4729,5682,5500,5000,16290,1
287500.0,1,2,1,42,0,0,0,0,0,0,25648.8,23695,25996,28240,30450,31798,3900.0,3000,3000,3000,2000,3000,0
62500.0,1,2,2,35,0,0,0,0,0,0,19676.399999999998,17378,17523,18467,17865,18234,2043.6000000000001,1617,1561,759,779,908,0
225000.0,2,2,1,73,0,0,0,0,0,0,153519.6,133279,127636,138164,142921,153691,19500.0,12000,20000,10000,20000,5000,0
225000.0,2,2,2,40,-2,-2,-2,-1,-1,-2,0.0,0,0,2072,0,0,0.0,0,2072,0,0,0,0
125000.0,1,1,2,37,0,0,0,0,0,0,100614.0,87580,84140,86400,87275,89082,5850.0,3300,3881,2500,2519,2700,0
625000.0,2,1,2,42,0,0,0,0,0,0,52371.6,46586,48832,49568,46939,49147,5200.0,3000,2000,2000,3000,7000,0
62500.0,1,3,2,35,2,0,0,0,0,0,60132.0,50322,27078,19107,19506,20024,1950.0,1620,1000,707,841,657,1
62500.0,2,2,1,44,1,2,2,2,0,0,32512.8,26365,29124,28357,28984,30012,0.0,3500,0,1100,1500,1100,1
462500.0,2,3,1,51,-2,-2,-2,-2,-2,-2,7644.0,2110,10086,804,4577,0,2756.0,10136,808,4599,0,2150,0
225000.0,1,3,1,45,-1,-1,-1,0,-1,-1,1189.2,991,1316,325,1657,325,1288.3,1316,0,1657,325,325,0
12500.0,2,2,2,26,2,0,0,0,-1,-1,11900.4,8660,9756,8560,780,0,1820.0,1800,1300,800,0,1900,1
37500.0,2,3,2,31,0,0,0,0,0,0,10816.8,10406,11427,11935,13084,14206,2210.0,1500,1000,1500,1500,1500,0
25000.0,2,3,1,36,1,2,0,0,0,0,19083.6,15350,16438,17250,17601,17982,0.0,1343,1155,506,538,600,1
375000.0,1,2,2,41,2,2,2,2,2,2,342212.39999999997,291282,293497,293046,291883,297169,16903.9,9003,8114,4403,8838,604,1
250000.0,2,3,2,47,1,-1,-1,-1,-1,2,0.0,5237,2297,0,11989,11839,13000.0,2509,0,24000,0,27000,0
125000.0,2,2,1,46,-2,-2,-2,-2,-2,-2,0.0,0,0,0,0,0,0.0,0,0,0,0,0,1
312500.0,1,2,1,41,0,0,0,0,0,0,202678.8,174479,157088,136787,139385,122947,13000.0,8300,5200,5500,5000,5000,0
162500.0,1,1,2,34,0,0,-1,-1,2,0,11640.0,0,72,10458,10149,11805,0.0,72,10458,0,2000,1230,0
162500.0,1,2,2,31,2,2,0,0,0,0,161803.19999999998,128038,126862,97925,100484,54125,0.0,5000,3500,4055,10000,50000,1
125000.0,1,2,1,43,0,0,0,0,0,0,18945.6,8242,10095,11636,6649,8649,2600.0,2000,2007,2000,2000,5000,0
162500.0,1,2,1,48,0,0,0,-1,-1,-1,71714.4,61877,60390,390,390,390,4544.8,1208,390,390,390,390,0
25000.0,1,2,2,47,0,0,0,0,0,0,18860.399999999998,16724,18051,18759,19132,19684,1658.8,1603,1311,684,860,874,0
150000.0,2,1,2,31,-2,-2,-1,0,0,0,12498.0,7172,110688,100552,89147,88388,7502.3,120055,5073,3508,3707,3016,0
62500.0,2,2,1,39,0,0,-1,-1,-1,-1,2922.0,0,197,2995,19515,0,0.0,197,2995,19515,0,3734,0
350000.0,2,2,2,39,-1,-1,2,-1,-1,-1,45.6,34163,32800,131200,3950,0,44411.9,0,131200,3950,0,716,0
250000.0,1,2,1,44,-2,-2,-2,-2,-2,-2,18130.8,3139,12840,3950,7688,2241,4101.5,12848,3950,7690,2241,2795,0
525000.0,1,2,1,39,0,0,0,0,0,0,106737.59999999999,79783,80575,92982,98502,103200,39000.0,10575,15000,10000,10000,20000,0
62500.0,1,1,2,47,1,2,2,2,2,2,53220.0,43360,45892,46886,48037,47551,0.0,3300,2000,2000,396,1600,0
525000.0,2,3,2,30,2,2,2,0,0,0,82072.8,72874,71035,57503,56467,53995,7306.0,0,2000,1892,1979,2226,0
250000.0,1,1,3,50,0,0,0,0,0,0,89299.2,75891,77516,79088,80141,81833,3979.3,3200,3196,2700,2714,8918,0
437500.0,2,2,1,36,0,0,0,0,0,0,81177.59999999999,68557,63179,57987,53948,39965,3950.7000000000003,2047,1750,1703,1721,784,0
225000.0,2,2,2,36,-2,-1,-1,-2,-2,-2,0.0,1152,3338,0,0,0,1497.6000000000001,3338,0,0,0,0,0
262500.0,2,1,1,56,-1,-1,-2,-2,-2,-2,2280.0,0,0,0,0,0,0.0,0,0,0,0,0,0
450000.0,1,1,2,40,0,0,0,0,0,0,49592.4,47751,48521,79788,63835,44164,26076.7,13043,40528,10157,12068,8060,0
562500.0,2,1,1,47,1,-2,-2,-1,-1,-2,0.0,0,0,42000,0,0,0.0,200,42000,0,0,0,1
412500.0,1,1,1,54,-2,-2,-2,-2,-2,-2,6975.599999999999,65,3775,1590,0,2130,84.5,3775,1590,0,2130,7700,0
187500.0,1,1,1,49,-1,-1,-1,-1,-1,0,5790.0,3003,6164,3370,7279,4445,3923.4,6201,3386,7299,1166,5,0
37500.0,2,3,1,36,0,0,0,0,0,0,11265.6,10387,10624,11539,11771,9075,1510.6000000000001,1229,1144,376,329,345,0
62500.0,2,2,2,43,0,0,0,0,0,0,46734.0,39498,38272,29810,18674,19391,3264.3,2000,3000,4000,1000,1000,0
300000.0,2,3,1,55,0,0,0,0,0,0,290582.39999999997,237635,242191,212879,185490,188850,10400.0,8000,7000,6000,6000,7000,0
175000.0,2,2,1,44,-1,-1,-1,-1,-1,-1,680.4,1498,1139,380,2340,837,1947.4,1139,380,2340,837,380,0
262500.0,2,1,2,36,-1,-1,-1,-1,-1,-1,2379.6,422,815,191,0,472,548.6,815,191,0,646,1125,0
487500.0,2,1,1,58,-1,-1,-2,-2,-1,0,733.1999999999999,0,0,0,343,1343,0.0,0,0,343,1000,1076,0
450000.0,2,2,1,47,-2,-2,-2,-2,-2,-2,21823.2,7954,11609,10070,5079,4086,12412.4,11624,10070,5079,4086,1190,0
100000.0,1,3,2,49,0,0,0,0,0,0,12420.0,10993,11865,11549,11549,11231,1558.7,1461,535,700,500,0,0
450000.0,2,3,2,39,-2,-2,-2,-2,-2,-2,0.0,0,0,0,0,0,0.0,0,0,0,0,0,1
75000.0,1,2,2,37,1,2,2,2,2,2,57489.6,49823,48757,52312,52960,51985,3900.0,0,5000,2100,0,4600,0
450000.0,1,2,1,43,-2,-2,-2,-2,-2,-2,1545.6,2508,2500,0,0,0,3276.0,2500,0,0,0,0,0
62500.0,1,2,2,43,0,0,0,-2,-2,-2,31839.6,16426,0,0,0,0,1300.0,0,0,0,0,0,0
187500.0,2,3,1,62,-1,-1,-1,-1,-1,-1,6579.599999999999,9136,17348,6456,12256,8156,11876.800000000001,17348,6456,12256,8156,5256,0
537500.0,2,2,1,47,0,0,0,0,0,0,107707.2,89395,90052,90604,91200,92134,4119.7,3243,3200,3185,3500,3500,0
250000.0,2,2,1,56,-1,-1,-2,-1,-1,-1,2919.6,735,735,2301,3139,316,955.5,735,2301,3139,316,6635,0
37500.0,2,1,2,29,2,2,2,0,0,0,14788.8,15628,15069,15868,16657,13998,5850.0,0,1000,1000,668,203,1
175000.0,2,1,2,32,-2,-2,-2,-2,-2,-2,0.0,0,3544,0,0,0,0.0,3544,0,0,0,0,0
37500.0,1,1,2,33,0,0,0,0,0,0,35080.799999999996,29383,29851,29978,29378,29230,2600.0,2000,2000,1200,1500,3000,0
87500.0,2,1,2,29,0,0,0,0,0,0,82426.8,68161,69534,67399,66963,66797,4056.0,3166,2609,2574,3000,3500,0
100000.0,2,2,1,40,1,-2,-2,-2,-2,-2,0.0,0,0,0,0,0,0.0,0,0,0,0,0,0
25000.0,1,1,2,27,-2,-2,-2,-2,-2,-2,0.0,0,730,1000,300,0,0.0,737,1060,300,0,0,0
300000.0,1,2,1,42,1,2,0,0,0,0,254169.59999999998,208892,213637,216754,219276,223920,2600.0,9600,8500,6500,6500,7520,0
62500.0,2,2,1,49,0,0,0,0,0,0,32785.2,24726,22581,20192,18813,17328,1839.5,1500,700,700,629,488,0
450000.0,1,1,2,34,0,0,0,0,0,0,108085.2,83204,75869,58219,45605,32245,3941.6,2311,1570,1500,983,3000,0
37500.0,2,2,1,38,2,2,0,0,0,0,35397.6,28718,29761,30203,29803,29803,1.3,2000,1400,0,0,67,1
187500.0,2,1,1,43,-2,-2,-2,-2,-2,-2,1852.8,463,1481,21640,2636,4346,601.9,1481,21643,2636,4346,0,0
62500.0,1,2,1,50,-1,-1,-1,-1,-1,-1,1130.3999999999999,942,942,390,390,390,1224.6000000000001,942,390,390,390,0,1
125000.0,2,2,1,47,1,2,2,-2,-2,-2,3907.2,3020,0,0,0,0,0.0,0,0,0,0,0,0
62500.0,2,2,1,29,1,2,0,0,2,2,15292.8,12243,16215,20490,19990,0,0.0,4200,4700,0,0,3390,1
137500.0,2,1,1,37,1,2,0,0,0,0,51440.4,41901,44126,43483,43435,41010,0.0,3000,2000,2000,2000,3600,1
25000.0,1,3,1,60,1,2,0,0,0,0,23304.0,19810,20037,19640,15378,7284,1300.0,1400,393,308,1000,0,0
37500.0,2,2,1,39,1,2,2,0,0,0,26902.8,24932,23502,24603,24996,26426,4169.1,0,1800,1100,2000,1977,0
12500.0,2,2,1,28,1,3,2,2,2,0,13968.0,10685,9730,11645,10702,10392,0.0,0,3000,0,500,1000,0
275000.0,1,3,1,46,-2,-2,-2,-2,-2,-2,12964.8,34407,14510,7229,12806,35433,44739.5,14565,7229,12806,35433,11405,0
650000.0,1,3,1,46,2,2,0,0,0,0,523108.8,366194,330211,251920,256512,262474,0.0,12620,8758,9047,9959,10500,1
37500.0,2,2,1,40,0,0,0,0,0,0,38346.0,30429,27286,21919,19015,2732,2340.0,1388,1501,1001,2732,3280,1
62500.0,1,2,2,27,0,0,0,0,-1,0,61390.799999999996,51699,50584,20480,9413,9712,3900.0,2650,2100,10000,600,500,0
37500.0,2,1,1,27,2,2,0,0,0,0,31806.0,25799,26762,24956,25654,26177,0.0,1710,1000,1100,1100,1000,0
25000.0,1,2,1,46,0,0,0,0,0,0,8966.4,9304,9369,5873,5990,6231,2600.0,2002,3098,215,338,2164,0
400000.0,1,1,2,34,0,0,0,0,0,0,271070.39999999997,209493,170336,173806,177425,181003,12257.7,6189,6309,6510,6600,6395,0
25000.0,1,1,2,46,-2,-2,0,0,0,0,22563.6,18376,19342,19081,19799,18718,46991.1,1281,658,1000,1000,760,1
175000.0,2,1,1,42,0,0,0,0,0,0,163717.19999999998,135134,139178,139900,109665,108129,6303.7,6703,6120,4015,4042,4057,1
25000.0,1,2,1,57,0,0,0,0,0,0,18921.6,16792,18105,18157,18538,19200,1670.5,1598,650,674,971,580,0
87500.0,2,2,1,38,0,0,5,4,3,3,68133.59999999999,75037,73326,71568,72540,71148,26000.0,0,0,2700,0,0,0
325000.0,1,1,1,35,-1,0,-1,-1,-1,-1,32853.6,17082,13333,99,99,172104,13023.4,13333,99,99,172104,30013,0
62500.0,2,2,1,42,0,0,0,0,0,2,57398.4,45646,32668,25738,30192,27912,3913.0,5004,10000,5200,0,1181,0
562500.0,1,2,1,34,0,0,0,0,0,0,215456.4,157945,118192,82644,17720,7068,10531.300000000001,12029,35524,38,2015,7522,0
175000.0,2,3,1,39,0,0,0,0,0,0,157365.6,133452,136194,137490,106322,104583,8190.0,7000,5421,4000,4000,4200,0
487500.0,1,1,1,46,-2,-2,-2,-2,-2,-2,8418.0,500,321,4411,1069,448,650.0,321,4412,1069,448,2661,0
250000.0,2,2,1,46,-1,-1,-1,-1,-1,-1,6710.4,0,1306,1623,620,849,0.0,1306,1679,620,849,1264,0
287500.0,2,4,2,35,0,0,0,0,0,0,202449.6,161074,151884,146113,147650,43703,13908.7,5080,10000,3560,45000,86000,0
337500.0,1,2,2,50,1,-2,-1,-1,-1,-1,0.0,0,7304,3076,0,16191,0.0,7304,3076,0,16191,277,0
450000.0,1,1,2,38,1,2,0,0,-1,-1,85434.0,60553,60158,16672,35039,8320,0.0,1399,0,35039,8320,5169,0
400000.0,2,3,2,58,0,0,0,0,0,0,226047.6,281060,261698,265703,175925,188982,359707.4,11020,11000,9486,20000,10000,0
450000.0,2,1,2,39,-1,-1,-1,-1,-1,-1,10645.199999999999,6378,26648,6707,3450,0,8334.300000000001,26987,6740,3467,0,239400,0
37500.0,2,2,2,27,3,2,2,2,-1,-1,240.0,200,200,200,29847,30089,0.0,0,0,29847,340,0,0
250000.0,1,1,2,38,-1,-1,-1,0,-1,-1,14642.4,1964,12181,5908,1114,8314,6492.2,12181,2000,1114,8314,1114,0
37500.0,2,3,1,65,3,2,2,7,7,7,2340.0,1950,1950,1950,1950,1950,0.0,0,0,0,0,0,1
312500.0,1,2,1,45,0,0,0,0,0,0,170972.4,85965,71453,54063,52723,56752,9100.0,3000,2000,3500,5000,3000,1
350000.0,1,2,2,33,-2,-2,-2,-2,-2,-2,2158.7999999999997,1768,1848,0,1601,0,2316.6,1857,0,1609,3,1077,0
350000.0,2,1,1,31,-2,-2,-2,-2,-2,-2,5596.8,1578,646,3689,560,0,2051.4,646,3689,560,0,1605,0
625000.0,1,2,2,40,0,0,0,0,0,0,248684.4,224007,275615,220088,216482,136086,26001.3,30168,6022,6375,5005,5000,0
350000.0,2,3,2,51,-2,-2,-2,-2,-2,-2,1681.2,5201,3615,1963,2086,1297,6761.3,3615,1963,2086,1297,1154,0
37500.0,1,2,2,31,0,0,0,0,0,2,33466.799999999996,26990,24706,25022,26405,25861,3737.5,4900,2000,2100,0,2500,0
312500.0,2,1,1,48,-2,-2,-2,-2,-2,-2,397.2,0,0,0,0,0,0.0,0,0,0,0,0,0
112500.0,2,1,1,46,-1,-1,-1,-1,-1,-1,7392.0,3274,6190,307,2870,670,4258.8,6246,307,2870,670,1362,0
475000.0,2,2,1,35,-2,-2,-2,-2,-2,-2,4494.0,738,1175,576,576,0,968.5,1180,578,578,0,580,0
312500.0,2,1,2,37,0,0,0,0,0,0,31758.0,30762,32833,34055,34321,23166,6500.0,3000,2500,1000,3050,4000,0
350000.0,2,3,1,38,0,0,2,2,2,2,91143.59999999999,84005,86472,87457,88281,86749,12152.4,4700,3300,3150,0,3328,1
100000.0,1,2,2,46,0,0,0,2,0,0,72705.59999999999,61369,44810,43766,44636,93074,3256.5,3745,0,1571,2627,1662,0
262500.0,1,1,1,44,-1,-1,-1,-1,-2,-2,1008.0,1665,610,0,0,0,2164.5,610,0,0,0,3514,0
75000.0,1,2,2,35,-1,-1,2,-1,-1,-1,1105.2,1498,749,749,58852,6295,1947.4,0,749,58852,6295,0,0
262500.0,2,2,1,40,-1,-1,-1,-1,0,-1,225.6,971,2871,5087,1943,3392,1262.3,2871,5087,0,3392,4000,1
275000.0,1,1,2,40,1,-2,-2,-2,-2,-2,0.0,0,0,0,0,0,0.0,0,0,0,0,0,0
62500.0,2,1,2,51,-1,-1,-1,-1,-1,-1,4484.4,0,7752,596,18396,5769,0.0,7752,596,18396,5769,5769,0
37500.0,1,2,1,45,1,4,3,2,2,3,17468.399999999998,14039,13528,13810,14488,13971,0.0,0,800,1200,0,0,1
25000.0,1,1,2,29,-1,-1,-1,-1,-1,-1,4569.599999999999,4470,8176,7909,2948,1220,5869.5,8186,7913,3049,1624,3800,0
437500.0,2,1,2,38,0,0,0,0,0,0,377992.8,322472,244792,140218,181571,167905,16503.5,9790,5302,95621,11920,6107,1
212500.0,2,1,2,34,-1,-1,-1,0,0,0,6646.8,337,11277,11277,14277,0,1491.1000000000001,11477,0,3000,0,0,1
150000.0,2,2,2,32,0,0,0,0,0,0,18280.8,8247,9624,20129,10388,13316,1478.1000000000001,1514,1069,278,3000,0,1
637500.0,2,3,1,66,0,0,0,2,0,0,224484.0,181733,192903,181801,178179,223100,11050.0,17000,0,6508,50000,7000,0
125000.0,2,1,1,41,-1,-1,-1,-1,-1,-1,1086.0,3450,1195,2775,890,2117,4485.0,1195,2775,890,2117,1072,0
250000.0,2,2,1,39,1,-1,-1,-1,-1,-1,0.0,758,998,668,9815,36870,988.0,1000,670,9852,40063,1049,0
25000.0,1,2,2,26,0,0,0,-2,-2,-2,22836.0,19783,0,0,0,0,1950.0,0,0,0,0,0,0
25000.0,2,2,2,50,1,1,-1,0,-1,-1,5419.2,0,18976,8005,3034,9287,910.0,21400,1005,3034,9287,85,0
375000.0,2,1,2,34,-2,-2,-2,-2,-2,-2,0.0,0,0,10980,1123,4665,1586.0,33,30044,12,11493,4983,0
62500.0,2,1,2,30,0,0,0,0,0,0,50467.2,46024,45452,45450,41154,39034,6500.0,2000,1500,2000,4000,1364,1
25000.0,1,2,1,37,0,0,0,0,0,0,17594.399999999998,10305,11127,12928,13721,14492,1950.0,1300,2000,1000,1000,1000,0
337500.0,2,2,1,44,0,0,0,0,0,0,193246.8,164354,167788,339599,174797,180313,7800.0,6079,6213,12840,8500,8205,0
412500.0,2,1,1,46,-1,-1,-2,-2,-2,-2,4946.4,0,0,0,0,0,0.0,0,0,0,0,0,0
125000.0,1,1,1,57,4,5,4,3,2,0,122114.4,102832,100328,97883,96238,96160,4555.2,0,0,0,3469,3422,1
25000.0,1,2,2,29,0,0,0,0,0,2,18132.0,16548,17443,16216,18027,12364,2600.0,1500,1500,2000,0,1000,0
200000.0,2,1,1,40,1,-2,-2,-2,-1,-1,0.0,0,0,0,1240,0,0.0,0,0,1240,0,0,0
37500.0,1,3,2,49,2,2,2,0,0,0,33948.0,30728,29701,29121,29715,0,4680.0,0,600,594,0,0,0
37500.0,1,2,1,47,0,0,0,0,0,0,34389.6,28281,29826,28572,9072,0,2152.8,3000,1000,500,0,0,0
112500.0,1,1,2,32,0,0,0,0,0,0,25807.2,18304,15783,16815,17236,17807,2080.0,2000,1600,1000,1000,1000,0
200000.0,1,3,2,40,0,0,0,0,0,0,46183.2,39217,40537,41030,41891,43196,2147.6,1972,1465,1519,2000,1592,0
62500.0,2,3,1,53,-1,-1,2,-1,-1,0,3475.2,1360,812,4012,28672,28875,1950.0,500,4100,28800,1011,1041,0
37500.0,2,5,1,41,-2,-2,-2,-2,-2,-2,10606.8,0,4342,690,0,99,0.0,4342,690,0,99,0,0
62500.0,2,2,1,55,0,0,0,0,0,0,61454.399999999994,50658,48999,49388,48853,47765,2691.0,2357,1746,1628,1520,2202,0
100000.0,1,2,2,32,1,2,0,0,-2,-2,99674.4,81150,82150,0,0,0,0.0,3800,0,0,0,0,0
162500.0,1,1,1,36,0,0,0,0,-2,-2,31833.6,22567,23167,0,0,0,1820.0,1000,0,0,0,0,0
62500.0,1,3,1,50,0,0,0,0,0,0,55178.4,41372,18059,18020,18028,17744,1847.3,1500,629,672,626,2000,0
37500.0,1,3,2,31,2,2,2,2,2,2,17517.6,13998,15467,14913,17692,16302,2600.0,2000,0,3009,0,2000,0
250000.0,2,4,1,49,-2,-2,-2,-2,-2,-2,0.0,1904,0,0,0,2206,2475.2000000000003,0,0,0,2206,686,0
262500.0,2,1,2,30,0,0,0,0,0,0,79820.4,63828,60713,61949,61908,59914,3900.0,2500,6259,5000,3000,5000,0
212500.0,2,5,2,35,0,0,0,0,0,0,80166.0,51351,38816,32475,24606,21988,6692.400000000001,3000,1978,4700,1000,2000,0
25000.0,1,1,1,29,-1,-1,-1,-1,-1,-1,750.0,702,316,316,316,316,921.7,316,316,316,316,316,1
62500.0,2,3,1,31,-1,2,0,0,0,0,7276.8,5432,6090,6626,6513,6097,0.0,1136,1062,339,187,364,1
212500.0,2,1,2,36,-1,-1,-1,-1,-1,-1,1873.1999999999998,1239,7315,10730,1686,9445,1610.7,7352,10730,1686,9445,3444,0
175000.0,2,1,2,42,1,-2,-2,-2,-2,-2,0.0,0,0,0,0,0,0.0,0,0,0,0,0,0
37500.0,2,2,2,27,0,0,2,0,0,0,36476.4,31148,28755,30720,28298,9064,4550.0,0,3500,694,343,266,0
75000.0,2,1,1,33,0,0,0,0,0,2,55479.6,47263,48696,50385,52045,52661,2730.0,2500,2500,2500,1600,1500,0
412500.0,2,5,1,39,0,0,0,0,0,0,303306.0,272262,281220,121814,11383,13090,32500.0,15000,7000,3000,2000,90000,0
150000.0,1,2,1,48,-1,-1,-2,-1,-1,-1,4766.4,2809,1021,2311,3868,2980,3660.8,1021,2321,3868,2980,0,0
12500.0,1,2,2,42,-1,-1,-1,0,-1,0,1062.0,1475,780,390,780,390,1917.5,780,0,31250,0,0,0
62500.0,1,2,1,53,0,0,0,-1,0,-1,57824.4,48344,46895,49161,6690,5665,60963.5,1775,51209,428,5665,8745,1
225000.0,2,1,1,45,-1,-1,-1,-1,-1,-1,18141.6,6041,1459,2178,2634,968,7861.1,3262,2178,2634,968,2432,0
425000.0,2,2,1,45,-2,-2,-2,-2,-2,-2,0.0,0,0,0,0,0,0.0,0,0,0,0,0,0
500000.0,1,2,1,39,0,0,0,0,0,2,62725.2,56788,60049,60876,65178,45933,7800.0,5000,1902,5000,0,5000,0
62500.0,1,2,2,47,0,0,0,0,0,0,56738.4,47535,46578,17029,10575,9478,3250.0,2000,2500,500,500,500,0
75000.0,2,1,2,28,0,0,2,0,0,0,71307.59999999999,63347,61183,29052,29087,27296,7150.0,146,1500,1200,1500,1500,0
187500.0,2,1,2,37,0,0,0,0,2,2,42721.2,36488,35729,38117,37259,33010,2603.9,2000,3419,13,2088,9,0
387500.0,2,2,1,34,0,0,0,-1,0,0,89946.0,77730,78497,72529,76345,79072,5200.0,5000,72529,5000,4000,4000,0
400000.0,2,3,2,50,0,0,0,0,0,0,360717.6,308931,186223,114605,117159,119733,18495.100000000002,9334,4106,4405,4678,4527,0
487500.0,1,1,1,43,0,0,0,0,0,0,36770.4,31843,32860,33511,34271,35040,2600.0,1548,1199,1300,1337,13000,0
37500.0,2,2,1,41,0,0,0,2,0,0,27970.8,24610,26404,27149,27634,28215,2600.0,2500,1500,1200,1142,1600,0
25000.0,1,2,3,42,0,0,0,0,0,0,23641.2,20302,19200,17085,17953,19299,2600.0,1500,2000,2000,2000,1000,0
100000.0,2,2,1,29,-1,-1,-1,-1,-1,-1,18745.2,3760,1368,0,1421,0,4898.400000000001,1368,0,1421,0,0,0
125000.0,2,1,2,29,0,0,0,0,0,0,62553.6,52692,54477,56076,60100,59713,2600.0,2677,3076,5080,3000,2033,0
62500.0,2,1,2,26,0,0,0,0,0,0,44170.799999999996,33121,29672,22365,12702,4134,6685.900000000001,5000,1021,0,3000,0,0
37500.0,1,2,2,39,0,0,0,0,0,0,32128.8,28014,29248,29254,19837,14793,2600.0,1694,1200,8697,2000,1000,0
112500.0,2,1,2,33,0,0,0,0,0,0,74474.4,62617,57990,51537,52486,48483,3862.3,2168,1686,1878,1611,1334,0
225000.0,1,1,1,33,2,3,2,0,0,0,224646.0,182435,131327,131288,100116,86644,6.5,0,7326,4124,8693,0,0
387500.0,2,2,1,34,0,0,0,0,0,0,218642.4,162547,140911,111881,78759,78877,6653.400000000001,3758,3901,2206,3089,3023,0
250000.0,2,1,2,37,-1,-1,-1,-1,-1,-1,41400.0,10706,3835,12559,6764,7700,47656.700000000004,3835,12559,6764,7700,4,0
37500.0,2,3,1,43,-2,-2,-2,-2,-2,-2,1842.0,835,8927,5371,0,1996,1085.5,8939,5480,0,1996,0,0
150000.0,1,1,2,33,0,0,0,0,0,2,10152.0,7729,8920,7439,26832,26287,6500.0,1500,7000,21300,0,1000,0
187500.0,1,1,1,45,0,0,0,0,-1,0,148257.6,94995,52874,64269,73351,68257,5487.3,3094,30454,100049,5098,30242,0
312500.0,1,1,2,36,-2,-2,-2,-2,-2,-2,0.0,3102,4438,3416,0,1404,4062.5,4455,3417,0,1408,1717,1
87500.0,2,3,1,39,0,0,-1,0,0,0,6262.8,6747,19948,20231,20757,18357,4019.6000000000004,19948,3000,3002,1002,2102,0
100000.0,1,1,1,30,0,0,2,2,0,0,58164.0,52374,52889,51520,50741,50322,6110.0,2000,0,1800,1850,1800,1
387500.0,2,1,1,34,-2,-2,-2,-2,-2,-2,712.8,235,5641,0,0,0,620.1,5648,0,0,0,2287,0
175000.0,2,2,1,35,0,0,0,0,0,2,127831.2,85019,82784,81458,86227,84646,5200.0,3000,4000,7000,0,4000,0
187500.0,2,2,1,33,0,-1,-1,-1,-1,-1,15336.0,850,850,430,840,430,1105.0,850,430,840,430,860,1
212500.0,2,5,1,38,0,0,0,0,0,0,172566.0,143737,129898,124370,112589,26958,13000.0,6247,6375,4468,1000,1306,0
100000.0,2,2,1,32,-2,-2,-2,-2,-2,-2,468.0,390,390,390,390,930,507.0,390,390,390,930,0,0
87500.0,1,2,2,35,0,0,2,2,2,2,21031.2,20235,19612,22170,22612,22101,3900.0,0,2900,942,0,1000,1
37500.0,2,2,1,52,2,2,2,0,0,0,31071.6,30628,29368,27769,25999,26924,7151.3,22,2000,1000,2000,2039,1
125000.0,2,2,2,29,3,2,2,2,2,2,102019.2,86918,88624,89576,90614,89046,5460.0,4000,3300,3400,0,7000,1
62500.0,1,2,2,28,0,0,0,0,0,0,13377.6,13637,14959,16204,16536,17118,3900.0,1850,1800,900,1000,1000,0
100000.0,2,1,2,28,1,-1,2,-1,0,0,0.0,2321,60,5182,2792,189,3032.9,0,5182,0,0,2597,0
225000.0,2,1,2,34,-1,-1,-1,-1,-1,-1,11301.6,0,2331,3596,3125,2702,0.0,5028,6411,3155,2702,10909,0
112500.0,2,2,2,30,0,0,0,0,0,0,94381.2,79972,81415,81878,83206,85350,4680.0,3805,3100,3200,4100,2500,1
162500.0,2,1,2,38,2,2,0,0,0,0,87900.0,71473,73892,74400,62134,63430,0.0,3572,2645,1813,1878,2210,1
125000.0,2,3,1,44,0,0,0,0,0,0,47600.4,40704,41718,41536,42243,42929,2143.7000000000003,1663,1471,1360,1212,4472,0
112500.0,2,2,2,58,0,0,0,-2,-2,-1,36054.0,30000,0,0,0,439,1300.0,0,0,0,439,20959,0
125000.0,2,1,2,34,3,2,0,0,2,0,105349.2,85548,85391,50605,49666,50689,0.0,2500,5864,0,2000,2000,1
287500.0,2,1,1,36,0,0,-1,2,0,0,28231.2,12187,3239,3029,3029,800,9106.5,3239,0,0,0,0,0
262500.0,1,2,3,44,0,0,0,0,0,0,207824.4,96550,82810,78255,77816,81392,5200.0,5000,5000,5000,5000,5000,0
225000.0,2,3,1,37,-1,-1,-1,-1,-1,0,475.2,712,712,712,1424,712,925.6,712,712,1424,0,5366,0
200000.0,2,3,1,36,-2,-2,-2,-2,-2,-2,248.39999999999998,565,1990,0,0,0,734.5,2009,0,0,0,0,1
200000.0,2,2,1,46,0,0,0,0,0,0,16214.4,13453,13420,13873,13833,13818,1567.8,1329,1098,374,400,364,0
325000.0,1,1,1,43,-1,-1,-1,-1,-1,-1,12537.6,1199,6675,1175,888,4186,1574.3,6818,1180,892,4207,6175,1
87500.0,1,2,2,38,1,2,8,7,7,6,31417.199999999997,37611,37026,38922,38318,38133,15600.0,0,2500,0,1000,1500,0
250000.0,2,1,1,40,-1,-1,-1,-1,-1,-1,99397.2,15081,32105,4476,6491,1262,19615.7,32130,4476,6619,1262,1974,0
212500.0,2,1,2,31,0,0,0,0,0,0,130111.2,109889,84897,82608,84388,86096,4680.0,3111,3000,3100,3101,3306,0
625000.0,2,2,2,38,-2,-2,-2,-1,0,0,15940.8,17262,81198,40049,54258,59569,22504.3,81938,40060,30000,20000,10000,0
300000.0,1,1,1,44,-1,-1,-1,-1,-1,-1,3225.6,2688,2688,2688,2688,2688,3494.4,2688,2688,2688,2688,2688,0
350000.0,1,1,2,37,-2,-2,-2,-2,-2,-2,23601.6,1000,3186,44932,2100,0,1300.0,3186,45028,2100,0,0,0
300000.0,2,1,2,38,-1,0,0,0,0,0,183674.4,156122,159998,161434,163403,167230,9100.0,8000,7000,6000,8000,7000,0
125000.0,2,2,2,36,1,-2,-1,-1,-1,-2,0.0,0,680,837,0,0,0.0,680,837,0,0,0,0
387500.0,2,1,1,44,-1,-1,-1,-1,-1,2,2386.7999999999997,4566,5329,5724,1518,1336,5935.8,5433,5724,1336,0,3167,0
225000.0,2,2,2,49,-1,-1,-1,-1,2,-1,4177.2,757,9877,4383,3482,4479,989.3000000000001,9962,3485,2,4479,5392,0
37500.0,2,2,1,36,0,0,0,0,0,0,34086.0,29639,30246,23774,24384,15855,5200.0,1555,631,769,317,0,1
225000.0,1,2,2,32,0,0,0,0,0,0,62191.2,6699,6529,104327,105867,106806,1950.0,2000,100000,4500,5041,2000,0
312500.0,2,3,1,54,-2,-2,-2,-2,-2,-2,758.4,316,316,316,316,316,0.0,316,316,316,316,316,1
325000.0,2,1,2,49,0,0,0,0,0,0,335604.0,286796,295631,299692,164332,183033,15311.4,15000,8526,20000,20000,20092,0
425000.0,2,2,2,34,0,0,0,0,0,0,162645.6,113464,88629,71435,69725,69714,5320.900000000001,3000,11115,2052,2500,1100,0
300000.0,1,2,1,36,0,0,0,0,0,0,276280.8,224376,230666,219162,189589,193546,10660.0,10000,8000,10000,6531,5543,0
87500.0,2,2,2,30,2,0,0,0,2,2,22934.399999999998,20115,20837,22986,22319,23952,2117.7000000000003,1351,2500,0,2000,0,1
12500.0,1,2,1,63,2,2,2,2,2,0,10628.4,9964,9654,10348,10044,10009,1820.0,0,1000,0,515,344,1
37500.0,2,3,1,72,1,2,0,0,0,0,36880.799999999996,28092,29112,29555,28536,29252,0.0,1800,1200,1083,1200,1250,0
300000.0,2,2,1,42,1,-2,-2,-2,-2,-2,0.0,0,0,0,0,0,0.0,0,0,0,0,0,0
437500.0,1,1,2,39,0,0,0,0,0,0,311428.8,213822,220211,225601,105586,111276,10961.6,9000,9500,10000,7000,10000,0
487500.0,1,1,1,34,-2,-2,-2,-2,-2,-2,684.0,2681,1186,1944,4966,2973,3498.3,1191,1948,4987,2982,15546,0
37500.0,2,2,2,42,3,2,2,0,0,0,35588.4,30320,28991,29066,29340,30786,2291.9,0,1178,1223,2435,1200,1
187500.0,1,1,2,46,-1,2,-1,-1,-1,-1,2376.0,990,990,990,990,1980,0.0,990,990,990,1980,0,0
500000.0,2,2,1,49,1,-2,-1,-1,-1,-1,0.0,0,1228,3405,961,0,0.0,1228,3405,961,0,0,0
537500.0,1,1,1,45,-1,-1,-1,-1,-1,-1,7334.4,10548,31401,417588,3414,4761,13767.0,31448,417588,3414,4761,15331,0
250000.0,2,1,2,36,-2,-2,-2,-2,-2,-2,12890.4,165,1295,0,0,0,214.5,1295,0,0,0,0,0
262500.0,1,2,1,44,-1,-1,-1,-1,-1,-1,1731.6,1443,1443,1443,1443,1443,1875.9,1443,1443,1443,1443,1443,0
337500.0,1,1,1,42,0,0,0,0,0,0,209438.4,167536,171865,176167,105523,45258,8970.0,7900,8800,4700,2100,60000,1
100000.0,2,1,2,34,0,0,0,0,0,2,23799.6,21192,22842,24147,29133,28532,2600.0,2000,2000,5394,0,5000,0
400000.0,2,1,2,39,-2,-2,-2,-2,-2,-2,0.0,0,0,0,0,0,0.0,4,0,0,0,0,0
412500.0,2,2,2,34,0,0,0,0,-1,-1,59458.799999999996,133957,128212,79407,8875,49880,117000.0,3000,5000,8875,49880,519,0
175000.0,2,2,2,43,0,0,0,0,0,0,166801.19999999998,141453,132415,130305,79775,74462,6273.8,8000,3100,3000,5417,0,0
125000.0,2,2,1,34,0,0,0,0,0,0,141609.6,116686,113939,111079,107257,105377,7298.2,5600,5500,4500,5000,6000,0
87500.0,2,2,2,28,0,0,0,0,0,0,59526.0,51804,53041,55150,57098,59141,3900.0,2700,3000,3000,3000,4700,0
37500.0,2,3,2,33,0,0,0,0,-1,-1,30424.8,24826,25412,21658,980,55,2145.0,1200,1000,1000,55,0,0
225000.0,1,1,2,38,0,0,2,0,0,0,39997.2,35311,31648,23461,20671,17122,6912.1,23,208,10,51,0,0
250000.0,2,1,2,33,0,0,0,0,0,0,127822.79999999999,107255,111522,114171,115777,118749,5200.0,6000,6000,5000,5000,11500,0
62500.0,2,2,1,27,0,0,2,0,0,0,30673.199999999997,26951,26570,28085,27009,28142,2774.2000000000003,1000,2001,910,1510,500,0
137500.0,2,1,2,29,0,0,2,2,0,0,11200.8,108868,96998,94480,90860,85529,130106.6,4200,0,3000,3140,4900,0
62500.0,2,3,1,52,0,0,0,0,2,0,35203.2,30502,31161,25294,24843,19576,2133.3,1300,1629,0,1000,1007,0
112500.0,2,2,2,33,0,0,0,0,0,-2,97863.59999999999,39759,29601,20650,0,0,2600.0,1396,1050,0,0,0,0
62500.0,2,3,1,56,0,0,0,0,0,0,26400.0,20454,21899,20895,11241,0,2600.0,2100,2000,1000,0,39500,1
300000.0,2,1,2,41,1,-1,0,0,0,0,0.0,18000,18485,17406,19345,21134,23400.0,2000,2000,2000,3000,2000,0
100000.0,2,2,3,41,0,0,0,0,0,0,76689.59999999999,55028,44654,42464,38320,40586,13066.300000000001,5013,3044,5006,5012,5046,0
62500.0,1,2,2,35,0,0,0,0,0,0,26950.8,48535,49350,26499,21071,18713,34448.700000000004,2248,1332,544,713,3703,0
187500.0,1,1,2,42,0,0,0,0,0,0,54000.0,44386,46505,49103,51698,52549,3900.0,2500,3000,3000,1546,2000,0
287500.0,2,2,2,41,1,-2,-2,-2,-1,-1,2884.7999999999997,681,4048,0,5092,7452,893.1,4053,0,5092,7464,2485,0
325000.0,1,1,2,44,3,2,0,0,0,0,282958.8,124838,116164,106976,96938,98502,16.900000000000002,4276,3716,3600,3604,105642,0
150000.0,2,2,1,45,0,0,0,0,0,0,131278.8,109397,36850,37739,38381,39142,5070.0,1700,1500,1400,1400,1500,0
237500.0,1,3,1,49,-1,2,-1,2,-1,0,349.2,291,582,291,582,291,0.0,582,0,582,0,291,0
375000.0,2,1,2,44,0,0,0,0,2,0,107750.4,91558,93741,99802,97711,99538,5850.0,5000,8000,0,4000,4200,0
62500.0,1,2,2,39,0,-1,0,0,0,0,58767.6,50601,49805,27605,29447,30045,118300.0,1200,600,29057,1076,1300,0
25000.0,1,2,1,36,1,4,3,2,0,0,26011.2,21054,20442,19773,20238,18062,0.0,0,0,1000,1000,1000,0
562500.0,1,2,2,37,0,0,0,0,0,0,199554.0,147549,234421,240020,240016,223545,7502.3,90000,10517,8801,8265,9000,0
250000.0,2,3,1,43,0,0,0,-1,-1,2,72567.59999999999,151786,109495,13785,22173,10482,132334.80000000002,29894,13943,21865,0,26218,0
287500.0,2,2,1,35,-1,-1,-1,0,-1,-1,4423.2,5557,5816,1288,23196,15072,7304.7,5838,7,23312,15147,16518,0
37500.0,2,2,2,41,-1,-1,-1,0,0,-1,468.0,390,780,390,0,780,507.0,780,0,0,780,0,0
62500.0,2,1,2,32,2,3,2,2,2,2,40852.799999999996,33202,34370,34806,35433,36216,0.0,2000,1300,1500,1500,1500,1
162500.0,1,3,2,48,1,-1,-1,-2,-1,-1,1221.6,6377,0,935,4985,1212,8362.9,2,937,4990,1215,9546,1
125000.0,2,2,1,33,-1,-1,-1,-1,-1,-1,379.2,316,316,316,2588,782,410.8,316,316,2588,1098,0,1
100000.0,1,1,2,36,-1,-1,-1,-1,2,-1,7192.8,32223,8308,4082,538,4085,17741.100000000002,8314,4082,0,4085,0,0
37500.0,1,2,2,37,1,2,2,0,0,0,34914.0,30819,29214,29478,23384,22428,3250.0,0,910,1000,1000,1000,0
112500.0,2,2,2,29,0,0,-2,-2,-2,-2,29014.8,0,0,0,0,0,0.0,0,0,0,0,0,0
450000.0,2,2,1,51,-1,-1,-1,-1,-1,-1,7682.4,13301,3762,7483,6399,9145,17405.7,3785,7527,6418,9187,15762,1
425000.0,2,2,2,34,0,-1,-1,-1,0,0,52479.6,16584,16498,100928,26083,20214,21823.100000000002,16514,100940,20229,25,8,0
37500.0,2,2,1,48,0,0,0,0,2,2,33434.4,29106,29784,29884,27833,29459,2600.0,1500,2000,0,3000,0,0
250000.0,2,2,1,46,0,-1,-1,-1,0,0,8377.199999999999,678,1287,54531,55229,56836,1300.0,1350,54531,2200,2500,2300,0
212500.0,2,1,1,45,-1,-1,-1,-1,-1,-1,613.1999999999999,997,2446,720,236,210,1301.3,2446,720,236,210,52,0
25000.0,2,3,1,58,0,0,0,0,0,0,14636.4,13292,14362,14821,15143,15737,2080.0,1600,1000,710,1000,1000,0
375000.0,2,1,1,36,0,0,0,0,0,0,179871.6,152529,152882,113347,114554,116357,9100.0,6000,4084,4056,4300,6609,0
175000.0,2,2,1,31,0,0,0,0,0,0,154464.0,129996,132004,127275,48724,48875,8385.0,7000,5000,2000,2000,2000,0
150000.0,2,2,1,42,0,0,0,2,0,0,14407.199999999999,13024,14795,14313,14762,14902,1522.3,1942,0,626,478,495,0
100000.0,2,2,1,45,-1,-1,-1,-1,-1,-1,468.0,390,390,390,390,540,507.0,390,390,390,540,390,0
62500.0,2,2,1,46,2,2,2,0,0,0,43594.799999999996,36711,28415,18459,16077,12428,4427.8,0,640,660,296,60,1
25000.0,2,1,1,39,0,0,0,0,0,0,17611.2,15721,19335,20029,20473,19860,1671.8,3900,1000,900,900,600,1
337500.0,2,1,2,34,0,0,0,0,0,0,150144.0,102046,91426,93262,96104,98374,5200.0,2969,3000,4000,3500,3450,0
125000.0,1,2,2,31,-1,2,-1,0,-1,-1,256.8,107,214,107,107,38362,0.0,214,0,107,38362,1600,1
162500.0,2,1,2,31,-2,-2,-2,-1,-1,-2,0.0,365,894,6006,1385,1666,474.5,894,6006,1385,1666,0,0
37500.0,2,2,1,43,0,0,0,0,0,0,28582.8,15367,10159,9859,8360,4101,2018.9,1033,381,384,404,1297,0
100000.0,2,2,1,32,0,-1,-1,-1,-1,-1,24500.399999999998,3061,7920,2830,3092,2315,4006.6000000000004,7932,2838,3112,2333,0,0
100000.0,2,1,2,31,0,0,0,0,0,0,149068.8,124762,125778,128293,127839,128714,5946.2,4737,5753,5000,4330,4341,0
400000.0,1,3,2,33,-1,0,0,-1,-1,0,80716.8,67207,0,2615,221073,225361,4200.3,0,2615,228975,8176,8226,0
625000.0,2,2,2,42,0,0,0,0,0,0,61982.399999999994,29550,33040,30757,35559,38981,6890.0,4000,3000,5300,5000,5000,0
162500.0,1,1,2,35,0,0,0,0,0,0,5443.2,5616,6455,6791,6991,0,1509.3,1000,336,200,0,0,0
137500.0,2,2,1,53,0,0,0,0,0,0,130401.59999999999,111162,107172,107629,106628,106903,5618.6,5369,4003,3806,4050,3672,0
450000.0,1,2,1,49,1,-1,-1,-1,-1,-1,0.0,583,0,3440,1368,146,761.8000000000001,0,3457,1375,200,754,0
625000.0,2,2,1,36,-1,-1,-1,0,0,0,2617.2,5625,60201,45299,40940,16923,7410.0,60207,1000,838,4476,24236,0
125000.0,2,2,1,45,0,0,0,0,0,0,108993.59999999999,83479,73749,68512,72518,65890,4579.900000000001,3025,2344,5000,3000,2000,0
87500.0,2,1,2,30,0,0,0,0,0,0,85327.2,67954,68976,49145,49688,47780,4279.6,3290,1706,1759,1729,1717,0
237500.0,2,2,2,49,0,0,0,0,0,0,194461.19999999998,168517,169675,171908,153857,153988,23292.100000000002,7601,7602,6010,6010,6001,0
225000.0,2,1,2,39,0,0,0,0,0,0,52048.799999999996,38842,37895,36002,31173,30832,2730.0,2000,5000,1500,1500,1500,0
25000.0,1,1,2,47,3,2,2,3,3,3,1260.0,1050,1050,1050,1050,1050,0.0,0,0,0,0,0,1
500000.0,2,1,2,36,-2,-2,-2,-2,-2,-2,243.6,767,664,1250,0,2174,1001.0,667,1256,0,2184,0,0
250000.0,2,1,2,35,0,0,0,0,0,0,46248.0,38898,39669,40167,37162,36557,2506.4,1699,1557,1279,962,2178,0
62500.0,2,2,2,48,-1,0,0,0,0,0,31610.399999999998,27457,27381,17930,18128,18490,2011.1000000000001,1251,1200,600,627,759,0
300000.0,2,3,2,42,1,-2,-1,-1,-1,-1,0.0,0,2486,2500,580,490,0.0,2489,2500,580,490,177,0
250000.0,1,1,2,42,0,0,0,0,0,0,141760.8,126591,134110,139209,135902,138997,19544.2,20038,20019,5014,10047,10238,0
200000.0,2,2,2,30,0,0,0,0,0,0,55002.0,45474,42601,33581,29827,19056,2600.0,2000,1400,600,0,0,0
62500.0,1,1,1,37,0,0,0,0,0,0,30493.199999999997,26989,28245,29176,28696,29321,2600.0,2000,1500,1000,913,1800,1
325000.0,2,1,2,31,0,0,0,0,0,0,172934.4,144619,142380,141746,112938,110346,6542.900000000001,5046,4573,4000,3800,4000,0
37500.0,2,2,2,29,0,0,0,2,0,0,33861.6,28704,30428,28914,29357,29955,2600.0,3600,0,1200,1200,1300,0
187500.0,2,1,2,41,0,0,0,0,0,2,152644.8,247984,125502,129589,133145,139322,7670.0,5000,6163,7200,10500,4900,1
75000.0,1,1,2,44,1,2,0,0,0,0,72044.4,50524,58025,59724,28575,39402,0.0,9000,3000,1200,11500,3000,1
112500.0,2,1,2,29,2,2,2,2,0,0,16902.0,13558,12193,12986,11831,12488,0.0,2000,1300,700,1000,3500,1
37500.0,2,3,1,34,1,2,2,2,2,2,33246.0,28452,29693,30206,30309,28218,1950.0,2000,1500,1044,0,2000,1
525000.0,2,1,1,37,-1,-1,-2,-2,-2,-2,10645.199999999999,358,0,0,20,0,465.40000000000003,0,0,20,0,0,0
137500.0,1,2,2,29,2,2,2,2,2,2,121682.4,104878,105325,102220,107970,103301,8580.0,3700,0,7500,0,3906,0
25000.0,1,2,2,27,0,0,0,0,0,0,5209.2,5356,6376,7382,7375,7531,1618.5,1265,1271,264,275,900,0
625000.0,2,1,2,47,0,0,0,0,0,0,284479.2,171440,177859,159518,186563,168083,26000.0,50000,10000,50000,20000,50000,0
87500.0,2,2,2,30,1,2,0,0,0,0,87800.4,70238,70640,71298,70930,72491,0.0,2600,3000,3000,6000,0,0
75000.0,1,3,2,29,-1,0,0,0,0,0,18632.399999999998,16882,18190,27465,27643,27816,2600.0,2000,10000,991,1010,989,0
262500.0,2,5,2,37,-2,-2,-2,-2,-2,-2,0.0,0,0,0,0,0,0.0,0,0,0,0,0,0
250000.0,2,1,2,50,-1,-1,-1,-2,-2,-2,2852.4,221,0,0,0,0,287.3,0,0,0,0,0,0
212500.0,2,1,2,28,0,0,0,0,0,0,18766.8,14431,15437,13838,14915,10090,1644.5,3437,2115,2920,1500,1053,0
250000.0,2,3,1,55,0,0,0,0,0,0,194755.19999999998,169288,168430,100175,95267,87086,16900.0,6900,4200,3000,3200,6000,0
625000.0,1,1,2,41,0,0,0,0,0,0,41566.799999999996,41481,25747,5749,10370,14161,13013.0,8078,2000,5000,6000,15000,0
100000.0,1,2,2,32,0,0,0,0,0,2,57994.799999999996,45920,47186,46882,49170,48269,6505.2,5013,5000,4000,0,2002,0
62500.0,2,2,2,28,0,0,0,0,0,0,59770.799999999996,50364,38429,18815,18305,19013,2652.0,2766,1690,1000,1000,1000,0
37500.0,2,1,1,38,0,0,0,0,0,0,33274.799999999996,28138,28285,28463,29303,29766,1950.0,1500,1500,1300,1100,1032,0
187500.0,1,5,2,29,0,0,-1,0,0,0,12550.8,11445,122175,111847,76628,64200,3270.8,122685,3328,2230,2062,1891,0
162500.0,1,1,1,47,-1,2,-1,-1,0,0,468.0,390,955,1170,1170,780,0.0,955,1170,0,0,0,1
150000.0,2,3,1,74,0,0,0,0,0,0,128130.0,108715,100937,102939,105307,106617,4953.0,3700,3658,4000,4515,3500,0
187500.0,2,3,1,44,2,2,2,0,0,0,181996.8,153994,147038,122498,75782,71306,8190.0,0,5000,3000,3000,3000,0
250000.0,2,2,2,32,-1,-1,-1,-1,-1,-1,7642.799999999999,5830,7254,7164,4576,5792,7579.0,7254,7164,4675,5792,5196,0
25000.0,2,2,2,38,0,0,0,0,0,0,13962.0,12604,12870,12726,13336,2496,2600.0,1308,1000,1000,50,0,0
312500.0,1,1,1,42,-2,-2,-2,-2,-1,-1,0.0,0,0,0,11361,700,0.0,0,0,11568,700,0,0
337500.0,1,0,2,44,1,-1,-1,-1,-1,-2,0.0,10193,69553,18607,0,0,13250.9,70213,19008,399,0,0,0
37500.0,1,2,1,52,2,2,2,0,0,0,28897.2,29818,28966,26902,25426,26799,8001.5,0,1030,1049,5000,482,1
12500.0,1,3,2,53,0,0,0,0,0,0,10629.6,9548,9540,9735,8070,0,1596.4,1000,195,161,0,0,0
150000.0,2,2,1,39,1,-2,-2,-2,-2,-2,0.0,0,0,0,0,0,0.0,0,0,0,0,0,0
350000.0,1,2,2,44,0,0,0,0,0,0,328381.2,279296,282851,251648,255697,261691,14466.4,11234,11002,10000,10000,10000,0
325000.0,1,2,1,50,-1,-1,-2,-2,-2,-2,4576.8,2688,500,2870,1141,679,3719.3,500,2870,1141,679,0,0
37500.0,1,2,2,28,0,0,2,2,2,-1,23185.2,23985,23321,25809,24985,700,6916.0,0,3316,0,700,0,1
175000.0,1,2,1,46,2,2,2,2,2,2,87910.8,75063,73305,78454,79571,78176,4680.0,0,7000,3000,0,8000,1
450000.0,2,1,2,32,1,-2,-2,-2,-2,-2,0.0,0,0,0,0,0,0.0,0,0,0,0,0,1
475000.0,2,3,1,49,0,0,0,0,-1,-1,8680.8,4772,4519,3818,4096,4058,1950.0,2000,2023,4102,4448,7274,0
12500.0,1,2,2,29,0,0,0,2,0,0,13242.0,12349,13598,9378,4883,5001,1950.0,1528,0,730,199,100,1
37500.0,2,2,1,28,2,2,2,2,2,2,32154.0,29654,28879,30892,30500,0,4290.0,0,2500,0,0,0,0
62500.0,1,2,2,33,0,0,0,0,0,0,3528.0,3989,5116,4425,6353,15829,1430.0,1205,2000,2000,10000,1000,0
375000.0,1,1,1,47,0,0,0,0,0,0,28490.399999999998,29184,27048,24113,21683,12680,13000.0,1976,1200,12689,0,11223,0
87500.0,2,1,1,40,4,4,3,2,0,0,92425.2,73268,70275,46045,42357,41026,0.0,2001,0,1666,1505,2079,0
312500.0,2,1,1,39,0,0,2,0,0,0,169467.6,156858,151841,152803,155997,160220,23392.2,0,5469,5656,6811,3920,0
225000.0,2,1,2,37,-1,-1,2,2,-1,-1,3766.7999999999997,5853,2821,0,2821,0,3667.3,0,0,2821,0,176,0
100000.0,2,1,1,50,0,0,0,0,0,0,92882.4,78997,79821,79308,52172,50266,3770.0,3600,10002,1754,1765,3795,0
462500.0,2,3,1,40,-1,-1,0,-1,0,0,7063.2,4821,6823,26501,32774,32645,10647.0,6000,27011,15004,10000,10000,0
62500.0,2,2,1,42,0,0,0,0,0,0,60796.799999999996,49163,49811,49978,20062,20259,3900.0,2500,2000,1102,2000,2900,0
237500.0,1,2,2,41,0,0,0,0,0,0,185347.19999999998,142409,119290,99767,101761,105150,8028.8,5000,3815,3614,5000,5000,1
325000.0,2,2,1,51,-2,-2,-2,-2,-2,-2,0.0,135,0,0,109,945,175.5,0,0,109,945,9300,0
112500.0,2,2,1,32,2,2,2,0,0,0,102903.59999999999,87510,85188,87112,169533,90316,5200.0,0,4200,3285,7787,4000,1
625000.0,1,2,1,54,-2,-1,0,0,0,0,6188.4,77667,94159,95209,97952,202991,100980.1,20000,3500,4371,107500,0,0
325000.0,1,3,2,36,0,0,0,0,0,0,309504.0,256117,232981,202190,202800,202490,13046.800000000001,8185,6715,7033,6728,6882,0
325000.0,1,1,1,42,-2,-2,-2,-2,-2,-2,6330.0,0,0,2515,0,20532,0.0,0,2715,0,20532,0,0
112500.0,2,3,2,29,-1,-1,-1,-1,-1,-2,714.0,207,18189,557,0,0,269.1,18281,557,0,0,0,1
287500.0,2,1,2,42,-2,-2,-2,-2,-2,-2,2739.6,50815,0,0,299,338,66709.5,0,0,299,338,0,0
75000.0,1,2,2,34,0,0,0,0,0,0,40897.2,23215,30340,28368,28962,26589,2600.0,8565,969,1004,1000,900,0
562500.0,1,1,1,47,-1,2,-1,-1,-1,-2,4279.2,240,1718,2284,0,0,0.0,2000,2300,0,590,0,1
450000.0,2,1,2,44,-1,-1,-2,-2,-1,-1,1284.0,0,0,0,906,0,0.0,0,0,906,0,4341,1
137500.0,2,3,2,56,0,0,0,0,0,0,133506.0,110615,112071,89274,91413,95541,5345.6,4519,4000,4000,6000,4000,0
287500.0,2,1,2,48,0,0,0,0,0,0,47612.4,39261,38228,36542,35989,34347,6500.0,5000,3000,3459,4000,5000,0
425000.0,1,1,1,48,-2,-2,-2,-2,-2,-2,222.0,4418,0,3931,2295,0,5743.400000000001,0,3931,2295,0,2254,0
225000.0,2,2,2,33,1,2,-1,-1,-1,0,8934.0,1706,1600,0,22357,21541,0.0,1600,0,22357,1500,785,1
137500.0,2,1,1,49,0,0,2,2,2,2,104901.59999999999,93862,91505,98566,99700,97833,10270.0,0,8600,3800,0,3700,1
187500.0,2,2,1,46,-1,-1,-2,-1,0,0,1980.0,0,0,6784,6923,14116,0.0,0,6784,159,167,760,0
187500.0,1,2,1,48,0,0,0,0,0,0,146500.8,126042,128706,131333,133974,136907,6500.0,3700,3719,3756,4031,3914,0
287500.0,2,2,2,30,0,0,0,0,0,0,114652.8,95311,94489,93143,87654,90172,5460.0,4500,4114,3500,4000,3000,0
375000.0,2,1,2,36,0,0,0,-1,-1,-1,13389.6,1616,3658,658,662,0,1300.0,2700,658,662,0,0,0
550000.0,1,1,1,36,-1,0,0,0,0,-1,25630.8,18905,16540,13247,7577,1652,6529.900000000001,3024,1043,3037,1660,365,0
137500.0,2,2,1,51,-2,-1,0,0,0,0,1794.0,83590,82293,78622,78430,78120,112277.1,2846,2755,2838,2808,2740,0
262500.0,2,1,2,35,-2,-2,-2,-2,-2,-2,0.0,0,0,0,0,0,0.0,0,0,0,0,0,0
62500.0,2,1,1,40,1,-1,-1,0,0,-2,0.0,354,134,134,0,0,460.2,134,0,0,0,190,0
325000.0,1,3,1,68,0,0,0,0,0,2,313591.2,264126,244115,248831,263528,258973,11915.800000000001,9001,9061,19155,1,9858,0
325000.0,2,1,2,45,-2,-2,-2,-2,-2,-2,0.0,0,0,0,0,0,0.0,0,0,0,0,0,0
287500.0,1,1,2,39,0,-1,0,0,0,0,67738.8,219192,226596,225791,226638,226265,301324.4,11621,9027,9015,9000,9014,0
250000.0,1,1,2,39,1,-2,-2,-2,-2,-2,0.0,0,0,0,0,0,0.0,0,0,0,0,0,0
562500.0,1,1,1,35,0,0,-2,-2,-2,-2,30292.8,0,0,0,0,0,0.0,0,0,0,0,134745,0
250000.0,1,2,1,40,1,-2,-2,-2,-2,-2,0.0,0,0,0,0,0,0.0,0,0,0,0,28027,0
500000.0,1,1,2,39,0,0,0,0,0,0,32294.399999999998,24967,13810,18230,25050,10209,13020.800000000001,6000,10000,10000,5000,4000,0
250000.0,2,1,2,32,1,-2,-2,-2,-1,0,0.0,0,0,0,3012,3021,0.0,0,0,3012,9,363,0
62500.0,2,3,1,48,1,2,2,2,2,0,18256.8,14673,17621,17839,17257,17826,0.0,3200,800,0,1000,3800,0
100000.0,2,2,2,42,-1,2,-1,0,0,0,1341.6,1102,10512,19529,27167,30878,0.0,10512,9529,8167,5000,6220,0
62500.0,2,2,1,45,1,2,2,2,2,0,44949.6,38514,30266,30897,30050,24651,2613.0,0,2000,0,2000,2000,0
450000.0,2,2,2,39,0,0,0,0,0,0,146631.6,109382,109845,105271,96644,94973,6505.2,4031,3082,7018,2755,1813,0
225000.0,1,1,1,49,0,0,0,0,0,0,22675.2,20166,16995,15324,6758,5730,2607.8,6995,282,0,200,0,0
225000.0,1,3,1,59,0,0,0,0,0,0,179637.6,137260,124500,111430,98182,84598,6284.2,4371,3849,3405,2887,2402,1
25000.0,2,2,1,37,0,0,0,0,0,0,18597.6,16409,17291,17588,18034,18658,2080.0,1600,1000,1000,1500,700,0
125000.0,1,2,1,43,0,-1,-1,-1,0,0,1767.6,390,390,1170,780,780,507.0,390,1170,0,0,0,0
25000.0,1,1,2,33,0,0,0,0,0,0,4329.599999999999,7032,14244,14065,16161,11106,6500.0,12500,3000,4000,2000,2000,0
700000.0,2,1,2,37,0,0,0,0,0,0,81838.8,31211,23991,15488,12579,11400,2012.4,1446,14720,427,1000,300,0
212500.0,1,1,1,40,-1,-1,-2,-2,-2,-1,567.6,0,0,0,0,2297,0.0,0,0,0,2400,0,1
87500.0,2,1,2,28,0,0,0,0,0,0,9201.6,8878,10077,11203,11320,11487,1950.0,1500,1600,600,500,600,1
62500.0,1,1,1,33,0,0,-2,-2,-2,-2,5454.0,0,0,0,0,0,0.0,0,0,0,0,0,1
437500.0,2,2,2,36,1,2,0,0,0,0,335720.39999999997,253462,259137,264798,269673,275672,0.0,9754,10000,9396,10083,9439,0
100000.0,2,3,1,49,-1,-1,-1,-2,-2,-2,6876.0,5837,0,0,0,0,7588.1,0,0,0,0,0,0
125000.0,1,2,2,35,0,0,0,0,0,0,99974.4,58651,37913,38582,39408,40593,3770.0,2000,1600,1600,2000,1700,0
62500.0,2,2,2,36,2,2,2,2,2,2,36742.799999999996,31634,32317,32787,33416,34116,2340.0,1500,1300,1300,1400,1500,1
187500.0,1,2,2,31,-2,-2,-2,-2,-2,-2,4352.4,0,0,0,0,0,0.0,0,0,0,0,0,1
25000.0,2,3,2,31,1,2,0,0,0,0,21630.0,17443,18117,17040,17763,17666,0.0,1277,1300,1000,799,2000,0
150000.0,1,1,2,32,0,0,2,0,0,0,91075.2,77931,79384,81367,82321,84336,5070.0,3300,3900,3200,3500,3500,0
25000.0,1,2,2,28,0,0,2,2,4,3,12249.6,14972,17432,19548,18948,18358,6463.6,3000,2700,0,0,1000,1
175000.0,1,2,1,33,0,0,0,0,0,0,132460.8,106389,97978,98857,101264,103524,4847.7,3539,3538,4000,4097,3631,1
162500.0,2,2,1,52,2,2,2,2,2,2,148675.19999999998,120452,129137,129956,130946,130814,0.0,12200,4500,4502,5000,0,1
100000.0,1,2,2,33,0,0,0,0,-2,-2,12812.4,9478,4603,0,0,0,2622.1,1033,0,0,0,1820,0
625000.0,2,2,1,59,-2,-2,-2,-2,-2,-2,13114.8,4152,22722,7521,71439,8981,5397.6,22827,7521,71439,981,51582,0
100000.0,2,2,1,48,0,0,0,0,-2,-2,94048.8,80472,82150,0,0,0,5200.0,4000,0,0,0,0,0
150000.0,2,2,1,46,-1,-1,-1,-1,-1,-1,9452.4,11532,13695,2050,804,0,14991.6,13740,2050,804,0,0,0
62500.0,1,2,2,35,2,2,2,2,2,-2,240.0,200,200,200,0,0,0.0,0,0,0,200,0,1
400000.0,1,2,2,37,1,2,2,2,2,2,137016.0,115491,109226,111673,111053,105999,6515.6,11,7013,4014,57,5031,0
112500.0,2,1,2,30,0,0,0,0,0,0,7308.0,7477,8848,10135,11731,8138,1950.0,1500,1500,2000,1500,1000,0
350000.0,2,1,2,40,0,0,0,0,0,0,253974.0,213513,106539,106361,108590,110915,8378.5,5245,3800,3881,4069,4035,0
150000.0,2,2,2,28,0,0,2,0,0,0,129520.79999999999,123579,118117,77943,78834,76889,24700.0,8,3000,3000,3500,3500,0
375000.0,2,2,2,41,-1,2,2,-1,-1,-1,1249.2,654,0,780,70,430,3.9000000000000004,0,780,150,710,1000,0
750000.0,1,1,1,58,2,2,2,0,0,0,550382.4,467150,458862,469703,447130,440982,22100.0,0,18000,16000,16000,21000,1
62500.0,1,2,2,30,0,0,2,2,-1,-1,56492.4,48872,16012,14228,19546,19473,3640.0,0,1644,63965,705,798,0
212500.0,2,2,2,39,0,0,0,0,0,0,187831.19999999998,160926,162960,165645,168386,129230,9750.0,6116,5600,5000,5000,5000,0
187500.0,1,4,3,32,-1,-1,0,0,-2,-2,4154.4,1147,7002,0,0,0,1491.1000000000001,6000,0,0,0,0,0
525000.0,2,3,2,30,1,2,0,0,0,0,87448.8,71035,57503,56467,53995,55304,0.0,2000,1892,1979,2226,23011,1
62500.0,2,2,2,35,-1,-1,-1,-1,-1,-1,4999.2,2859,1452,1190,543,920,3716.7000000000003,1452,1190,543,920,534,0
25000.0,2,3,1,29,0,0,0,0,0,0,16207.199999999999,14772,16520,17623,15237,13776,1950.0,2000,1500,506,803,1009,0
300000.0,2,1,1,38,-1,-1,-2,-2,-2,-2,2631.6,0,0,0,2500,0,0.0,0,0,2500,0,880,0
62500.0,1,2,3,42,0,0,0,0,0,0,53793.6,43746,43122,43803,41425,42536,2606.5,2056,1737,1501,1797,1680,0
612500.0,1,1,2,38,-1,2,-1,0,0,0,70819.2,16355,24307,21136,24758,21817,0.0,24307,12396,13000,10000,88,0
450000.0,2,3,1,44,-1,-1,-1,-1,-1,-2,5956.8,177,2011,1116,0,0,230.1,2011,1116,0,0,0,0
262500.0,2,3,2,56,2,0,0,0,0,2,51354.0,43787,44826,45544,48497,47591,2609.1,2046,1764,3717,0,1885,1
125000.0,2,1,2,29,0,0,0,0,-1,-1,36110.4,30486,30178,29735,14718,29427,2018.9,5000,87,14761,29514,330,0
37500.0,1,1,2,34,0,0,-2,-1,0,0,33264.0,0,0,22015,22649,24583,0.0,0,22015,1000,2300,1200,0
25000.0,1,3,2,29,1,-2,-2,-2,-2,-2,0.0,0,0,0,0,0,0.0,0,1000,0,1000,0,0
612500.0,2,2,2,39,0,-1,-1,0,0,-1,16746.0,10859,57426,35554,15858,23033,67964.0,57428,1068,3000,23033,20225,0
162500.0,1,2,2,36,0,0,0,0,0,0,6661.2,6953,8176,8884,9737,11404,1950.0,1500,1000,1000,2000,2000,1
62500.0,1,1,1,46,2,0,0,0,0,0,46990.799999999996,40194,41209,42125,43443,44476,2169.7000000000003,1684,1600,2000,1753,1696,1
337500.0,1,1,2,36,0,0,0,0,0,0,11431.199999999999,10418,6436,7196,7137,5587,1450.8,1500,2000,1000,194,1005,0
350000.0,2,2,1,43,0,0,0,0,0,0,285385.2,223180,237301,201226,207802,219281,14300.0,20000,10000,10000,15000,10000,0
350000.0,2,2,2,30,1,2,-1,-1,-1,-1,8056.799999999999,4526,3868,389,389,384,28.6,4277,390,390,385,166196,0
112500.0,1,2,1,41,0,0,0,0,0,0,9302.4,9112,10306,11328,12036,14329,1950.0,1500,1500,1200,2500,0,1
575000.0,2,2,1,33,0,0,0,-1,-1,-1,30644.399999999998,23314,16098,3316,3316,3316,1735.5,10000,3316,3316,3316,3316,0
100000.0,1,1,2,30,0,0,0,0,0,0,81301.2,68484,54926,55241,56560,57881,3250.0,3000,2000,2000,2000,3000,0
25000.0,2,2,2,28,0,0,0,0,2,0,16629.6,15121,16472,18087,17499,17868,1950.0,1600,2200,0,650,1450,0
87500.0,1,3,1,55,2,2,2,2,2,2,49304.4,42109,43135,43924,44700,45634,2600.0,2000,1800,1800,1800,1700,1
100000.0,2,3,1,32,0,0,0,0,0,0,28803.6,21887,14799,6402,4950,4661,3936.4,1241,3010,2025,3500,26028,1
25000.0,1,2,1,69,-1,-1,-1,-1,-1,-1,633.6,0,264,264,255,678,0.0,264,264,255,687,0,1
62500.0,2,2,1,39,0,0,0,0,0,0,59928.0,50761,49009,14275,17251,15077,2766.4,1344,505,5585,556,563,0
437500.0,1,3,1,42,0,0,0,0,0,0,84308.4,73151,47298,25692,24542,23697,26001.3,5045,3000,2005,3001,4,0
425000.0,2,2,2,44,0,0,0,0,0,0,79947.59999999999,61474,57160,58794,61231,62516,3250.0,2500,2500,3300,2200,3000,0
62500.0,1,2,1,56,0,0,0,2,2,6,13899.6,16051,25725,25017,34385,33248,6500.0,10000,0,10000,0,10000,1
225000.0,2,2,1,44,1,-2,-2,-2,-2,-2,0.0,0,0,0,0,0,0.0,0,0,0,0,0,1
337500.0,2,1,2,31,0,0,0,0,0,0,161082.0,62483,62134,61797,57312,57582,7800.0,2500,3000,7475,3000,2500,0
200000.0,2,1,2,37,-2,-2,-2,-2,-2,-2,8302.8,2384,3642,9889,4473,5375,3105.7000000000003,3642,9889,4473,5591,4951,0
312500.0,2,2,1,34,-1,-1,-1,0,0,0,468.0,0,49140,32699,32949,34150,0.0,49140,1596,5000,2000,1800,1
100000.0,1,2,1,45,0,0,0,0,0,0,85893.59999999999,71896,73744,73572,73025,73087,3909.1,5012,3119,3007,3110,3101,0
625000.0,1,2,2,35,0,0,0,0,0,0,162760.8,135796,133712,136069,67837,69514,6544.2,6000,5355,3500,2513,5000,0
125000.0,2,2,1,45,0,0,0,0,0,0,32042.399999999998,26616,26704,27640,30035,33697,2610.4,2000,2000,3000,5000,3000,0
62500.0,1,2,2,31,0,0,0,0,0,0,54303.6,44840,45880,46893,47827,48829,2241.2000000000003,1764,1777,1711,1772,2043,0
625000.0,1,1,1,45,0,0,-2,-2,-2,-2,21732.0,0,0,0,0,0,0.0,0,0,0,0,0,0
500000.0,2,2,2,32,1,-2,-1,-1,-2,-1,0.0,0,890,0,0,1180,0.0,890,0,0,1180,1470,0
100000.0,1,2,2,35,-1,-1,-1,-1,-1,-2,3225.6,2208,0,1000,0,0,2870.4,0,1000,0,0,0,1
62500.0,1,2,2,59,2,0,0,0,0,0,55717.2,47028,48063,48667,17875,17699,2282.8,2181,2175,773,638,694,0
137500.0,2,2,1,51,0,0,0,0,0,0,133140.0,111750,111227,110849,110575,110394,5314.400000000001,3912,3888,3975,4162,3945,1
287500.0,1,2,2,33,-2,-2,-2,-2,-2,-2,0.0,0,0,0,7723,0,0.0,0,0,7796,0,0,0
25000.0,1,1,1,59,0,0,0,0,0,0,12741.6,12135,16878,19624,20036,18309,2600.0,5000,3000,689,1000,2000,0
137500.0,1,2,1,56,0,0,0,0,0,0,64861.2,55126,57239,104353,48308,49693,2563.6,3000,49000,1569,2000,2000,1
62500.0,2,2,1,28,0,0,0,0,0,0,40455.6,34437,28709,28386,28361,28449,6515.6,3000,3548,2500,2000,2000,0
75000.0,1,3,2,34,0,0,0,0,0,0,5413.2,5529,6544,7093,7973,9038,1424.8,1111,660,1000,1200,0,1
75000.0,2,3,1,41,1,2,2,2,0,0,68742.0,61118,61947,60353,4980,2160,6936.8,2550,16,0,0,0,1
75000.0,2,3,1,48,0,0,0,0,0,0,59208.0,49116,48220,39595,29899,28722,5941.0,5348,4035,8804,3000,3000,0
75000.0,1,2,2,45,3,3,5,4,3,2,11692.8,10940,10630,10320,9865,10055,1950.0,0,0,0,500,0,0
312500.0,2,2,2,36,1,2,0,0,0,0,71853.59999999999,58348,59530,60668,59786,130890,0.0,2150,2116,65,72460,5000,1
75000.0,1,1,1,42,0,0,0,0,0,0,69582.0,59312,27420,27965,28552,29276,3315.0,1500,1001,1038,1200,1233,0
225000.0,2,1,2,42,0,0,0,0,0,0,41528.4,43623,46667,31931,33928,35235,13000.0,5000,15000,5000,2000,5000,0
375000.0,2,1,2,36,0,0,0,-1,-1,0,41418.0,60700,33843,5045,10288,12565,39000.0,5000,5045,10288,5000,5000,1
200000.0,2,2,1,68,1,-2,-1,-1,-1,-1,0.0,0,2647,1210,0,1886,0.0,2649,1210,0,1886,491,0
162500.0,2,2,2,34,0,0,0,2,0,0,103900.8,88345,94597,92077,93272,96298,5330.0,8600,0,3500,7100,3600,0
25000.0,1,2,2,30,1,2,2,2,2,0,23090.399999999998,20339,19707,20899,20450,20197,2210.0,0,1800,0,1000,900,0
25000.0,2,2,1,47,1,2,2,2,0,0,10074.0,8114,10293,9979,10329,10391,0.0,2479,0,515,377,617,0
25000.0,2,2,2,29,1,2,2,2,2,-2,5636.4,3800,5989,5761,0,0,0.0,2266,38,0,0,0,1
200000.0,2,1,2,33,-2,-2,-2,-2,-2,-2,379.2,1599,2328,1798,1000,1442,2102.1,2378,1798,1000,1442,0,0
450000.0,1,1,2,43,-2,-2,-2,-2,-2,-2,0.0,0,0,0,0,0,0.0,0,0,0,0,0,1
412500.0,1,2,2,38,0,0,0,0,0,0,61198.799999999996,50055,47398,40334,34443,33898,2600.0,2007,2000,2000,2000,2000,0
175000.0,2,2,1,33,0,0,0,0,0,0,119155.2,89391,79173,43370,28850,17896,4166.5,2894,2000,1500,1000,2000,0
12500.0,1,2,2,31,0,0,0,0,0,0,11833.199999999999,15147,6641,15318,8610,8790,1428.7,2234,1135,1086,319,319,0
25000.0,1,2,2,30,-1,-1,-1,-1,-1,0,468.0,390,390,390,390,780,507.0,390,390,390,390,0,0
187500.0,2,2,1,37,-1,2,-1,0,0,0,3844.7999999999997,430,29425,30437,31123,28997,0.0,29425,2000,1528,1518,2000,0
37500.0,2,2,2,38,1,2,0,0,0,0,37306.799999999996,10989,11997,12397,13043,13325,0.0,1200,600,1000,650,650,0
87500.0,2,2,1,58,0,0,-1,-1,-2,-2,29574.0,0,14000,0,0,0,0.0,14000,0,0,0,0,0
200000.0,2,3,1,49,2,2,-2,-2,-2,-2,1800.0,0,0,0,0,0,0.0,0,0,0,0,0,1
300000.0,2,1,1,49,-2,-2,-2,-2,-2,-2,3325.2,4756,3496,4708,1522,2407,6182.8,3496,4708,1522,2407,1576,0
162500.0,2,1,2,37,0,0,0,0,0,2,158526.0,130973,97006,60608,62065,60842,10400.0,4559,5000,5000,0,6000,0
200000.0,2,1,1,39,-1,-1,-1,-1,-1,-1,516.0,430,430,850,3350,4874,559.0,430,850,3350,4874,9858,0
212500.0,1,1,2,32,2,0,0,0,2,2,56278.799999999996,45809,44572,43211,41394,37958,3551.6,2578,2300,2000,1200,0,0
100000.0,2,2,1,44,0,0,0,0,0,0,61972.799999999996,53177,52446,49999,41411,42328,3900.0,2037,2000,1499,2000,1623,0
212500.0,2,2,1,44,0,0,-1,0,0,0,121018.79999999999,100000,10274,16446,16578,20487,2600.0,10274,6446,332,10487,5000,0
62500.0,1,3,1,56,-1,-1,-1,-1,-1,0,20943.6,7802,22214,4985,6551,7117,10839.4,22232,4985,6551,5000,5000,0
125000.0,1,1,1,47,2,0,0,0,0,0,115111.2,98437,98480,63372,39138,39857,6500.0,3100,2000,1600,1500,2000,0
287500.0,2,2,2,33,0,0,0,0,0,0,77990.4,56763,58020,59580,59224,61867,3250.0,2500,3000,2000,4000,2000,0
100000.0,1,2,2,31,0,0,0,0,0,0,96279.59999999999,79849,77796,30300,29922,29120,5200.0,2300,1300,1300,1500,1500,0
62500.0,2,2,1,32,0,0,-1,-1,-1,-1,8926.8,8280,3403,1999,500,0,1336.4,3423,2005,501,0,0,1
387500.0,2,3,2,43,-2,-2,-2,-1,0,0,0.0,8198,342,41726,15051,8663,10710.7,344,41884,5025,40,3,0
412500.0,2,2,1,50,0,0,0,0,0,0,148575.6,127050,135631,138036,141330,144529,6630.0,10600,5000,5000,5000,5000,0
150000.0,2,3,1,68,0,0,0,0,0,0,59272.799999999996,51261,51333,51174,44680,43760,3900.0,2000,2000,2000,2000,2000,0
250000.0,1,2,2,32,0,-1,-1,-1,-2,-2,9520.8,16140,9043,0,0,0,20982.0,1000,0,0,0,0,0
175000.0,1,1,1,45,2,0,0,2,2,2,164142.0,137175,140773,133147,140350,136475,6566.3,12602,0,12000,0,5000,1
62500.0,2,5,1,33,0,0,0,0,0,-2,10816.8,9608,12025,16025,0,0,3900.0,3000,4000,0,0,0,0
25000.0,2,2,1,56,-1,-1,-2,-2,-2,-2,12480.0,0,0,0,0,0,0.0,0,2000,0,0,0,0
25000.0,1,1,1,44,-1,-1,-1,-1,-1,-1,753.6,662,596,630,664,598,910.0,600,700,700,600,1400,0
487500.0,1,2,1,53,0,0,0,0,0,0,39249.6,34849,34370,4968,5595,5318,3900.0,1500,1000,1004,2003,5407,0
362500.0,2,1,2,29,1,-2,-2,-1,0,-1,0.0,0,0,2700,1350,1350,0.0,0,2700,0,1350,8334,0
212500.0,1,3,1,47,0,0,0,0,0,0,230238.0,186841,183151,170838,80934,80821,9204.0,8271,5159,2700,2619,3500,0
225000.0,1,1,2,32,2,0,0,2,0,0,12084.0,11392,14688,14040,13440,13440,1950.0,3500,0,0,0,0,0
300000.0,1,3,2,41,0,0,0,0,0,0,162063.6,141213,116710,93057,55419,59336,13000.0,10000,10000,5000,5000,5000,0
237500.0,2,1,2,32,0,0,0,0,0,0,87187.2,38054,39410,38288,39276,36885,2600.0,2000,1500,1500,1300,1302,1
100000.0,2,2,1,46,0,0,0,2,0,0,94176.0,77063,76720,74651,57109,46703,4030.0,6300,0,1743,1588,1628,1
125000.0,2,3,1,35,1,2,2,0,0,0,56170.799999999996,47121,45239,44712,43654,44678,2600.0,0,1900,1600,3200,0,0
437500.0,2,3,1,38,-1,0,-1,-1,-1,-1,74324.4,65343,1355,7069,0,180,6945.900000000001,1359,14615,0,180,1340,0
187500.0,2,1,2,32,-2,-2,-2,-2,-2,-2,42825.6,14736,36490,3125,7603,2995,19266.0,36672,3232,7641,3010,982,0
500000.0,1,2,2,32,0,0,0,0,0,0,18396.0,8626,11470,10745,20737,9545,3251.3,10009,1437,1105,510,959,0
37500.0,2,2,1,38,-1,-1,-1,-1,-1,-1,468.0,390,390,390,390,0,507.0,390,390,390,0,780,0
250000.0,2,2,1,34,0,0,0,0,0,-2,245449.19999999998,170572,80620,82300,0,0,9341.800000000001,3900,3900,0,0,0,0
62500.0,2,2,1,51,0,0,0,-2,-2,-2,34461.6,29166,0,0,0,0,1300.0,0,0,0,0,0,1
37500.0,1,2,1,44,1,2,0,0,0,0,36670.799999999996,26457,27469,28013,28614,29636,167.70000000000002,1456,1000,1050,1500,1505,0
525000.0,1,1,2,44,0,0,0,0,0,0,484262.39999999997,390237,368259,344875,338552,345971,17813.9,15581,13000,12000,13000,12013,0
137500.0,2,1,2,36,1,-2,-2,-2,-2,-2,0.0,0,0,0,0,0,0.0,0,0,0,0,0,0
500000.0,1,1,2,32,0,0,-1,-1,0,-1,4030.7999999999997,6790,7010,4111,24808,1839,7844.2,7060,4113,24838,1848,6546,0
587500.0,2,1,1,42,-2,-2,-2,-2,-2,-1,0.0,0,0,0,0,924,0.0,0,0,0,924,32673,0
37500.0,2,2,1,39,2,2,2,2,0,0,38095.2,32743,32931,30727,29679,30088,2340.0,1100,0,1000,2327,0,1
275000.0,2,2,2,32,-1,-1,-1,-1,0,-1,1261.2,735,419,1470,1154,735,955.5,419,1470,0,735,2205,1
62500.0,2,3,1,40,1,-2,-2,-2,-2,-2,0.0,0,0,0,0,0,0.0,0,0,0,0,0,0
125000.0,1,2,2,35,2,4,4,4,3,2,107877.59999999999,92422,95979,93580,91181,93563,6370.0,5900,0,0,4000,3200,1
25000.0,2,1,2,29,0,0,0,0,0,0,28975.2,25374,19075,18907,18507,20046,2631.2000000000003,2000,1005,1188,2002,1015,0
100000.0,2,3,2,31,1,-2,-2,-2,-2,-2,0.0,0,0,0,0,0,0.0,0,0,0,0,0,1
437500.0,2,2,2,39,1,-1,2,-1,0,-1,0.0,630,630,15722,2003,7264,845.0,0,15788,10,7299,13980,0
25000.0,1,2,2,32,1,-2,-2,-2,-2,-2,0.0,0,0,0,0,0,0.0,0,0,0,0,0,1
450000.0,1,1,2,34,0,0,0,-2,-1,-1,275913.6,32890,0,0,2150,0,6376.5,0,0,2160,0,0,0
62500.0,2,1,2,27,0,0,0,0,0,0,58903.2,48614,44211,27415,26630,8551,2661.1,1539,633,634,433,25586,0
262500.0,2,1,1,45,1,2,2,2,0,0,79962.0,56729,73783,58144,27617,14695,0.0,20012,24,33,0,223,0
262500.0,1,1,2,36,0,0,0,0,0,0,43250.4,37141,38179,39243,39740,40574,2600.0,1936,2000,1450,1472,3500,0
187500.0,2,4,1,31,1,-2,-2,-2,-1,-1,0.0,0,0,0,741,0,0.0,0,0,741,0,1669,0
200000.0,2,1,1,43,-1,-1,-1,-1,2,-1,5367.599999999999,4664,5969,18941,16578,12652,6063.2,5969,18941,0,12652,1916,0
225000.0,2,2,2,29,1,2,2,2,2,2,130296.0,105403,112073,111345,98404,102460,0.0,8564,4000,0,7414,0,1
37500.0,2,3,1,42,1,2,2,2,0,0,34033.2,27227,29346,23548,11790,7276,0.0,3313,108,299,325,0,0
500000.0,2,1,2,31,-1,0,0,0,0,0,3445.2,6260,6651,6542,7093,9134,5220.8,4020,4066,4009,4021,3507,0
212500.0,2,2,1,36,0,0,0,0,0,0,122972.4,104499,106657,108804,109584,111881,6773.0,5323,5402,4071,4215,4081,0
400000.0,1,1,2,60,2,2,2,2,0,0,240654.0,205973,211323,202240,122963,125465,12480.0,9500,0,4253,4332,4300,1
625000.0,2,1,2,42,-1,-1,-1,-1,0,0,5001.599999999999,19169,22893,52002,16521,0,24919.7,22893,53198,0,0,12000,0
62500.0,2,2,2,29,0,0,0,0,2,0,52352.4,39981,40205,43024,39908,40731,3900.0,2001,3520,0,2000,2000,0
125000.0,1,2,2,33,-1,-1,-1,-1,-1,-1,1130.3999999999999,390,390,390,0,780,507.0,390,390,0,780,0,0
150000.0,2,1,2,31,0,0,0,0,0,0,133120.8,99271,90066,80165,78108,77588,5761.6,2988,4492,2797,2991,2900,0
187500.0,2,2,1,43,0,0,0,0,0,0,179948.4,152224,152208,116763,72325,73273,7800.0,5440,4000,3000,3000,3000,0
325000.0,1,2,2,42,-1,-1,-1,-1,-1,-2,3600.0,150,0,300,0,0,195.0,0,1000,0,0,0,0
625000.0,2,1,2,52,-2,-2,-2,-2,-2,-2,0.0,3270,30760,143791,0,0,4251.0,30760,143791,0,0,0,0
25000.0,2,2,2,37,-1,-1,-1,-1,-1,0,11715.6,925,4033,897,2147,1359,1202.5,4033,1136,2147,407,700,0
150000.0,2,2,1,39,2,2,2,2,2,2,76966.8,65430,63937,67290,68565,69784,3770.0,150,5000,2500,2500,3000,1
725000.0,2,2,2,38,0,0,0,0,-1,-1,22574.399999999998,15408,20629,10682,6788,10413,2600.0,10053,8017,6788,10413,10519,0
112500.0,1,2,1,42,2,-1,-1,0,0,0,141351.6,93777,87401,38144,39177,36687,8751.6,92113,1317,1598,1461,1354,0
75000.0,2,3,1,68,0,0,0,0,0,0,67542.0,56894,57006,28198,23888,24083,6500.0,2156,3017,2009,3000,3000,0
262500.0,2,2,1,38,0,0,0,0,0,0,247690.8,198390,200035,96882,99087,101427,11109.800000000001,7542,11538,3735,4129,2821,0
250000.0,1,1,1,57,-1,-1,-1,-1,-1,-1,2811.6,3943,1443,1443,1443,1443,5125.900000000001,1443,1443,1443,1443,1443,0
62500.0,2,1,1,39,0,0,0,-1,0,0,33559.2,28539,11597,6611,7349,7570,1647.1000000000001,1553,7511,1000,343,1000,0
87500.0,2,2,1,45,-1,-1,2,-1,-1,-1,468.0,780,390,390,780,0,1014.0,0,390,780,0,0,0
325000.0,2,1,1,40,0,0,0,0,0,0,107304.0,86716,82868,80715,76377,44627,4651.400000000001,2400,2000,2000,1464,1188,0
200000.0,2,2,1,48,-1,-1,-1,-1,-1,-1,6740.4,267,509,15695,515,515,347.1,509,15695,515,515,515,0
87500.0,2,2,2,41,-1,2,2,2,2,2,1387.2,2254,2044,4152,3023,4014,2657.2000000000003,0,4000,0,2000,0,1
125000.0,2,2,1,55,2,2,2,2,2,2,52893.6,45077,47837,48678,48420,48888,2600.0,3841,1900,1900,1800,2000,1
637500.0,2,1,2,34,0,0,0,0,0,0,93997.2,99414,107686,103776,87265,36739,52013.0,20094,5000,5001,25365,65000,0
12500.0,2,2,2,27,1,-2,-2,-2,-2,-2,0.0,0,0,0,0,0,0.0,0,0,400,0,0,0
500000.0,1,1,1,39,-2,-2,-2,-2,-2,-2,0.0,0,0,0,0,0,0.0,0,0,0,0,0,0
262500.0,2,2,1,48,0,0,0,0,0,0,109382.4,92917,90651,85295,80416,76946,4352.400000000001,3381,3400,2684,2744,2892,0
150000.0,2,2,2,30,2,3,3,3,4,4,113562.0,97592,100536,103478,104886,107220,7020.0,5400,5500,4600,4600,5200,0
312500.0,1,1,1,56,3,2,2,2,2,2,2984.4,2487,2487,2487,2487,2487,0.0,0,0,0,0,0,1
62500.0,1,2,2,29,0,0,0,0,0,0,13000.8,11771,12762,12769,13512,14772,1961.7,1500,605,1500,1500,3000,0
162500.0,1,2,1,38,0,0,0,0,0,0,47101.2,40772,40437,9919,10295,7964,3250.0,3200,1200,500,447,1000,0
12500.0,1,2,2,45,0,0,0,0,0,0,11578.8,10084,9421,9997,9799,10163,1950.0,1200,1137,329,500,251,1
212500.0,2,2,2,33,0,-1,0,0,0,0,37032.0,167941,171459,173310,240738,135722,396259.5,8000,8127,4810,5000,5400,0
75000.0,1,2,2,32,1,2,0,0,2,2,52027.2,42381,46663,49877,50734,49764,0.0,5000,4000,1800,0,2000,1
575000.0,2,2,1,44,-1,-1,-1,2,0,-1,19140.0,13101,22551,21851,22214,80132,17031.3,10000,0,10000,80132,4882,0
62500.0,1,1,2,45,1,2,0,0,0,0,30800.399999999998,26441,27213,28521,28458,29053,1950.0,1500,1771,1500,1053,1093,0
100000.0,1,3,2,49,2,0,0,0,-2,-2,94740.0,79788,70319,0,0,0,3659.5,1858,0,0,0,0,1
237500.0,1,1,1,59,0,0,0,0,0,0,246988.8,201269,197129,192803,161324,156576,9300.2,7385,7520,5593,6000,5516,0
625000.0,2,2,1,52,-1,-1,-1,-1,-1,-1,475.2,396,396,396,396,396,514.8000000000001,396,396,396,396,396,1
125000.0,2,2,2,46,0,0,0,0,0,0,117690.0,96813,85590,79747,70468,63235,4680.0,3289,2632,2449,2300,2539,0
350000.0,2,2,1,48,1,-1,-1,-1,-1,-1,0.0,4051,1196,19875,599,850,5266.3,1245,19875,599,850,185,1
87500.0,2,2,1,37,0,0,0,0,0,0,69060.0,22049,17349,14654,23808,24852,3900.0,2000,4000,10000,2000,1400,0
37500.0,2,2,2,44,0,0,0,2,0,0,33772.799999999996,27470,30698,28981,27673,27826,2600.0,4000,0,1000,1000,0,0
187500.0,2,2,2,30,-2,-2,-2,-2,-2,-2,0.0,0,0,0,7962,0,0.0,0,0,7981,0,12220,0
450000.0,2,1,1,42,-1,2,2,-2,-2,-2,1926.0,1448,0,0,0,0,18.2,0,0,0,0,0,0
75000.0,2,2,1,34,0,0,0,0,0,0,39776.4,54511,56167,28609,27660,27059,31864.3,6000,17000,1984,1100,1600,0
362500.0,2,1,1,40,1,-2,-2,-2,-2,-2,0.0,0,0,0,0,0,0.0,0,0,0,0,0,0
12500.0,1,1,2,30,0,0,0,0,0,0,11401.199999999999,5794,7109,9082,7165,6951,1690.0,2000,3000,234,284,1149,0
37500.0,2,2,1,29,1,2,2,2,2,2,35584.799999999996,28570,31085,29945,30373,29476,0.0,3300,0,2158,0,1100,0
25000.0,2,2,2,30,2,0,0,0,0,-2,22435.2,20086,20285,16530,0,0,2216.5,1418,2011,0,0,0,1
87500.0,1,2,2,30,0,0,0,0,0,0,27621.6,24044,25059,25559,26094,26612,1820.0,1415,915,947,952,986,0
37500.0,2,3,1,47,1,2,0,0,0,0,36728.4,29849,30653,28410,29068,30383,13.0,2000,2000,2000,2000,3000,0
100000.0,2,1,2,31,0,0,0,0,0,0,75043.2,61478,55760,15029,13809,13597,3900.0,2000,5000,3000,1000,44000,0
62500.0,1,3,2,46,0,0,0,0,0,0,18602.399999999998,14446,10339,10766,10945,11214,1950.0,1500,600,500,600,500,0
325000.0,1,2,1,51,2,2,2,2,2,2,99219.59999999999,84424,86472,87157,88526,90355,5200.0,4300,3000,3700,3400,3600,1
187500.0,1,1,1,38,1,-2,-2,-2,-2,-2,0.0,0,0,0,0,0,0.0,0,0,0,0,0,0
37500.0,1,2,2,41,0,0,0,0,0,0,43348.799999999996,35538,34359,32450,30633,30628,3250.0,2215,1156,1200,3000,3000,1
237500.0,1,1,1,49,-1,-1,2,2,-2,-2,277.2,3421,3190,0,0,0,4147.0,0,0,0,0,0,0
150000.0,2,3,1,43,0,0,0,0,0,0,141285.6,120127,119719,118042,120682,120491,7566.0,5670,4250,4450,4470,4150,0
250000.0,1,2,1,50,0,0,0,0,0,0,237120.0,200378,162374,154234,143953,147834,13344.5,6061,7048,5016,10294,5136,0
25000.0,1,3,1,52,0,0,0,0,0,0,19215.6,14334,9086,5096,5096,5200,1844.7,1270,1200,0,104,0,0
437500.0,1,1,1,44,-2,-2,-2,-2,-2,-2,4737.599999999999,4368,5339,0,0,0,2839.2000000000003,10678,0,0,0,0,0
37500.0,1,2,2,44,2,3,2,2,2,3,32400.0,26286,26556,26818,29425,28662,0.0,1000,1000,3200,0,0,0
100000.0,2,1,2,29,-1,-1,-1,-1,-1,-1,468.0,1063,390,741,390,765,1381.9,390,741,390,765,390,0
87500.0,1,2,2,46,2,2,2,3,3,2,41701.2,37683,40265,42306,41352,44342,4550.0,3500,3000,0,4000,2000,1
625000.0,2,2,1,38,0,0,0,0,0,0,317374.8,275025,285034,290002,295756,302149,19500.0,14500,10370,11000,11000,13000,0
175000.0,2,2,2,38,-1,-1,-1,-1,-1,-1,379.2,316,13816,316,316,316,410.8,13816,316,316,316,316,0
525000.0,2,1,2,34,-2,-2,-1,0,0,0,470.4,396,47581,48070,47523,45834,520.0,47581,1715,1700,1850,2000,0
250000.0,2,1,2,32,0,0,-2,-2,-2,-2,29562.0,0,0,0,0,0,0.0,0,0,0,0,0,0
500000.0,2,1,2,35,-1,-1,-1,-1,-1,-1,2302.7999999999997,7381,2691,1781,7123,1470,9605.7,2691,1781,7123,1470,37546,0
275000.0,1,2,2,34,0,0,0,0,0,0,268527.6,223304,221631,182629,165314,161971,10908.300000000001,9000,6901,6000,6000,6435,0
237500.0,1,1,2,30,0,0,2,0,0,0,3807.6,5270,5040,6050,6447,7339,3019.9,0,1103,500,1000,400,0
500000.0,1,1,2,34,0,-1,-1,-1,0,0,37617.6,27887,38915,29926,24383,45588,36532.6,39186,30153,12029,38220,6004,0
225000.0,1,1,1,42,0,0,0,0,0,0,146092.8,121125,122498,123916,125661,127458,5727.8,4397,4405,4711,5040,4571,0
225000.0,2,1,2,37,0,-1,0,0,0,-1,76809.59999999999,3414,3844,5344,4000,10395,4438.2,1500,1500,0,10395,3600,0
225000.0,2,1,1,56,-1,-1,-1,-1,-1,-1,615.6,396,396,396,396,396,514.8000000000001,396,396,396,396,792,0
387500.0,2,1,2,34,-2,-2,-2,-2,-2,-2,1171.2,0,0,0,1440,3079,0.0,0,0,1447,3094,0,0
450000.0,1,1,2,35,-1,-1,-1,-1,-1,-1,374.4,312,312,312,251,0,406.90000000000003,313,313,252,1,95971,1
525000.0,2,2,2,30,-1,2,0,0,0,-2,3364.7999999999997,2615,3392,4392,0,0,0.0,1000,1000,0,0,20500,0
362500.0,2,2,1,37,0,0,0,0,0,0,91659.59999999999,78200,79726,80890,81615,75661,4420.0,3700,3600,3000,3000,3000,0
525000.0,1,1,1,56,0,-1,-1,-1,0,0,69378.0,1000,0,287921,291770,299232,1300.0,0,288921,10000,21100,0,0
225000.0,2,1,1,40,0,0,0,0,0,0,82185.59999999999,47603,48705,50140,60607,67976,4683.900000000001,5705,3003,10607,7976,5412,0
62500.0,1,2,2,32,0,0,0,-2,-2,-2,31656.0,26439,0,0,0,0,1300.0,0,0,0,0,0,0
62500.0,1,3,1,53,0,0,0,0,0,0,12504.0,8451,9641,9468,9294,9263,1703.0,1500,500,500,500,200,0
162500.0,2,3,2,32,0,0,0,0,0,0,149722.8,127966,119008,46659,47588,47698,7020.0,3941,1742,1671,1712,1730,0
62500.0,2,2,1,50,0,0,0,0,0,0,48780.0,42718,45047,45632,46535,47351,3705.0,3160,1740,1748,1650,3530,0
375000.0,2,2,1,38,-1,-1,-1,-1,0,-1,1795.2,1496,1496,2490,1996,1494,1950.0,1500,2494,1006,1498,2003,0
387500.0,2,2,1,39,0,0,-1,-1,-1,-1,4983.599999999999,2199,5565,4050,4922,15362,1302.6000000000001,5565,4050,4922,15362,12000,0
37500.0,2,2,2,55,0,0,0,0,0,0,12889.199999999999,12057,12778,14090,14063,14357,1947.4,1219,1531,504,521,523,0
487500.0,2,1,2,46,-2,-2,-2,-2,-2,-2,0.0,0,0,0,0,0,0.0,0,0,0,0,13,1
300000.0,1,2,1,59,0,0,2,0,0,0,19362.0,249258,243589,204754,201426,198736,304200.0,30,7046,7023,10005,8014,0
250000.0,2,2,1,46,-2,-2,-2,-1,0,0,0.0,0,909,2004,2008,0,0.0,1692,2004,4,54,0,0
237500.0,2,2,1,45,0,0,0,0,0,0,148898.4,125032,129167,130331,132958,135814,5850.0,6147,4800,4800,5000,10600,0
75000.0,1,2,1,34,0,0,0,0,0,0,70360.8,59541,58604,59427,38472,39528,3900.0,31404,3000,2000,2000,2000,0
37500.0,2,3,2,54,0,0,2,0,0,0,33405.6,30715,29322,28015,28610,28884,4329.0,0,1148,1195,910,1000,0
162500.0,2,1,2,33,-1,-1,-1,-1,-1,-1,3523.2,1688,5890,1113,1283,3000,3203.2000000000003,5890,1113,1283,3000,883,0
37500.0,2,1,1,50,2,0,0,0,0,0,31386.0,27196,28445,26766,27152,28355,1926.6000000000001,1731,1742,1128,1800,1200,1
125000.0,2,3,2,51,0,0,0,0,0,0,113588.4,81175,63464,45910,46996,42935,3900.0,2009,3000,2000,2000,1701,0
412500.0,2,2,1,35,0,0,0,0,0,-1,186342.0,156122,11733,9620,0,4520,13000.0,10000,2000,0,4520,2500,0
200000.0,2,2,2,42,2,2,2,2,2,2,176799.6,143786,151842,147962,156921,159416,260.0,12000,0,11500,5811,0,1
212500.0,1,2,2,36,0,-1,0,0,0,0,206414.4,167929,116189,192082,120077,92593,218424.7,5000,6000,7125,5000,4500,0
625000.0,1,2,1,63,-1,-1,-1,-1,-1,-1,4921.2,11076,3834,0,6276,16871,14501.5,4024,754,7030,17050,6063,0
100000.0,1,2,1,30,1,2,2,0,0,0,97087.2,82789,80903,80215,63296,49854,4940.0,6,3636,2646,2000,1830,0
487500.0,2,2,1,48,2,2,2,0,0,0,94389.59999999999,60152,40238,41366,37788,19025,5868.2,0,1528,0,1000,3574,1
187500.0,2,3,1,39,0,0,0,-1,-1,-1,33852.0,19130,10000,8000,0,10000,1469.0,1000,8000,2000,10000,0,0
375000.0,2,2,1,48,-2,-2,-2,-2,-2,-2,7166.4,1854,2105,835,1761,2849,2414.1,2109,835,1761,2853,6282,0
37500.0,1,2,1,44,2,2,2,2,2,0,16665.6,16652,16087,17317,16900,17465,3900.0,0,1500,0,1000,3500,1
100000.0,1,2,2,35,2,2,2,2,2,2,80394.0,67794,69607,70864,71902,73407,3250.0,3500,3000,2800,2800,0,1
37500.0,2,3,1,44,0,0,0,2,0,0,25407.6,22513,23826,20613,21269,22761,2600.0,2000,1000,1000,2000,2000,1
525000.0,2,3,1,49,1,-1,0,0,0,-1,0.0,5526,7248,7303,0,932,7183.8,2000,2002,0,932,1861,0
212500.0,1,2,2,38,-1,-1,-1,-1,-1,-1,2596.7999999999997,165,165,0,4841,95,214.5,165,0,4841,95,531,0
450000.0,1,1,2,31,0,0,-1,-1,-1,-1,8552.4,6872,3381,1151,1155,381,1344.2,3397,1156,1160,382,1902,0
175000.0,2,1,2,34,-1,-1,-2,-1,-1,-1,5856.0,0,0,6560,3617,0,0.0,0,6560,3617,0,2770,1
337500.0,2,1,1,50,-2,-2,-2,-2,-2,-2,0.0,0,0,0,0,0,0.0,0,0,0,0,0,1
225000.0,2,1,2,34,-1,0,0,0,2,0,12318.0,11288,13093,14874,14339,19068,1560.0,2000,2000,0,5000,5000,0
262500.0,2,1,1,37,-1,-1,-1,-1,-1,-1,10320.0,0,4231,4221,4221,4483,0.0,4231,4221,4221,4483,4300,0
62500.0,2,3,2,33,1,3,3,2,2,2,48632.4,42066,41126,40165,42683,43843,3250.0,0,0,3200,2000,1700,0
37500.0,1,2,2,34,1,3,2,0,0,0,38383.2,31189,29634,28174,27307,24449,0.0,4,1020,1110,989,982,0
100000.0,2,1,2,37,0,0,0,0,0,0,84195.59999999999,72984,74807,76363,78091,79829,5200.0,3000,2800,3000,3000,3000,0
62500.0,1,2,1,51,0,0,0,0,0,0,52462.799999999996,44290,41245,42081,20328,20391,2210.0,1924,2015,1000,663,10000,0
137500.0,2,2,1,53,1,-2,-2,-2,-2,-2,0.0,0,0,0,0,0,0.0,0,0,0,0,0,0
175000.0,2,1,1,40,0,0,0,0,0,0,111508.8,88331,83421,79088,73360,67700,6098.3,4251,4500,3000,2500,2300,0
62500.0,2,2,1,39,0,0,0,0,2,0,45171.6,29647,24965,7592,1582,1099,1999.4,1575,1582,593,242,17012,0
200000.0,2,2,2,30,-1,-1,-1,0,-1,-1,272.4,0,354,355,47,605,1119.3,354,1,48,906,0,0
100000.0,2,2,1,50,0,0,0,0,0,0,80570.4,68052,68690,70042,70626,71700,3146.0,2511,2512,2510,2590,2711,0
87500.0,2,2,1,39,2,2,2,2,2,2,20358.0,17398,18310,18611,18966,19403,1300.0,1500,900,800,900,2000,1
375000.0,1,3,2,69,-1,-1,-1,-1,-1,-1,1281.6,1168,1005,1372,1610,1355,1518.4,1005,1372,1610,1355,1426,0
225000.0,1,2,1,47,0,0,0,0,0,0,33460.799999999996,28958,29864,30632,31274,32144,1983.8,1432,1200,1072,1326,704,1
225000.0,1,1,1,55,0,0,0,0,0,0,79336.8,69436,72560,76169,77988,69293,6500.0,5000,5000,3000,5000,5000,0
62500.0,2,2,2,36,0,0,0,0,0,0,23866.8,20451,20426,19894,20294,20145,1950.0,1600,1600,1000,900,1000,0
62500.0,1,2,1,40,-1,2,0,0,0,0,18730.8,14686,15831,16884,18070,19218,0.0,2100,2000,2000,2000,2000,1
225000.0,2,2,1,37,0,0,0,0,-1,-1,89026.8,30670,6428,4618,2708,54024,2600.0,1000,0,2708,54024,2000,0
262500.0,2,2,1,34,0,0,0,0,0,0,251768.4,123664,51353,43485,44784,45685,6614.400000000001,2000,1600,2000,1800,1807,1
62500.0,2,3,2,53,1,2,2,0,0,0,59154.0,50414,49158,29375,28050,27721,2860.0,0,1008,1004,1032,932,0
312500.0,2,3,2,52,-2,-2,-2,-2,-2,-2,8835.6,27415,0,1930,1643,1687,35716.200000000004,0,1930,1643,1687,0,0
137500.0,2,2,2,29,1,2,0,0,0,0,86620.8,69650,70172,48720,48540,43692,0.0,3200,2478,2000,1900,2000,0
450000.0,1,1,2,40,-1,-1,-1,-1,-1,-1,18957.6,16630,15687,38750,15802,15730,21726.9,15766,38944,15881,15809,30594,0
25000.0,2,2,2,54,0,0,0,3,2,2,19134.0,16971,19796,19188,18740,20219,1674.4,3113,0,0,1800,663,0
62500.0,2,1,2,29,-2,-2,-2,-2,-2,-2,1072.8,1020,0,0,0,0,1326.0,0,0,0,0,0,0
200000.0,2,1,1,44,0,0,2,0,0,0,52299.6,50028,48928,49812,50855,52354,9750.0,0,2000,2000,2500,2100,0
225000.0,2,2,2,35,0,0,0,0,0,0,178632.0,135814,138654,130773,121293,123947,8450.0,7000,6600,4700,5100,4700,0
25000.0,2,1,2,31,0,0,0,0,0,0,21505.2,18362,19669,16479,16694,17334,1732.9,1640,1506,721,1000,1000,0
375000.0,2,1,2,34,0,0,0,0,0,0,54140.4,43460,14291,7331,10018,6213,1665.3,1093,1000,5014,2000,1000,0
250000.0,2,1,2,28,-2,-2,-2,-2,-2,-2,585.6,878,488,488,0,1915,1141.4,488,488,0,1915,100,0
112500.0,2,1,2,35,2,2,3,3,3,3,900.0,750,750,750,2450,2150,0.0,0,0,2000,0,0,0
275000.0,2,2,2,52,0,0,0,0,0,0,123693.59999999999,111729,115173,116513,119370,121516,13000.0,6500,5000,5000,5000,5000,0
362500.0,2,1,2,33,0,0,0,0,0,0,51121.2,34927,32034,29620,29822,28502,6500.0,6010,5000,1200,2000,901,0
200000.0,2,2,1,46,1,2,0,0,0,0,119395.2,97013,98427,102250,102734,104901,0.0,3879,5459,3675,3821,8256,0
37500.0,2,1,2,29,0,-1,2,-1,0,0,3456.0,3285,2280,248,248,0,4270.5,0,248,0,0,0,1
100000.0,2,2,2,27,0,0,0,0,0,0,92889.59999999999,78363,72602,72525,56951,21952,3480.1,3341,1850,1499,933,32000,0
200000.0,2,2,1,52,-1,3,2,-1,-1,-1,2228.4,1672,836,836,836,836,0.0,0,836,836,836,836,1
187500.0,1,1,2,41,-1,-1,-1,-1,-1,0,7027.2,2629,99,45,2928,519,6388.2,99,45,2982,0,993,0
62500.0,1,2,2,46,0,0,0,0,0,0,60619.2,44187,20314,19707,19566,19916,3537.3,1750,1200,1000,1000,1000,0
487500.0,2,1,2,30,-1,0,0,0,0,0,100216.8,79730,64171,58767,54224,51667,5216.900000000001,4000,2100,2000,3000,1200,0
262500.0,2,2,1,40,0,0,0,0,0,0,44577.6,35754,34232,32331,30337,28012,2600.0,2000,2444,1342,1038,2000,0
37500.0,1,2,2,30,1,2,3,2,0,0,30944.399999999998,28067,27332,26597,27512,57002,3900.0,0,0,1500,1600,900,0
100000.0,2,2,2,34,0,0,0,0,0,0,14871.599999999999,14187,13263,11045,10259,5773,2628.6,1308,506,1516,1000,1000,0
87500.0,1,1,2,29,0,0,0,0,0,-1,14530.8,15328,16854,16741,15154,6060,6926.400000000001,4000,3000,3007,6060,5133,0
250000.0,1,1,1,48,0,0,2,0,0,0,170749.19999999998,152679,148682,146505,150963,146553,18460.0,0,7000,7000,6500,11000,0
187500.0,2,2,1,54,-1,-1,-1,-1,-1,-1,690.0,25622,4992,1578,1216,4475,33308.6,4992,1578,1216,4475,15964,0
62500.0,2,2,2,28,0,0,0,0,0,0,23346.0,13675,10476,11197,11609,11922,1950.0,1500,1200,600,500,800,0
37500.0,1,3,1,64,0,0,0,0,0,0,35126.4,29096,22088,21624,21833,18174,1825.2,1268,694,866,695,838,0
437500.0,1,1,2,39,0,0,0,0,0,0,176484.0,109978,77151,73814,79692,79949,9530.300000000001,10000,5000,10000,5000,5000,0
100000.0,2,3,2,29,1,-2,-1,-1,-1,-1,0.0,0,2455,2500,1307,1550,0.0,2455,2500,1307,1550,896,0
300000.0,2,2,1,42,-1,0,0,0,0,0,14838.0,92184,86507,89138,91118,93229,117650.0,3000,3000,2500,2500,3000,0
50000.0,2,2,1,43,0,0,0,0,0,0,48150.0,38809,36485,28152,22161,19789,2607.8,2002,1603,1000,2000,0,0
625000.0,2,1,1,58,-2,-2,-1,-1,-1,-1,1440.0,0,3609,4053,0,4487,0.0,3609,4053,0,4487,638,0
62500.0,2,3,2,52,0,0,0,0,2,0,21082.8,18592,19621,21748,21262,21682,2096.9,1642,2769,0,923,950,0
375000.0,2,1,1,52,-1,-1,-1,-1,-1,-1,616.8,2392,148,148,148,0,3109.6,148,148,148,0,747,1
87500.0,2,2,2,39,2,0,0,0,0,0,85598.4,71122,70012,66541,31609,31259,3567.2000000000003,3239,3405,1085,1102,1155,1
175000.0,1,1,2,35,-1,-1,-1,2,2,-1,2160.0,1885,4158,2021,0,628,2450.5,4158,0,0,2000,0,0
75000.0,1,2,2,30,0,0,2,2,0,0,67767.59999999999,61514,61748,58583,28301,29301,7800.0,1800,0,600,1000,300,0
287500.0,2,2,2,28,1,3,2,2,2,2,6315.599999999999,5021,3579,31053,30334,38203,3.9000000000000004,8,30334,0,8507,14,0
250000.0,2,1,1,35,-2,-2,-2,-2,-2,-2,5799.599999999999,6370,2342,810,9743,1000,8281.0,2342,810,10253,1000,7079,0
37500.0,2,1,1,35,0,0,2,2,0,0,18238.8,17728,19129,18527,18758,19285,4030.0,2000,0,679,837,721,1
537500.0,2,2,1,47,0,0,0,0,0,0,107274.0,90052,90604,91200,92134,92834,4215.900000000001,3200,3185,3500,3500,3420,0
300000.0,2,2,1,61,3,2,2,-2,-2,-2,3000.0,2500,0,0,0,0,0.0,0,0,0,0,0,1
525000.0,1,1,2,39,0,0,0,0,0,0,158326.8,136721,140011,141695,144839,147954,9100.0,7000,5500,5500,5600,5000,0
25000.0,1,3,2,31,2,2,-1,-1,2,0,24186.0,10356,556,20897,20438,20325,0.0,600,20900,1,805,752,0
112500.0,2,1,2,34,0,0,0,0,0,0,10712.4,9124,10220,12044,27847,8251,10400.0,10000,10016,25000,8000,26000,0
100000.0,2,2,1,42,0,0,0,0,0,0,83720.4,73197,44195,45458,48679,49895,6500.0,3000,2000,4000,2000,2000,0
225000.0,2,2,3,53,-1,-1,-1,-1,-2,-1,1032.0,102,851,0,346,1592,132.6,851,0,346,1592,1098,1
450000.0,1,1,1,37,-1,-1,-1,-1,-1,-1,3249.6,5562,3906,8413,3079,4075,7264.400000000001,3924,8454,3093,4095,3045,0
550000.0,1,1,2,48,0,0,0,0,0,0,69729.59999999999,51013,48337,49532,53714,56818,3120.0,3000,2000,5000,4000,4000,0
262500.0,2,2,1,42,-2,-2,-2,-2,-2,-2,3573.6,1798,379,768,2308,1026,2337.4,379,768,2308,1026,1208,0
25000.0,1,2,2,34,0,0,0,0,0,0,18912.0,17092,17781,17289,17710,18217,2070.9,1282,700,700,800,500,0
225000.0,2,2,1,51,1,-2,-2,-2,-2,-2,0.0,0,0,0,0,0,0.0,0,0,0,0,0,0
62500.0,2,2,2,29,0,0,0,0,0,0,61513.2,51493,50136,20287,20281,20027,3380.0,2000,730,800,900,750,0
300000.0,1,1,2,35,-2,-2,-2,-2,-2,-2,0.0,0,0,0,0,0,0.0,0,0,0,0,0,0
262500.0,2,1,2,31,0,0,0,0,0,0,223852.8,188366,173694,163481,128216,113292,10532.6,7798,12246,5268,5000,10000,0
187500.0,2,1,2,32,0,0,0,0,0,2,165679.19999999998,140522,138722,130494,147851,145535,7497.1,6100,30000,19227,0,2606,0
200000.0,1,2,2,48,0,0,-2,-2,-2,-2,10152.0,0,0,0,0,0,0.0,0,0,0,0,0,0
200000.0,1,1,1,41,-1,-1,-1,-1,-1,-1,979.1999999999999,316,316,316,316,316,410.8,316,316,316,316,316,1
200000.0,1,5,2,45,0,0,0,0,0,0,182688.0,152159,154523,156121,118248,119911,9945.0,6300,4800,3800,4600,4300,0
212500.0,2,1,1,38,0,0,0,0,0,0,204528.0,170060,115372,211577,120407,122952,10660.0,5200,5000,5000,5000,4000,1
100000.0,1,3,1,50,0,0,0,0,0,0,66462.0,52801,50209,43323,40275,38690,2624.7000000000003,2031,2013,2016,2002,3000,0
625000.0,1,2,1,45,-1,-1,0,0,0,-1,1212.0,4682,8570,12072,9832,984,6086.6,5000,5000,5000,1000,600,0
312500.0,2,2,1,37,0,0,-2,-2,-2,-2,47923.2,16666,16998,17504,0,0,11265.800000000001,16998,17504,0,0,0,0
87500.0,2,3,2,29,0,0,0,0,-1,0,78514.8,67513,67767,69275,1058,48376,4076.8,2076,2243,1058,48000,2000,0
100000.0,2,2,2,35,-1,-1,0,-1,0,0,4993.2,1819,6845,1813,8362,0,2600.0,6689,1817,8100,0,4000,0
200000.0,2,1,2,33,-1,-1,-2,-2,-2,-2,192.0,0,0,0,0,0,0.0,0,0,0,0,0,0
37500.0,2,3,1,53,0,0,0,0,0,0,30738.0,26950,27899,29614,30127,29646,2276.3,1700,2500,1000,2000,4034,0
350000.0,1,4,2,31,-1,-1,-1,-1,-1,0,825.6,2384,696,696,1392,696,3120.0,696,696,1392,0,696,0
225000.0,2,2,1,45,-1,-1,-1,-1,-1,-1,1862.3999999999999,776,0,1752,70000,10552,1008.8000000000001,0,1752,70000,10552,9776,1
250000.0,1,3,2,34,0,0,-1,-1,-1,-1,49381.2,21132,482,482,462,446,2145.0,482,482,462,466,0,0
312500.0,1,1,2,35,0,0,0,0,0,0,7771.2,10023,12947,16095,23343,26028,6500.0,5000,4000,10000,4000,5000,0
250000.0,1,3,1,53,-2,-2,-2,-2,-2,-2,3326.4,3831,8640,433,14398,3475,5365.1,8683,436,14595,3516,7651,0
250000.0,2,2,1,45,-1,-1,-1,-1,-1,-1,468.0,390,390,390,390,390,507.0,390,390,390,390,390,1
612500.0,1,1,1,54,-1,-1,-1,-1,-1,-1,22928.399999999998,10190,10149,76760,8879,16705,13309.4,10191,77163,8921,16786,27662,0
25000.0,2,2,1,36,0,0,0,0,0,0,15696.0,10911,18890,11026,5863,3273,1950.0,2000,2000,1000,1000,0,0
250000.0,1,1,1,43,-2,-2,-2,-2,-2,-2,4233.599999999999,1190,1958,0,1013,2350,1554.8,1968,200,1018,2361,2500,0
475000.0,1,1,1,53,0,0,0,0,0,0,427650.0,347165,318600,284972,285249,266406,52000.0,20000,20000,20000,10000,20000,0
100000.0,2,3,1,39,0,0,2,2,2,0,51985.2,47586,48525,49423,46132,47233,6500.0,2000,2000,0,2000,2000,1
62500.0,1,1,2,33,1,2,0,0,0,-1,60175.2,47918,48866,4372,0,49830,0.0,2400,1000,0,51830,0,0
625000.0,1,1,2,40,-1,0,-1,-1,-1,0,206449.19999999998,70011,12976,34469,27425,28506,76389.3,13976,34828,28289,18175,17500,0
37500.0,1,2,1,54,0,0,2,2,0,0,15426.0,16012,16453,15891,16224,16710,4797.0,1000,0,589,756,1500,0
350000.0,2,1,2,36,-1,-1,-1,-1,-1,-1,492.0,3977,1713,1430,6877,6479,5170.1,1726,1430,6877,6479,720,0
375000.0,2,1,1,38,-1,-1,-1,-1,-1,0,4668.0,4002,1438,5322,6814,2956,5210.400000000001,1438,5328,6814,114,1740,0
150000.0,2,2,1,55,2,0,0,0,2,2,98374.8,82726,85390,91549,92754,94722,3900.0,4000,7600,3600,3600,3600,1
275000.0,2,3,1,48,0,0,0,0,0,0,258060.0,211239,207821,209795,144729,148139,11737.7,10000,9084,10042,10000,10000,0
37500.0,1,2,2,59,0,0,0,0,0,0,31533.6,24767,27533,26400,25620,390,2210.0,3400,2528,0,390,780,1
187500.0,2,2,2,47,0,0,0,-2,-2,-1,116479.2,95040,0,0,0,217,2600.0,0,0,0,217,2972,0
12500.0,1,3,1,42,-1,-1,-1,-1,-1,-1,813.6,500,381,2977,1000,0,782.6,381,2986,1203,0,0,1
37500.0,2,2,2,28,1,2,0,0,0,0,39817.2,32359,33849,34522,33501,32129,0.0,2000,1389,1068,3000,2508,1
162500.0,1,6,1,42,-1,-1,-1,-1,-1,-1,1668.0,2196,7533,4656,840,390,2854.8,7533,4689,840,390,390,0
62500.0,1,3,1,51,0,0,0,0,0,0,42855.6,15392,16099,16418,16765,17484,2029.3000000000002,1268,587,611,1000,2000,0
187500.0,2,2,2,28,-1,-1,-1,0,0,0,396.0,330,63917,59865,59258,57924,429.0,63917,2100,2100,2200,2200,0
175000.0,1,2,2,41,0,0,0,0,0,0,113503.2,92692,87696,80284,80086,81759,4574.7,3027,2905,3000,3000,3100,0
250000.0,1,2,1,46,0,0,0,0,0,0,116292.0,92934,99528,100341,102585,108567,13000.0,7004,5000,5003,7345,7000,0
150000.0,2,1,1,51,0,0,0,0,0,0,34410.0,29392,30424,31437,32062,32734,1950.0,1509,1522,1147,1188,1194,0
187500.0,1,2,1,35,-2,-2,-2,-2,-2,-2,140133.6,59731,89742,116067,97725,76466,78477.1,100483,116567,50156,10383,316,0
300000.0,1,1,2,38,0,0,0,0,0,0,148926.0,127593,130474,134296,139117,143634,9100.0,5000,6000,7000,7000,5445,0
212500.0,1,1,2,56,0,0,0,0,0,0,242221.19999999998,195038,189067,180389,137030,129222,8934.9,7509,5573,4309,4239,5142,1
200000.0,1,2,1,57,-1,-1,2,-1,2,-1,468.0,780,390,1080,540,390,1014.0,0,1080,0,390,390,0
450000.0,1,1,2,36,0,0,0,0,0,0,98088.0,81980,90216,86410,94668,93275,10400.0,10055,10000,10049,10053,9006,0
125000.0,2,1,2,33,0,0,0,0,0,0,92408.4,80708,84401,85786,65345,67205,6500.0,5000,4200,3000,3000,3000,0
112500.0,2,2,1,60,-2,-2,-2,-2,-2,-2,4065.6,0,0,0,0,7707,0.0,0,0,0,7707,0,0
12500.0,2,2,2,27,0,0,-1,-1,0,0,9393.6,8507,511,7696,8696,7660,1311.7,511,7696,1000,0,0,0
150000.0,1,2,1,35,1,2,0,0,0,0,7566.0,7052,8786,8863,10763,7140,1300.0,2000,177,2000,1000,0,1
212500.0,1,2,1,47,0,0,0,0,0,0,197788.8,132485,120267,117453,115778,117411,7939.1,6000,4500,4500,4500,4500,0
437500.0,1,3,1,46,0,0,0,0,0,0,418950.0,338832,296868,237193,233591,237351,15606.5,10095,8389,8474,7640,6847,0
562500.0,1,1,1,53,-1,2,-1,-1,-1,-1,6616.8,1509,949,575,3489,0,0.0,949,575,4929,0,0,1
12500.0,2,3,1,38,1,-2,-2,-2,-2,-2,0.0,0,0,0,0,0,0.0,0,0,0,0,0,0
150000.0,2,2,1,32,0,0,-1,-1,-2,-2,60744.0,15000,100,0,0,0,1300.0,100,0,0,0,0,0
387500.0,2,1,1,42,-2,-2,-2,-2,-2,-2,147.6,123,0,123,0,0,159.9,0,123,0,0,0,0
162500.0,2,2,1,47,0,0,0,0,0,0,29478.0,22446,23245,27410,12085,9535,6500.0,2000,5000,3000,6000,2280,0
187500.0,1,2,1,43,-1,-1,-1,-1,-1,-1,610.8,14310,980,1000,1132,8774,18603.0,980,1000,1132,8774,10867,0
262500.0,1,5,1,48,0,0,0,0,0,0,237291.59999999998,201949,208690,211925,48724,49743,9750.0,10000,9085,1744,1804,1816,0
12500.0,2,2,2,27,0,0,2,2,2,0,8110.799999999999,8925,8637,10277,9736,9704,3185.0,0,1800,0,500,600,1
325000.0,2,1,1,36,0,0,0,0,0,0,60374.399999999994,128072,55359,39189,49909,20782,111003.1,33061,5039,20154,2854,29,0
262500.0,2,3,1,33,0,0,0,0,0,0,45129.6,39001,40053,41084,42416,43707,2600.0,2000,2000,2000,2000,2000,0
312500.0,2,1,1,47,-1,-1,2,0,-1,2,892.8,2244,1372,686,1522,686,2841.8,0,0,1522,0,4389,0
475000.0,2,2,1,35,0,0,0,0,0,0,354741.6,232987,105800,52296,196448,168405,17468.100000000002,6068,2462,168159,5248,5540,0
62500.0,2,2,2,28,2,0,0,0,0,0,58401.6,48554,45445,38551,28056,28310,5244.2,2000,5008,1000,2000,1000,1
350000.0,2,1,1,49,0,0,0,0,0,0,282762.0,197003,198808,187425,177340,180506,9964.5,6497,5555,5027,5065,5361,0
200000.0,2,2,1,47,-1,0,0,0,0,0,41023.2,35186,36512,36382,37105,38034,2039.7,1895,1606,1329,1528,1600,0
137500.0,2,2,1,59,2,2,2,0,0,2,114108.0,94938,91453,92097,96509,93773,4420.0,0,3290,7000,0,3500,1
112500.0,2,3,2,33,2,0,0,0,2,0,76642.8,65212,66627,70652,69397,70842,3078.4,2500,5140,0,2600,3000,1
37500.0,2,2,1,49,-1,2,2,2,2,2,10016.4,9560,9258,11096,11165,10837,1950.0,0,2000,392,0,2000,0
62500.0,2,1,2,35,1,2,2,2,2,2,50320.799999999996,43041,44048,44824,46469,47579,2730.0,2000,1800,2700,2000,1700,0
137500.0,2,3,1,32,0,0,0,0,0,0,73382.4,60833,61245,47316,47175,47141,3023.8,3000,1807,1698,1911,1808,0
187500.0,2,1,1,40,-2,-2,-2,-2,-1,-1,394.8,0,3189,0,150,880,0.0,3220,0,150,880,0,0
150000.0,2,3,1,39,-2,-1,-1,-1,-1,-2,0.0,360,389,978,0,2358,468.0,389,978,0,2358,0,0
225000.0,2,1,2,35,0,0,0,0,2,2,179430.0,152460,154206,135881,130728,123155,9516.0,6100,9710,4800,0,4300,0
50000.0,2,2,1,58,0,0,2,2,0,0,5545.2,6527,7776,7502,7651,7811,2795.0,1500,0,274,283,436,1
62500.0,2,2,1,43,0,0,0,0,0,0,30220.8,26261,27334,28374,28804,29488,2340.0,1800,1800,1200,1300,1300,0
137500.0,2,3,1,43,0,0,0,0,0,0,120838.79999999999,88694,74647,49021,34594,23116,4589.0,3066,2033,2021,1024,1003,0
225000.0,2,3,2,47,0,0,0,0,0,0,123175.2,82849,78064,73437,108072,49206,6507.8,5000,5005,42500,3000,2000,0
62500.0,2,3,1,32,0,0,0,0,0,0,35850.0,30336,26635,20367,15640,12269,5857.8,2000,2066,611,500,370,0
62500.0,1,3,1,63,2,2,2,0,0,2,19078.8,18720,18122,18530,19089,18856,4420.0,0,1000,1001,634,638,0
50000.0,1,1,2,30,-1,-1,-1,0,0,-1,613.1999999999999,513,1531,1017,506,499,666.9,1531,0,0,499,0,1
450000.0,1,1,2,34,-1,-1,-1,-2,-1,0,2727.6,1170,0,0,7972,8275,1527.5,0,0,7972,435,2947,0
262500.0,1,2,1,44,-1,-1,-2,-2,-2,-2,8553.6,3605,4308,3713,5133,5749,4709.900000000001,4315,3713,5133,5749,6762,0
100000.0,2,3,1,53,2,2,2,2,0,0,79585.2,63695,33283,22442,15553,5593,0.0,6056,652,517,0,27,0
62500.0,1,2,1,59,0,0,0,2,0,0,57446.4,48802,50214,19321,19867,20384,2600.0,2456,0,1000,1000,1000,0
450000.0,1,2,2,53,0,0,0,0,0,-2,81638.4,63174,44536,80570,8333,8325,5850.0,3000,50000,8400,8325,12967,0
100000.0,2,2,2,34,0,0,0,0,0,0,94351.2,78262,80000,82025,78521,78947,4420.0,3600,4000,3500,3000,4000,0
250000.0,2,2,2,30,0,0,0,0,0,0,233042.4,197220,130930,130775,128752,122695,10400.0,4500,4532,5451,5000,4500,0
62500.0,2,2,2,30,0,0,0,0,0,-2,51220.799999999996,40407,31811,13898,0,0,2600.0,1814,1000,0,0,0,0
112500.0,1,2,2,43,2,0,0,0,0,0,106912.8,83036,86181,86311,66572,68119,3900.0,4500,3500,2500,3500,3000,1
125000.0,2,3,1,50,3,2,2,2,-1,-1,113365.2,92058,97624,94316,2065,0,0.0,8806,0,2065,0,0,1
362500.0,1,3,1,40,0,0,0,0,0,0,96897.59999999999,78241,76401,76435,77434,79223,3581.5,2824,2456,2245,2500,1200,0
250000.0,1,1,1,43,1,-2,-1,0,0,0,0.0,0,1293,968,643,318,0.0,2000,0,0,0,1370,0
100000.0,2,2,1,40,0,0,0,0,0,-1,2672.4,3432,4416,5275,0,316,1625.0,1200,1000,0,316,31002,0
450000.0,2,2,2,48,-2,-2,-2,-2,-2,-2,7305.599999999999,17980,4890,3008,3920,19282,23374.0,4897,3008,3920,19282,52087,0
512500.0,2,1,1,43,2,2,2,0,0,0,217106.4,184241,176857,175193,165929,114527,9971.0,2,5561,5432,4546,5191,1
175000.0,1,2,1,53,1,2,2,2,2,2,103336.8,87896,89397,90514,91661,90100,5330.0,3800,3500,3500,0,6900,1
12500.0,1,1,2,38,0,0,0,0,0,0,10100.4,6281,8567,10046,10063,10132,2210.0,4700,2502,1500,3000,0,0
150000.0,2,1,2,41,0,0,0,0,2,2,101005.2,76025,78068,78589,77213,82567,4469.400000000001,4000,12242,0,6894,0,0
287500.0,2,2,1,47,-2,-2,-2,-2,-2,-2,516.0,430,430,430,430,430,559.0,430,430,430,430,430,1
100000.0,1,3,1,46,0,0,0,0,0,-1,91218.0,77582,60311,62471,21071,2099,3910.4,3000,5000,10000,2099,0,1
212500.0,2,3,2,49,1,-1,-1,-1,-1,-2,0.0,4142,2260,5053,0,0,5384.6,2260,5053,0,0,0,1
75000.0,2,2,1,44,0,0,0,0,0,0,39280.799999999996,32234,32136,31204,30330,29934,1957.8,1881,1422,1021,1500,1056,0
225000.0,2,1,1,44,1,-2,-2,-2,-2,-2,0.0,0,0,0,0,0,0.0,0,0,0,0,0,1
625000.0,1,1,2,54,-2,-2,-2,-2,-2,-2,573636.0,419644,309019,292878,152025,110034,266.5,10500,9692,4823,3986,1188,1
12500.0,1,3,1,58,-1,-1,0,0,0,0,2126.4,8304,9506,9702,9999,10344,10795.2,1500,500,600,800,0,0
62500.0,1,3,1,46,5,4,3,2,0,0,64908.0,52955,51847,50307,27707,28479,0.0,0,0,0,974,31100,1
200000.0,2,1,2,33,0,0,0,0,-1,0,84291.59999999999,47779,28052,7222,99669,84426,9154.6,2000,1000,99669,12600,10000,0
62500.0,1,2,2,39,2,2,0,0,0,-1,73464.0,56388,53813,22667,23488,20022,11.700000000000001,2061,0,821,21414,703,0
225000.0,1,3,2,32,0,0,0,0,0,0,207013.19999999998,177587,175867,159053,126688,122947,10410.4,6528,6500,5000,5000,5000,0
250000.0,2,2,2,32,1,2,-1,-1,-1,-1,22024.8,9000,9306,9306,9000,9000,0.0,9306,9306,9000,9000,9300,0
450000.0,2,1,2,31,2,2,-2,-2,-2,-2,3000.0,0,0,0,0,0,0.0,0,0,0,0,0,0
112500.0,1,3,1,51,0,0,0,0,0,0,109310.4,91229,66730,44850,29257,24755,5200.0,3000,2000,638,2000,500,0
75000.0,1,1,2,34,0,0,0,0,0,0,14371.199999999999,13462,15231,16966,17878,19085,2600.0,2000,2000,1500,1500,1500,0
37500.0,1,3,2,28,1,2,0,0,0,0,36469.2,29144,30419,30097,25887,25707,0.0,2033,1420,0,92,0,0
100000.0,2,3,1,61,-1,0,0,0,-2,-2,1688.3999999999999,2445,3377,0,2188,5808,1388.4,1000,6,2194,5825,0,0
625000.0,1,2,1,43,0,0,0,-1,-1,-1,599077.2,511629,0,6391,420,7619,29380.0,501,6892,421,7695,8679,1
62500.0,1,2,2,32,0,0,0,0,0,0,54703.2,46573,47332,47382,47370,46200,3900.0,2200,1600,978,2000,1000,0
62500.0,2,2,1,46,0,0,0,0,0,0,27676.8,17783,16315,12225,11184,10133,1665.3,1214,1155,375,364,354,0
500000.0,2,3,2,40,-2,-2,-2,-2,-2,-2,1718.3999999999999,8125,7017,10525,13295,11024,10571.6,7018,10542,13378,11045,6666,1
37500.0,1,2,2,30,1,2,0,0,2,2,15510.0,13411,14190,16218,15663,17250,1300.0,1300,2273,0,2000,0,1
62500.0,1,2,2,54,0,0,0,0,0,0,108277.2,90647,92309,93880,99418,101392,3707.6,2784,2603,10000,3164,2868,1
225000.0,1,2,2,61,0,0,0,0,0,0,107472.0,90940,92868,94243,94888,95819,4498.0,4000,3501,2690,3000,2603,0
62500.0,2,3,1,56,0,0,0,0,0,0,54115.2,28907,29691,29104,28968,29440,1950.0,1508,1502,1100,1032,4500,0
87500.0,1,3,1,55,0,0,0,0,0,0,82470.0,70413,70004,38102,28931,29143,4186.0,2220,28931,1000,1050,1052,0
37500.0,2,1,2,42,-1,-1,-1,-1,-1,-1,316.8,264,264,0,528,0,343.2,264,0,528,0,0,1
37500.0,1,2,1,44,0,0,0,0,2,0,23571.6,20721,21867,24291,23766,23696,2210.0,1800,3100,0,565,98,1
62500.0,2,3,3,48,0,0,0,0,0,0,54968.4,46847,48090,48125,4080,0,2340.0,2000,1000,1000,0,0,0
500000.0,1,1,2,51,0,-1,0,0,-1,-1,13158.0,9280,13582,7272,414,10799,12067.9,7276,7,417,10802,21202,0
100000.0,2,1,2,33,1,-2,-2,-2,-1,-1,0.0,0,0,0,2284,0,0.0,0,0,2284,0,0,1
612500.0,2,1,2,46,0,0,0,0,0,0,301164.0,255009,248203,101770,63192,64720,13000.0,11547,4600,2000,2000,2000,0
100000.0,2,1,2,32,0,0,0,0,0,0,27728.399999999998,24674,25351,25981,26464,23714,6544.2,10000,1000,1000,1000,1000,0
287500.0,2,2,2,33,0,0,-1,-1,-1,-2,29840.399999999998,24437,3900,870,0,0,5590.0,3900,870,0,0,0,0
450000.0,1,2,0,43,-1,-1,-1,-2,-2,-2,211.2,252,0,0,0,0,327.6,0,0,0,0,0,0
62500.0,1,2,1,54,0,0,0,0,0,0,40015.2,33536,34923,37192,39341,27561,2600.0,3500,3000,3000,5000,5000,1
287500.0,1,2,2,37,2,0,0,0,2,2,304722.0,237858,242378,235163,234032,225822,13237.9,10057,19000,9100,0,16500,1
287500.0,1,1,1,50,0,0,0,0,0,0,52662.0,44926,45941,46853,47834,48942,2273.7000000000003,1764,1676,1735,1902,2189,0
187500.0,2,2,2,34,0,0,0,0,0,0,113290.8,92047,79088,81399,74009,65871,6500.0,5000,5000,6000,5000,4000,0
325000.0,1,3,2,57,1,-2,-2,-2,-2,-2,0.0,0,0,0,0,0,0.0,0,0,0,0,4012,0
175000.0,1,2,1,46,0,0,2,2,2,2,69128.4,60676,64072,62444,67411,71144,5200.0,5000,0,6000,5000,0,0
937500.0,2,3,1,45,-2,-2,-1,-1,-1,-1,19646.399999999998,15344,3329,38488,9777,66692,20046.0,3691,38679,9825,67024,76641,0
25000.0,1,1,2,30,1,-1,-1,0,0,0,0.0,569,1769,2582,3184,3974,1300.0,1769,1000,800,1000,4000,0
187500.0,1,1,2,35,-2,-2,-2,-2,-2,-2,1186.8,1023,7542,1200,0,0,1329.9,7542,1200,0,0,689,0
262500.0,1,2,2,38,0,0,0,0,0,0,225132.0,191592,195739,198081,202410,206582,11050.0,9000,7100,7510,7700,9051,0
62500.0,1,1,1,53,2,2,2,2,0,0,56410.799999999996,49942,50382,49162,40973,39671,5200.0,1500,0,1275,1377,1882,0
62500.0,2,2,1,29,0,0,2,0,0,2,55329.6,49330,48263,49780,56396,55479,5200.0,0,2384,8000,0,1852,0
550000.0,2,5,1,37,0,0,0,0,0,0,389362.8,324109,287932,287892,276902,221866,14467.7,10300,11098,11200,12000,131400,0
75000.0,1,1,1,59,1,2,0,0,0,0,72600.0,58926,58625,58822,56661,40700,0.0,2500,2500,3000,4500,3000,0
37500.0,2,1,2,29,-1,-1,-1,-1,2,2,198.0,165,165,323,158,0,214.5,165,323,0,0,5527,1
325000.0,2,1,2,41,-2,-2,-2,-2,-1,-1,2269.2,2438,2280,746,1989,1668,3428.1,2280,746,1989,1668,2605,0
450000.0,1,1,2,34,1,-2,-1,-1,-1,-1,0.0,0,6458,825,825,825,0.0,9091,825,825,825,825,0
475000.0,2,1,2,36,0,0,0,0,0,0,398036.39999999997,332339,322995,314161,327945,289814,19500.0,15000,20019,20000,9934,9330,0
37500.0,2,3,1,35,-1,-1,-1,-1,0,0,1779.6,1378,2381,2967,1746,780,1791.4,2781,3067,35,780,3308,0
100000.0,2,2,1,46,-1,-1,-1,-1,0,0,3272.4,1679,566,61664,58281,58281,2182.7000000000003,566,61664,0,0,4480,0
125000.0,2,2,2,32,0,0,0,0,0,2,115429.2,96908,97565,98561,103039,95803,4555.2,3500,3800,7500,0,3600,1
100000.0,2,1,2,28,2,2,2,0,0,0,100862.4,84787,77572,77123,49823,50680,9230.0,0,3500,2500,2000,2000,1
225000.0,2,1,2,34,-1,-1,-1,-2,-1,0,13663.199999999999,199,0,0,17227,17042,258.7,0,0,17227,341,5114,0
412500.0,2,2,1,30,0,-1,0,0,0,0,141663.6,197622,25664,9461,6407,15791,258494.6,25000,9004,6000,15000,6000,0
37500.0,1,3,2,42,0,0,0,0,0,0,27154.8,11332,12471,7985,13619,17997,6502.6,5003,7983,10000,10103,10106,0
75000.0,2,3,2,57,0,0,0,0,2,0,72300.0,60585,61257,62697,60816,61685,2817.1,2483,6084,0,1936,1850,0
412500.0,2,2,1,32,1,-2,-2,-2,-2,-2,0.0,0,0,0,0,0,0.0,0,0,0,0,0,1
100000.0,2,2,1,46,0,0,0,0,0,0,94004.4,77959,78206,72040,73733,75309,4550.0,3700,3000,3000,2793,3000,1
225000.0,1,1,2,45,0,0,0,0,0,0,112377.59999999999,92017,87173,83205,84996,89723,5519.8,3000,3100,3200,7500,2916,0
125000.0,2,2,1,52,0,0,0,0,0,0,29682.0,27555,29798,31028,33544,35328,4621.5,3000,2028,3354,2328,7300,0
137500.0,2,2,2,40,0,0,0,0,0,0,27016.8,23201,23914,24886,24903,25102,1791.4,1723,1695,1028,1056,907,0
100000.0,1,2,2,33,0,0,0,0,0,0,69357.59999999999,50910,49940,49460,50687,50288,2665.0,1780,1800,2000,2000,2000,0
162500.0,2,2,2,29,0,0,0,0,0,0,12085.199999999999,50961,44362,43359,39010,36546,59844.200000000004,1800,1659,1200,1150,1158,0
350000.0,2,3,1,51,2,2,0,0,0,0,607818.0,491801,62236,54813,38669,18010,0.0,1803,1475,1105,534,318,1
262500.0,2,1,2,31,0,-1,0,0,0,0,7929.599999999999,3582,63527,32088,16731,62561,4656.6,63000,20000,5000,52343,15000,0
162500.0,2,3,1,43,0,0,0,0,0,0,77420.4,64254,66103,61549,62389,58782,3900.0,3500,3000,2500,2000,2000,0
300000.0,2,2,1,45,-1,-1,-1,-1,-1,-1,5376.0,1725,10062,8662,4566,3915,2255.5,10096,8675,4566,3927,2529,0
425000.0,2,2,2,37,-2,-2,-2,-2,-2,-2,0.0,0,2500,2500,0,0,0.0,5000,0,0,0,0,1
387500.0,2,1,2,35,0,0,0,0,0,0,40051.2,34587,30488,27112,24722,9862,2600.0,2000,1000,1000,661,1000,0
125000.0,1,2,1,46,1,2,0,0,0,0,115572.0,78965,74289,70534,61450,65482,0.0,2600,6459,2500,5000,0,0
187500.0,2,2,2,35,-1,-1,-2,-2,-1,-1,66.0,0,0,0,993,0,0.0,239,0,1201,0,2184,0
37500.0,2,2,2,41,0,0,0,0,0,0,31842.0,27131,27294,27853,28033,28756,1862.9,1481,1430,1000,1543,1200,0
62500.0,2,3,2,48,-1,-1,-1,-2,-2,-2,180.0,809,0,0,0,0,1051.7,0,0,0,0,0,0
225000.0,1,1,2,44,-2,-2,-2,-2,-2,-2,0.0,444,182,0,0,0,577.2,182,0,0,0,540,0
325000.0,1,2,1,47,0,0,0,0,0,0,302528.39999999997,222195,209496,215317,220727,218750,15605.2,15000,15000,12000,10000,10000,0
25000.0,1,2,2,33,2,2,2,2,2,2,15314.4,12272,14255,13729,14706,14320,0.0,2500,0,1200,0,1500,1
475000.0,1,2,1,53,0,0,0,0,0,0,454896.0,294675,226959,219918,203575,188774,16900.0,9500,8000,7200,6700,7500,0
62500.0,2,0,1,45,0,0,0,0,0,0,53698.799999999996,46229,46798,47647,40500,41921,2897.7000000000003,2298,2100,2500,1921,8432,0
87500.0,2,2,2,47,2,2,2,2,2,2,53626.799999999996,45669,46621,45573,48678,47744,2600.0,2000,0,4000,0,2000,1
375000.0,2,3,1,45,-2,-2,-2,-2,-2,-2,0.0,0,0,0,0,0,0.0,0,0,0,0,0,1
425000.0,2,2,1,53,0,0,0,0,0,0,373039.2,320685,320614,21768,22405,24545,19500.0,7000,1500,1000,2500,112500,0
287500.0,2,1,2,36,-1,-1,-1,-1,-1,0,3420.0,1940,8508,0,13909,29160,2522.0,8508,0,19000,19160,0,0
450000.0,1,1,1,37,1,-2,-2,-2,-2,-2,0.0,0,0,0,0,0,0.0,0,0,0,0,0,1
62500.0,1,3,1,53,-1,-1,-1,-1,-1,-1,1269.6,1726,390,390,390,390,2243.8,390,390,390,390,390,1
437500.0,2,2,2,38,0,0,0,0,0,0,351963.6,338272,177483,182381,194678,215024,65091.0,10000,8000,15036,30050,8110,0
62500.0,2,2,1,41,0,0,0,-1,-1,-1,32919.6,12916,6509,4417,0,4331,1509.3,1000,5254,4166,8497,4679,0
187500.0,2,2,1,38,1,2,2,2,2,2,6728.4,6565,6334,9058,8823,7458,1560.0,0,2823,0,3530,0,1
125000.0,2,2,2,33,2,0,0,2,2,2,25340.399999999998,22163,26789,26065,27615,28122,1820.0,5000,0,2300,1100,1300,1
62500.0,2,2,1,36,0,0,0,0,0,0,55814.4,47716,49675,30929,30078,29170,2566.2000000000003,4406,1061,1073,1046,1047,1
375000.0,2,3,2,32,0,0,0,0,0,0,126943.2,113850,116918,119929,122914,125910,11700.0,4000,4000,4000,4000,4000,0
25000.0,2,1,2,29,0,0,-1,-1,-2,-2,19438.8,0,187,0,0,0,0.0,187,0,0,0,0,0
100000.0,2,2,1,44,0,0,0,0,0,0,50103.6,42956,43850,38112,38876,39697,2860.0,2000,2000,1700,1600,1700,0
200000.0,1,2,1,46,0,0,-2,-2,-2,-2,3028.7999999999997,0,0,0,0,0,0.0,0,0,0,0,0,1
75000.0,2,3,2,53,2,0,0,0,0,0,52239.6,39252,38051,37988,38725,39685,2210.0,1700,2000,1500,1600,1000,0
87500.0,2,1,2,32,-1,-1,-1,-1,-1,-1,188.4,157,157,157,307,507,204.1,157,157,307,507,357,0
175000.0,2,2,1,42,0,0,0,0,0,0,12030.0,9787,8127,8850,9262,5789,2600.0,1000,2000,2000,1000,2000,0
125000.0,2,1,2,30,-1,0,0,-1,-1,0,19990.8,13585,7886,5578,8608,11756,13000.0,4000,5578,11756,10000,5470,0
225000.0,1,2,2,43,-1,-1,2,0,0,0,65037.6,54173,52687,52096,51508,50867,5720.0,0,2000,2000,2000,3000,1
25000.0,1,2,2,39,1,2,0,0,0,0,24828.0,20075,19492,19859,19232,15608,0.0,1500,805,7000,542,242,1
37500.0,2,3,2,50,-2,-2,-2,-2,-2,-2,0.0,0,0,0,300,390,0.0,0,0,300,390,930,0
275000.0,1,1,1,38,-2,-1,-1,-2,-2,-2,0.0,2500,0,0,0,0,3250.0,0,0,0,0,0,0
287500.0,2,2,1,39,0,0,0,0,0,0,200758.8,165568,140467,133479,122948,125519,10982.4,5785,5400,4397,4548,4670,0
725000.0,1,1,2,37,-1,0,0,0,0,0,59031.6,46367,38111,33497,26800,22202,15191.800000000001,8348,6593,7197,10097,133081,0
325000.0,2,1,1,53,0,0,0,-2,-2,-2,10006.8,8333,0,0,0,0,6500.0,0,0,0,0,0,0
625000.0,2,1,2,35,-1,-1,-1,-1,-1,-1,6960.0,7210,229,3377,441,24116,9373.0,229,3377,441,24116,0,0
75000.0,2,2,1,44,1,-2,-2,-2,-2,-2,0.0,0,0,0,0,0,0.0,0,0,0,0,0,0
687500.0,1,1,1,49,-2,-2,-2,-2,-2,-2,26145.6,0,1091,2291,1000,150,0.0,1091,2309,1000,150,750,0
225000.0,2,1,1,40,0,0,0,0,0,0,125202.0,108156,108874,111568,113817,116422,7150.0,4000,4500,4200,4500,4500,0
162500.0,1,1,2,43,0,0,0,-2,-2,-2,157436.4,133400,0,0,0,0,9100.0,0,0,0,0,0,0
37500.0,2,3,1,33,0,0,0,0,2,0,27811.2,23182,19083,19632,15252,14021,3727.1,2000,2000,0,1500,1353,0
325000.0,2,2,1,45,1,-1,-1,-2,-2,-2,0.0,342,0,0,0,0,444.6,0,0,0,0,0,0
450000.0,2,1,1,37,-2,-2,-2,-2,-1,0,0.0,3194,430,1982,211250,215670,4173.0,436,1991,211250,7762,7823,0
12500.0,1,3,1,51,0,0,0,0,0,-2,8604.0,8240,8050,10400,0,0,1560.0,1000,150,0,0,0,0
400000.0,2,1,2,38,-1,-1,2,0,0,-1,441.59999999999997,10038,8434,7061,1289,365,13715.0,0,0,0,365,12110,0
212500.0,1,2,2,36,0,0,0,0,0,2,163596.0,173367,160847,87399,74761,67855,59800.0,10002,3046,5000,0,10000,0
412500.0,1,1,2,30,0,0,0,0,2,0,55368.0,45781,48139,51137,39450,25358,3255.2000000000003,4007,5056,74,1023,2566,0
250000.0,2,1,1,55,-1,-1,-1,0,0,-1,1994.3999999999999,2482,19272,22388,21105,3471,3226.6,19272,10004,10000,3471,13754,0
12500.0,1,2,1,49,0,0,2,0,0,0,8035.2,9080,8794,9604,9604,9800,3468.4,0,1192,0,196,0,0
25000.0,1,2,2,29,0,0,0,0,0,-1,4611.599999999999,4110,4560,4567,4060,1035,1394.9,1258,1000,228,1035,0,0
212500.0,2,2,1,48,0,0,0,0,0,0,61264.799999999996,52127,52651,53851,53095,54316,3235.7000000000003,2000,2048,1927,2104,2071,0
137500.0,1,3,1,62,-1,-1,-1,-1,-1,-1,468.0,390,390,390,390,390,507.0,390,390,390,390,390,0
250000.0,1,1,2,34,0,0,0,2,-1,-1,11073.6,7532,7246,3506,2376,123687,2730.0,3320,0,2400,127187,2187,0
62500.0,1,2,1,46,0,0,0,0,0,0,57632.4,48725,29600,20150,19232,17143,3900.0,1600,2004,2000,1000,4000,1
450000.0,2,1,2,36,1,-2,-2,-2,-2,-2,0.0,0,0,0,0,0,0.0,0,0,0,0,0,0
187500.0,2,2,1,42,0,0,0,0,0,-2,173692.8,147891,116541,114511,0,0,5993.0,2336,2290,0,0,0,0
450000.0,2,2,1,35,0,0,0,-2,-2,-2,21122.399999999998,5986,0,0,87329,89608,1339.0,37,1642,89000,3000,3000,0
175000.0,2,1,2,35,2,-1,-1,-1,-1,-1,1284.0,4593,4705,1710,0,6096,5970.900000000001,4705,1710,0,6096,0,1
75000.0,2,1,1,43,1,-1,3,2,-1,-1,0.0,780,780,390,390,390,1014.0,0,0,390,390,87,0
325000.0,2,1,2,33,0,0,0,0,0,0,76204.8,66283,67341,54725,36117,35144,5200.0,3002,2000,2000,2464,1000,0
625000.0,1,1,1,43,-1,-1,-1,-1,-1,-1,90519.59999999999,26358,7860,2983,8767,4691,35731.8,7860,3047,8831,4734,11484,0
425000.0,2,1,1,43,-1,-1,0,0,0,-1,18078.0,41951,86114,82049,57667,80767,54536.3,50000,30000,5000,80767,10000,0
525000.0,2,2,2,30,0,-1,0,0,0,0,21222.0,28206,122212,117835,112705,111357,39718.9,100000,4013,3822,4086,3800,0
25000.0,1,2,2,34,0,0,-2,-2,-2,-2,20170.8,0,0,0,0,0,0.0,0,0,0,0,0,1
125000.0,1,1,2,34,2,2,2,2,2,2,89275.2,75317,77084,78308,79901,81630,3510.0,3600,3100,3000,3200,3000,1
387500.0,1,2,2,46,0,0,0,0,0,0,443277.6,342174,298536,168389,151755,73083,13325.0,9278,7000,7000,5000,188000,0
287500.0,2,1,2,29,0,0,0,0,0,0,82989.59999999999,73712,68831,61534,25914,36313,10593.7,2214,5904,5542,15502,5000,0
25000.0,1,2,2,29,0,0,2,0,0,0,19063.2,16337,16470,10195,11195,11995,3250.0,800,1500,1000,800,6720,0
100000.0,1,3,2,32,1,-2,-2,-2,-2,-2,0.0,0,0,0,0,0,0.0,0,0,0,0,0,0
100000.0,2,1,2,31,0,0,0,0,0,0,80378.4,66130,67489,68535,66835,64962,3881.8,3056,2787,2745,2564,2926,0
625000.0,1,1,1,48,1,-2,-2,-2,-2,-2,0.0,0,0,0,0,0,0.0,0,0,0,0,0,1
450000.0,2,1,2,34,-1,-1,-1,-2,-2,-2,1375.2,2500,0,0,0,0,3250.0,0,0,0,0,0,1
262500.0,2,5,2,34,0,0,0,0,0,0,52719.6,45197,46468,47394,48604,49669,2600.0,2000,2000,2000,2000,2000,0
400000.0,1,2,2,42,0,0,-1,0,0,0,38386.799999999996,35554,85376,88585,101546,41685,6501.3,92586,5001,15001,3011,6001,0
87500.0,1,2,2,31,0,0,0,-1,0,0,81436.8,68284,67375,71270,71157,71008,4572.1,3700,71270,3000,3000,3000,1
62500.0,2,1,2,30,0,0,0,-1,-1,-2,25099.2,14500,0,790,3696,6696,6500.0,0,790,3696,3000,5724,0
350000.0,2,2,2,36,1,-2,-2,-2,-1,-1,0.0,0,0,0,5360,251,0.0,0,0,5360,251,5360,0
100000.0,1,3,1,46,0,0,0,0,0,0,42775.2,38040,39562,40427,43417,46878,3900.0,2135,2000,3500,4000,3000,0
37500.0,1,1,2,47,1,2,2,2,0,0,37460.4,30406,31380,30277,30028,30198,0.0,3600,0,1100,1050,1000,0
350000.0,1,1,1,46,-1,-1,-1,-1,-1,-1,861.6,3910,1906,837,360,350,5105.1,1913,841,360,350,2095,0
300000.0,2,1,1,45,2,2,2,2,-2,-2,3000.0,2500,2500,0,0,0,0.0,0,0,0,0,0,1
150000.0,2,2,2,41,0,0,0,0,0,2,3870.0,4592,5975,5409,5940,1770,4201.6,4615,4170,1770,0,7978,0
62500.0,1,2,2,32,1,2,0,0,0,0,57081.6,46482,44546,40745,19910,17786,0.0,2000,1241,633,616,2500,1
250000.0,2,1,2,43,-2,-2,-2,-2,-2,-2,0.0,0,0,0,0,0,0.0,0,0,0,0,0,0
12500.0,1,1,2,29,0,0,2,0,0,0,5059.2,6476,6224,6347,12856,8078,3250.0,0,227,239,3412,0,1
87500.0,2,1,2,33,0,0,0,0,0,0,53276.4,44923,46189,39327,38618,38404,3900.0,3000,3000,2000,2000,1800,0
450000.0,1,1,1,56,0,0,0,0,0,0,423840.0,337593,341528,350949,355869,210989,17947.8,12303,15005,13729,7700,8000,0
62500.0,2,1,2,33,2,2,0,0,0,0,23916.0,19316,20347,21354,21630,23123,0.0,1646,1653,929,2000,0,1
287500.0,1,1,2,37,0,0,0,0,0,0,53680.799999999996,47178,29582,38426,42500,43531,13156.0,20000,10000,5000,5000,5000,0
287500.0,1,2,1,41,-2,-2,-2,-1,0,-1,0.0,0,2800,346,346,999,0.0,2800,346,0,999,0,0
262500.0,1,1,1,44,-1,-1,2,2,-1,2,4069.2,775,450,125,800,325,1300.0,0,0,1000,0,650,0
225000.0,2,1,2,32,1,-2,-2,-2,-2,-2,0.0,0,0,0,0,0,0.0,0,0,0,0,0,1
212500.0,1,2,2,32,-1,2,2,-2,-2,-2,1404.0,780,0,0,0,0,0.0,0,0,0,0,0,0
362500.0,2,2,1,45,0,0,0,0,0,0,329469.6,256910,229566,148812,53157,47998,13910.0,11014,5800,1820,2000,2000,1
62500.0,2,3,1,44,0,0,0,0,-2,-2,52792.799999999996,33508,37600,0,0,0,6500.0,5000,0,0,0,5000,0
100000.0,2,1,2,37,0,0,0,0,0,0,72650.4,61715,60582,61453,61858,61104,3900.0,2100,2349,2200,2200,2200,0
112500.0,1,2,1,49,0,0,0,0,0,0,19704.0,17441,18467,19554,20028,20704,1690.0,1313,1400,800,1000,800,0
450000.0,2,2,2,35,0,0,0,0,0,-1,8892.0,6783,7672,8380,4581,3853,1449.5,1161,1026,1523,3872,2626,0
200000.0,1,1,1,52,-2,-2,-2,-2,-2,-2,1874.3999999999999,1499,0,0,1274,0,1953.9,0,0,1277,0,0,0
187500.0,2,3,2,28,0,0,0,0,0,0,7582.799999999999,8190,6686,7686,4526,65839,2600.0,1000,1000,0,63300,11632,0
25000.0,2,2,1,48,0,0,0,0,0,2,23154.0,19639,18541,19059,19757,19913,1683.5,1309,1602,1300,600,400,0
62500.0,1,2,2,34,2,2,0,0,2,2,36140.4,30712,32332,34156,33360,25988,1781.0,2210,2190,1000,0,680,1
450000.0,2,1,2,39,1,-2,-2,-2,-2,-2,0.0,0,0,0,0,0,0.0,0,0,0,0,0,1
100000.0,2,1,2,29,2,0,0,0,0,0,95320.8,80246,80167,60201,47850,48698,4030.0,2650,2065,1850,1756,2100,1
275000.0,2,2,1,36,0,0,0,0,0,0,95071.2,78693,78297,78980,77817,77569,5070.0,3500,4000,2700,3000,10000,0
287500.0,1,2,1,39,1,-2,-1,2,2,0,0.0,0,33,33,33,1133,0.0,33,0,0,1100,704,1
312500.0,2,2,1,41,0,0,0,0,-1,0,304352.39999999997,239250,245611,33017,182078,184036,13198.9,11000,4701,190071,8000,10014,0
75000.0,2,2,2,36,0,0,0,2,2,2,43720.799999999996,39925,43350,42057,26877,26493,5330.0,4073,0,1600,0,1100,1
362500.0,2,2,2,42,2,0,0,0,0,0,168718.8,143963,152434,156413,156189,144318,16913.0,11430,6900,5320,5232,4980,1
125000.0,1,1,2,31,-1,-1,-1,-1,-1,-1,680.4,390,508,0,4580,2274,507.0,508,0,4580,2274,0,0
62500.0,2,2,2,28,-1,-1,-1,-1,0,0,447.59999999999997,0,4230,1243,1904,0,0.0,4247,1243,1094,0,0,0
212500.0,1,2,1,39,-1,-1,-1,-1,-1,-1,9540.0,6691,7332,2716,4200,7708,8698.300000000001,7332,2716,4200,7708,12897,0
250000.0,2,5,1,44,-2,-2,-2,-2,-2,-2,600.0,0,0,0,0,0,0.0,0,0,0,0,0,0
687500.0,2,2,2,44,0,0,0,0,0,0,404066.39999999997,276725,260932,267917,217738,167245,14309.1,10507,13035,9511,6114,6207,0
287500.0,2,2,1,49,-1,-1,-1,-1,0,-1,1078.8,1000,1685,3207,1941,329,1300.0,1685,3207,0,329,2208,0
287500.0,2,2,2,39,-1,-1,-1,-1,-1,-1,379.2,316,316,316,316,466,410.8,316,316,316,466,466,0
450000.0,2,2,2,48,-2,-2,-2,-2,-2,-2,0.0,0,0,0,0,0,0.0,0,0,0,0,84216,0
37500.0,2,1,2,29,1,2,0,0,2,2,35815.2,28941,18643,19005,12751,10891,0.0,4000,600,0,2500,419,0
287500.0,2,3,1,52,0,0,0,0,0,0,219344.4,173108,163937,90980,91180,90260,9100.0,5665,4154,3300,3418,3600,0
62500.0,1,3,2,57,0,0,0,0,-2,-2,60860.399999999994,36507,14890,0,0,0,1764.1000000000001,1000,0,0,0,0,1
375000.0,2,1,1,42,-1,-1,-1,-1,-1,-1,6925.2,3217,19615,11123,10266,12467,4182.1,19615,11123,10266,12467,5041,0
62500.0,2,2,2,49,-1,-1,-1,-1,0,0,468.0,390,390,18015,17150,17102,507.0,390,18015,400,342,3334,0
62500.0,2,1,2,30,0,0,0,0,0,0,53569.2,45769,47397,40345,31003,29693,2431.0,2500,3017,1060,1300,2000,0
12500.0,1,2,2,47,1,2,0,0,0,0,11976.0,9178,7912,4838,10096,10112,1300.0,1517,194,6700,1000,1500,1
500000.0,1,1,2,37,-1,-1,-1,-1,0,0,630.0,1610,566,21373,16663,7873,2093.0,285,22240,4200,905,4607,0
62500.0,2,2,2,38,2,0,0,0,0,0,33302.4,28787,29800,30393,31031,33020,1933.1000000000001,1500,1081,1121,2500,0,1
150000.0,1,2,1,44,-1,-1,-1,-1,-1,-1,36000.0,0,10780,0,12000,0,0.0,10780,0,12000,0,1000,0
537500.0,2,1,1,48,0,-1,-1,-1,-1,-1,36000.0,28490,33490,30636,30240,0,37241.1,35000,30636,30241,0,179,0
137500.0,2,2,2,29,1,2,2,0,0,-1,81681.59999999999,70276,68044,34059,20284,31179,5070.0,0,10452,6475,51179,7760,0
25000.0,2,2,1,47,0,0,0,0,0,3,7603.2,7350,8370,9380,10078,10072,1462.5,1145,1154,852,150,0,1
287500.0,2,2,1,53,0,0,0,0,0,0,413349.6,320215,298031,272103,205797,179247,14300.0,12500,11000,7000,36700,6650,0
125000.0,1,1,2,43,0,-1,-1,0,0,0,3650.4,1427,102996,70626,69473,55004,2600.0,111784,4000,3000,2000,2000,0
162500.0,2,2,1,34,1,2,2,2,2,2,102410.4,88063,89895,87577,93136,91551,6500.0,4100,0,7000,0,7200,0
150000.0,2,2,2,36,0,0,0,0,0,0,31568.399999999998,27361,28878,30428,31818,34293,1927.9,2000,2000,2000,3000,3000,0
237500.0,2,2,2,33,0,0,0,0,0,2,226044.0,188550,187521,190448,195492,190598,11310.0,8500,9270,14100,0,7200,0
275000.0,2,1,1,36,0,0,0,0,0,0,262555.2,178554,126132,120827,119823,119460,7200.7,7449,3005,2400,21577,10000,0
237500.0,1,1,2,36,0,0,0,2,2,0,125403.59999999999,106773,114791,106414,96980,90700,5200.0,9844,3283,24,3297,3325,0
212500.0,1,1,2,31,0,0,0,0,0,0,141700.8,112312,107396,96064,96984,93711,4940.0,13000,3593,3020,3090,2916,0
262500.0,2,1,1,59,0,0,0,0,0,-1,19626.0,18063,18077,14113,7049,2026,3900.0,2000,3000,150,2026,1026,0
262500.0,1,2,2,40,0,0,0,0,0,0,158347.19999999998,134755,139089,140488,143649,146834,6500.0,6507,5200,5500,5500,5510,0
100000.0,2,2,2,41,2,0,0,-2,-2,-2,23605.2,20650,0,0,0,0,2210.0,0,0,0,0,0,1
62500.0,2,1,2,32,2,0,0,0,0,0,59155.2,50080,50725,43492,44377,41297,2445.3,1915,1472,4012,2008,10002,0
25000.0,1,1,1,38,0,0,0,0,0,0,24331.2,20134,20298,19269,19254,19484,1723.8,1326,1287,662,903,500,0
250000.0,2,2,1,35,0,0,0,0,0,0,233696.4,197031,196787,194632,198839,196550,11700.0,7100,7100,7400,7200,7300,0
250000.0,2,2,2,34,-1,-1,-1,-1,0,0,22281.6,0,980,3682,3682,0,0.0,1029,3682,0,0,590,0
125000.0,2,1,1,56,0,0,0,0,0,0,113096.4,87079,89076,91143,77655,78518,4160.0,3400,3700,2800,2900,3100,0
375000.0,2,2,1,35,-2,-2,-2,-2,-2,-2,0.0,0,0,0,0,0,0.0,0,0,0,0,0,0
300000.0,2,2,2,41,-1,-1,-1,-1,-2,-2,4706.4,2947,297,0,0,0,3831.1,297,0,0,0,0,1
37500.0,2,2,2,29,2,2,3,3,3,3,1260.0,1050,1050,1050,1050,1050,0.0,0,0,0,0,0,1
50000.0,1,1,2,30,-1,-1,-1,0,-1,0,2335.2,17810,2872,396,2462,396,23153.0,2872,0,2462,0,17188,1
25000.0,1,2,1,64,1,-1,0,0,-1,-1,0.0,30322,20033,19871,15410,18969,67706.6,15800,2000,20085,39070,25000,0
300000.0,1,1,2,39,1,2,-1,-1,0,0,48343.2,38008,9497,9124,7128,2745,18.2,9497,9124,2000,1200,1000,0
37500.0,1,1,2,35,1,2,2,2,0,0,26395.2,21356,23496,22820,23352,23963,0.0,2500,0,900,1000,1200,1
337500.0,2,3,1,48,-1,-1,-2,-1,-1,0,3322.7999999999997,0,0,1074,3292,2106,0.0,0,1074,3292,0,508,0
37500.0,1,5,2,43,0,0,-2,-2,-2,-2,36000.0,0,0,0,0,0,0.0,0,0,1500,0,0,0
25000.0,2,2,2,32,0,0,0,0,0,0,18297.6,16255,17282,18293,18661,20157,1644.5,1292,1303,671,1800,0,0
362500.0,2,1,2,51,0,0,-1,-1,-1,-1,136341.6,289002,1332,21429,2228,156721,44859.1,1343,21542,2239,156733,7219,0
112500.0,2,2,2,28,1,3,2,0,0,0,47726.4,38836,36654,32747,33091,33291,0.0,15,1831,1175,1338,1216,0
112500.0,2,2,1,40,1,2,2,2,2,2,27758.399999999998,22474,28067,27320,31199,30548,0.0,6000,0,4500,0,2000,0
100000.0,2,2,2,27,-1,-1,-1,0,0,-1,4123.2,3473,10007,3584,2961,3831,4514.900000000001,10020,2986,22,3835,5683,0
450000.0,1,3,1,67,0,0,0,0,0,2,281790.0,242378,235716,171573,95455,91687,19500.0,12000,10000,10000,0,10000,0
300000.0,2,1,2,42,3,2,2,2,2,2,197629.19999999998,167489,170329,173033,175678,179707,9100.0,7000,7000,7000,7000,7000,1
100000.0,2,2,2,47,0,0,0,0,0,0,51187.2,39657,30297,30633,31190,30905,1974.7,2000,2000,1312,3200,1200,0
187500.0,1,3,2,37,0,0,0,0,0,0,180241.19999999998,125858,105266,51456,35288,29818,6550.7,4030,1500,706,1000,0,0
437500.0,2,1,1,38,-2,-2,-2,-2,-2,-2,7219.2,4322,5568,9571,6370,9674,5652.400000000001,5596,9632,6402,9722,24086,0
25000.0,2,3,1,38,0,0,0,0,0,0,3490.7999999999997,3537,4120,3802,3484,3152,1591.2,1197,269,269,261,227,0
450000.0,1,2,1,49,0,0,0,0,2,0,324297.6,138566,142337,149758,147152,149460,6500.0,5000,8600,0,5000,5000,0
525000.0,2,1,2,38,-1,-1,-2,-2,-1,-1,30861.6,0,0,0,1643,6800,0.0,0,0,1643,3400,403500,0
37500.0,2,2,1,40,2,2,2,2,2,2,21456.0,19288,20313,19696,20670,20200,2600.0,1626,0,1600,0,1126,1
175000.0,1,1,2,32,0,0,0,0,0,0,157086.0,122390,122024,112367,67820,66595,7887.1,6723,4069,5000,3200,3000,0
100000.0,1,2,2,38,-1,-1,-1,-1,-1,-1,38872.799999999996,23160,31484,396,3832,3867,30140.5,31610,396,3832,3867,1500,0
150000.0,1,1,2,32,0,0,0,0,0,0,25048.8,21930,22165,20502,19030,15119,2210.0,1500,700,1000,1000,1000,0
25000.0,1,2,2,38,0,0,0,0,0,2,15021.599999999999,12889,9638,8878,6474,2771,1690.0,1000,1000,500,0,0,0
125000.0,2,1,1,50,1,-1,-1,-2,-2,-2,0.0,5220,0,0,0,0,6786.0,0,0,0,0,0,1
62500.0,1,3,1,35,0,0,0,0,0,0,44649.6,38204,39243,40255,41057,41914,2099.5,1654,1666,1468,1517,1528,1
100000.0,2,2,2,27,0,0,0,0,0,0,91686.0,77043,79524,75773,29126,8671,3614.0,3745,1628,596,173,2114,0
87500.0,2,3,1,51,0,0,0,2,2,2,13598.4,12093,13891,13371,14654,14271,1625.0,2000,0,1500,0,600,1
137500.0,2,1,2,32,0,0,0,0,0,0,136153.19999999998,112026,111792,111936,112030,111975,5526.3,4218,4167,4238,4181,4246,0
487500.0,2,3,1,63,-2,-2,-2,-2,-2,-2,1423.2,15523,0,609,0,0,20354.100000000002,0,609,0,0,0,0
500000.0,2,2,1,50,-1,-1,-1,-1,-1,-1,10899.6,12641,15377,14757,44843,6622,16455.4,15384,14757,44843,6622,6309,0
375000.0,1,2,1,46,0,0,0,0,-1,0,47112.0,29318,16703,16000,10154,10154,2667.6,3012,2048,10154,0,4589,0
225000.0,2,2,1,29,0,0,-2,-1,-1,-2,7526.4,0,0,1000,2190,0,0.0,0,1000,2190,0,384,0
250000.0,1,1,1,54,-1,-1,-1,-1,-1,-1,1652.3999999999999,528,216,1311,2842,0,1029.6000000000001,216,1311,2842,0,623,1
62500.0,2,2,1,42,0,0,0,0,0,-1,29256.0,23325,21940,20718,24048,5017,1775.8,1400,1200,5000,5017,71,0
62500.0,1,2,1,42,0,0,0,0,0,0,58854.0,50174,43647,19305,20025,18584,2600.0,2000,1000,1000,1000,1000,1
225000.0,2,3,2,32,-1,-1,-1,-1,-1,-1,4293.599999999999,3898,0,715,4079,0,5067.400000000001,0,715,6942,0,213,0
287500.0,2,2,1,40,-1,-1,-1,-1,-1,0,8442.0,2954,13375,0,8808,6632,3859.7000000000003,13441,0,8818,4,28,0
100000.0,2,2,2,51,0,0,0,2,0,0,95774.4,80717,80366,74782,47767,49278,3710.2000000000003,7014,44,1693,4000,0,0
25000.0,2,2,2,27,2,0,0,0,0,0,24658.8,21301,22251,18040,18402,19118,1820.0,1300,1284,646,1000,836,0
287500.0,2,1,2,41,-2,-2,-2,-2,-2,-2,0.0,0,0,1279,0,2794,0.0,0,1279,0,2794,0,0
62500.0,2,2,2,31,1,2,2,0,0,0,61040.399999999994,51486,48869,30115,29527,29998,2223.0,136,1206,2002,2005,3003,0
200000.0,2,2,2,34,2,2,-1,-1,-1,-1,2386.7999999999997,0,866,0,892,0,0.0,874,0,892,0,594,1
37500.0,2,2,2,27,0,0,0,0,0,0,36862.799999999996,30123,30112,26763,22303,24397,2470.0,1626,1267,766,10000,919,0
575000.0,1,4,1,40,-2,-1,-1,-1,-1,-2,0.0,737,4856,6696,1327,0,958.1,4872,6696,1327,0,1782,0
425000.0,1,1,2,34,0,0,0,0,0,0,332568.0,272579,271986,227152,221218,159462,13000.0,13012,8008,8343,9463,196000,1
112500.0,2,1,2,33,-1,-1,-1,0,0,0,1039.2,148,377,4229,6109,8832,192.4,377,4000,2109,2832,316,0
50000.0,2,3,1,48,-1,-1,-1,2,0,0,936.0,177,1583,1020,630,240,230.1,1583,0,0,0,1080,0
87500.0,2,3,2,29,0,0,0,0,0,0,6759.599999999999,6646,7665,8836,9532,9730,1448.2,1133,1304,1000,351,2523,0
325000.0,1,1,2,35,-1,-1,-1,-1,-1,-1,478.79999999999995,399,399,399,399,399,518.7,399,399,399,399,399,1
37500.0,1,3,2,28,2,2,2,2,2,2,12878.4,20501,20831,21231,20589,31018,13000.0,1000,1000,0,13000,0,0
800000.0,2,2,2,44,0,0,0,0,0,0,143864.4,123223,119211,118722,105197,93921,13000.0,10000,10535,15000,5000,13627,0
62500.0,2,2,1,44,0,0,0,0,0,0,26624.399999999998,23755,21772,22541,22871,23989,6500.0,2049,5000,1500,1500,3000,0
137500.0,2,1,2,32,0,0,0,0,0,-1,9703.199999999999,8848,9283,8950,8943,333,1601.6000000000001,1000,0,326,333,12425,0
175000.0,2,2,2,31,-1,0,0,0,0,0,11506.8,78122,79327,117859,120556,122894,91000.0,3100,40000,4600,4500,4800,0
200000.0,2,5,2,57,0,0,0,0,0,0,188421.6,135516,117895,86943,23433,20000,6500.0,5000,2200,500,1000,0,0
62500.0,2,2,1,28,0,0,0,0,0,0,6258.0,6232,7251,8326,9184,10031,1437.8,1125,1200,1000,1000,1000,1
312500.0,2,1,1,42,0,0,0,0,0,0,16204.8,13486,14261,7019,7062,7242,1647.1000000000001,1310,232,238,279,122,0
125000.0,2,2,2,29,0,0,0,0,0,0,78892.8,67050,68456,69849,71240,72736,3117.4,2485,2532,2549,2643,3000,0
25000.0,2,2,2,27,0,0,0,0,0,0,19201.2,12622,13221,13130,14034,14906,1575.6000000000001,1201,500,1500,1500,1000,0
37500.0,2,2,2,41,0,0,0,0,0,0,14275.199999999999,12990,14073,15131,15579,16175,2080.0,1600,1600,1000,1000,1000,0
500000.0,2,2,2,46,-2,-2,-2,-2,-2,-2,52406.4,678,330,330,330,330,881.4,330,330,330,330,330,1
150000.0,2,3,1,44,1,-2,-2,-2,-2,-2,0.0,0,0,0,0,0,0.0,0,0,0,0,0,1
300000.0,2,3,1,37,-1,-1,-1,-1,-1,0,1663.2,1207,1357,1559,23506,21532,1569.1000000000001,1357,1559,23506,1603,1407,0
62500.0,1,1,2,31,1,-2,-2,-2,-2,-2,0.0,0,0,0,0,0,0.0,0,0,0,0,0,0
125000.0,1,2,2,30,-1,-1,-1,-1,-1,-1,499.2,416,0,416,416,1850,540.8000000000001,0,832,416,1850,0,0
250000.0,2,1,2,34,-1,-1,-1,-1,-2,-1,10766.4,0,65,0,0,5162,0.0,65,0,0,5162,0,1
450000.0,1,1,2,39,-1,2,0,0,0,-2,10.799999999999999,9,2009,1029,0,0,0.0,2000,0,0,0,399,1
250000.0,1,2,2,44,0,0,0,0,0,0,18165.6,16396,6989,6619,7362,7252,1966.9,1106,335,845,1513,413,0
112500.0,1,2,2,30,0,0,0,0,0,0,109381.2,88937,91097,52285,46430,47404,4488.900000000001,3868,1960,1658,1718,2200,0
62500.0,1,2,1,43,1,2,0,0,0,0,69722.4,59011,56272,53663,51507,50616,3250.0,2500,2000,2000,3200,2000,0
325000.0,2,2,2,38,2,2,2,0,0,0,309780.0,265961,258903,131150,214180,153755,26630.5,27,2914,159658,5592,5837,1
137500.0,1,3,2,34,0,0,0,0,0,2,77221.2,64739,75697,86483,97054,105553,1839.5,12182,12201,12403,10350,3000,1
125000.0,1,2,2,28,-1,-1,-1,-1,-1,-1,349.2,291,291,291,291,291,378.3,291,291,291,291,291,0
250000.0,1,2,2,34,2,2,2,2,2,2,206790.0,174082,177684,180259,183704,186507,7800.0,8000,7000,6500,6000,5600,1
225000.0,2,2,2,48,-1,-1,-1,-1,-1,0,651.6,0,2145,12532,655,390,0.0,3212,12532,655,157,2063,0
425000.0,2,1,1,35,0,0,0,0,0,0,422193.6,280067,259651,243094,223907,216912,39098.8,25118,20085,10041,8184,6626,0
112500.0,2,3,2,31,0,-1,0,0,0,-1,3921.6,6745,3402,8652,5381,7190,8768.5,1131,5381,4,7190,0,1
62500.0,1,3,1,48,0,0,0,0,0,0,33144.0,28923,29955,30666,31275,31940,2297.1,1799,1510,1119,1169,2000,1
25000.0,1,2,1,52,0,0,0,2,2,2,12753.6,11650,14252,13678,15041,14751,1560.0,2800,0,1500,0,1000,1
112500.0,1,2,1,49,2,0,0,0,0,0,70074.0,59559,61640,62793,63493,67204,2774.2000000000003,3043,3000,2300,4506,15490,1
375000.0,2,2,2,31,0,0,0,0,0,0,76110.0,50294,38235,29944,26259,26288,3906.5,2691,2400,1000,1000,859,0
100000.0,1,2,2,44,3,2,0,0,0,0,90762.0,73830,74968,23867,23130,0,0.0,2968,1867,463,0,0,1
62500.0,1,2,2,35,0,0,0,0,0,0,56532.0,48447,48345,20079,20656,19818,3121.3,1735,700,876,711,701,0
12500.0,2,2,2,31,0,0,0,0,0,0,7615.2,7364,8374,8540,8719,8905,1467.7,1139,305,316,331,303,0
250000.0,2,3,1,47,-1,-1,-1,-1,-1,-1,1029.6,1406,3673,0,150,609,1827.8,3673,0,150,609,939,0
262500.0,2,2,1,50,0,0,0,0,0,0,251394.0,213691,214177,192223,125412,113281,10400.0,10730,7100,4052,4000,3300,0
625000.0,2,2,1,41,0,0,0,0,0,0,423583.2,352870,350017,347410,337015,332360,16920.8,13172,15200,12000,13617,13000,0
87500.0,1,3,2,58,0,0,0,0,0,0,11913.6,11259,12262,17046,17618,18321,1946.1000000000001,1500,5000,1000,1000,1000,0
200000.0,1,2,2,33,1,2,2,2,2,2,195313.19999999998,164692,159948,161469,162129,154704,7800.0,14,12000,6000,0,11318,0
62500.0,1,1,3,42,0,0,2,0,0,0,54663.6,49457,47080,45833,45310,6313,8221.2,0,1200,1000,126,1000,0
125000.0,2,3,1,34,4,3,2,0,0,-1,210529.19999999998,153992,132132,114431,116766,95961,0.0,0,0,2335,102075,0,1
150000.0,2,2,1,36,0,0,0,0,2,2,56083.2,75853,79570,106523,108614,107519,39000.0,5000,30000,3900,4000,3800,1
100000.0,1,2,3,45,0,0,0,0,0,0,86622.0,76854,72408,72832,46473,50329,16458.0,4573,3500,2000,5000,2000,0
300000.0,2,1,2,39,-1,-1,-2,-2,-2,-2,5964.0,0,0,0,0,0,0.0,0,0,0,0,0,0
187500.0,2,2,1,45,-1,-1,-1,-1,-1,-1,19222.8,0,7937,3307,2894,0,0.0,7937,3307,2894,0,0,0
175000.0,2,2,1,43,0,0,2,0,0,0,101446.8,96604,90785,95736,95912,97070,23400.0,0,10000,5000,6000,6000,0
250000.0,1,2,1,46,1,2,2,2,2,-1,13441.199999999999,1383,976,1126,563,413,1274.0,0,563,0,413,2513,0
62500.0,1,3,1,52,1,3,2,0,0,-1,5710.8,4540,4284,2946,1473,1473,0.0,0,0,0,1473,1473,1
25000.0,1,2,1,60,0,0,0,0,0,0,18951.6,16823,17848,27843,19352,19938,1690.0,1302,1320,1137,1000,510,0
325000.0,2,1,1,45,-1,-1,-1,-1,-1,-1,75927.59999999999,49857,75036,96787,16576,6844,64814.100000000006,75038,96793,16576,6844,8954,0
250000.0,2,3,3,50,-1,-1,-1,-1,-1,-1,5316.0,7182,3855,3411,6788,9921,9350.9,3855,3411,6788,9921,5016,0
62500.0,1,2,2,30,-1,3,2,0,0,0,12834.0,10386,9993,9993,15300,0,0.0,0,200,5307,0,0,1
262500.0,1,2,1,47,0,0,0,0,0,0,106197.59999999999,168938,79989,69800,54256,48256,4621.5,2253,1404,1085,1652,5595,0
225000.0,2,2,1,44,-1,-1,0,-1,0,0,3082.7999999999997,11662,11867,8111,6312,3739,15160.6,6003,8111,273,3739,6547,0
337500.0,2,1,1,49,-2,-2,-2,-2,-2,-2,0.0,2894,25417,3839,1794,2459,3900.0,25500,4000,2000,2459,10000,0
300000.0,1,1,2,62,0,0,0,0,0,0,268849.2,238077,245387,248945,224776,11567,24440.0,12000,10000,20019,3000,9000,0
25000.0,1,1,1,49,0,0,0,0,0,0,21568.8,32768,16057,14189,13265,12214,2600.0,1506,1000,800,1000,1000,0
12500.0,2,2,1,34,0,0,0,0,0,0,8604.0,8158,9593,10104,9923,8032,1950.0,2000,1000,313,356,3000,1
400000.0,2,2,1,42,2,2,2,2,2,2,347112.0,297888,304025,308421,315291,310339,18850.0,12001,10500,13000,1,120021,0
100000.0,1,3,2,32,0,0,0,0,0,0,69987.59999999999,60741,62813,65151,66568,70168,5200.0,3662,4000,2500,4509,2309,0
62500.0,2,2,1,32,0,0,0,0,0,0,54758.4,42750,39776,33164,34781,30231,2388.1,2500,1390,2007,2000,2000,0
112500.0,2,3,1,38,2,2,2,2,2,2,90742.8,77116,78252,78470,81056,82572,4290.0,3000,2100,4000,3001,3100,0
450000.0,2,2,1,38,-2,-2,-2,-2,-2,-2,0.0,0,3240,1943,0,0,0.0,3240,1943,0,0,0,1
350000.0,2,1,2,67,2,2,2,2,2,2,3000.0,2500,2500,2500,2500,2500,0.0,0,0,0,0,0,1
112500.0,2,2,1,55,0,0,-1,0,0,2,87408.0,0,13009,17405,20115,19655,0.0,13009,4627,3000,0,3000,0
200000.0,1,3,1,38,0,0,0,0,-2,-2,30069.6,20624,16280,0,0,0,1747.2,1000,0,0,0,0,0
12500.0,2,3,1,29,0,0,0,0,0,0,9939.6,8754,9436,5856,6059,5999,1950.0,1246,210,298,120,0,0
75000.0,1,3,2,29,0,0,0,0,0,0,20464.8,16963,17298,17889,17847,17827,2080.0,1300,1277,625,644,639,0
375000.0,1,1,1,43,-1,-1,-2,-2,-2,-2,2742.0,0,0,0,0,0,0.0,0,0,0,0,0,0
87500.0,1,2,2,67,1,2,0,0,0,2,29562.0,23020,22496,22070,22101,20724,1430.0,1703,1000,1800,0,900,0
37500.0,1,3,1,37,0,0,0,0,0,-1,33950.4,30494,28317,16454,450,1400,3900.0,1431,483,0,700,0,0
150000.0,2,1,2,30,0,0,0,-1,0,-1,13717.199999999999,6857,6865,8209,4825,4322,7800.0,3147,12000,4000,5000,1759,0
262500.0,2,2,1,41,0,0,0,0,-1,0,5854.8,5373,6811,10161,2922,1461,3900.0,3000,5000,2922,0,1461,0
62500.0,1,3,2,33,1,-1,-1,0,-1,-1,0.0,99,103,249,386,11504,13000.0,103,245,386,11504,2000,0
500000.0,2,1,1,33,-1,-1,2,0,0,0,7800.0,405016,391178,392932,394410,410127,526520.8,0,14000,13560,28000,0,0
37500.0,2,2,1,61,0,0,0,2,0,0,12278.4,11564,14099,13580,13657,16356,1963.0,3042,0,600,2942,600,1
100000.0,2,2,1,60,0,0,0,0,0,0,95779.2,29536,28870,25049,23881,23668,2080.0,1514,1505,1005,2026,2000,0
75000.0,2,2,1,48,0,0,0,0,0,0,72945.59999999999,61005,60164,31211,30374,30432,3250.0,3001,3003,2000,2001,2000,0
37500.0,1,3,1,52,0,0,0,0,0,0,34707.6,29803,25373,23231,23913,21120,2061.8,1365,1663,5106,1050,0,0
250000.0,1,1,1,48,0,0,-1,0,0,0,242670.0,0,190829,96686,100131,102467,1337.7,200000,10000,5000,4000,4000,0
37500.0,1,3,2,47,0,0,2,0,0,-1,33290.4,31130,29105,58840,28840,1319,5980.0,0,1060,1091,1319,565,0
625000.0,2,1,1,43,0,0,0,2,-1,-1,65744.4,72780,48785,16025,19120,11461,26019.5,1670,0,19120,11461,18038,0
187500.0,1,1,2,35,2,2,2,2,2,2,20822.399999999998,21338,20304,21585,20718,22813,6500.0,0,2000,0,3000,0,1
75000.0,2,2,1,40,0,0,0,0,0,3,24195.6,21517,22860,25154,29387,30607,2600.0,2000,3000,5000,2000,6000,0
100000.0,2,2,1,41,-1,-1,-1,-1,-1,-1,3289.2,9266,1125,4380,2210,1150,12045.800000000001,1125,4401,2210,1150,390,0
100000.0,2,1,2,29,0,0,0,-1,-1,0,50852.4,32482,20782,11632,64989,62392,2610.4,1000,11632,64989,1470,5027,0
62500.0,1,3,2,49,0,0,0,2,0,0,59893.2,50525,51463,49952,19584,19080,2290.6,4800,0,837,700,1000,0
250000.0,1,3,2,60,0,0,0,0,0,0,234608.4,182942,176158,159556,162943,156612,9162.4,6000,6000,5800,6000,6000,0
125000.0,1,3,1,49,-1,-1,-1,-1,-1,-1,936.0,0,390,390,390,390,0.0,390,390,390,390,390,1
250000.0,1,1,1,51,0,0,0,0,0,0,64371.6,54300,55039,55712,56421,57203,2294.5,1828,1811,1816,1880,4123,0
112500.0,2,2,1,37,1,2,2,2,2,2,103196.4,83779,88577,86365,91105,89347,0.0,7200,0,6200,24,3300,0
62500.0,2,1,2,29,2,0,0,0,0,0,52653.6,42490,36540,16077,12134,12389,2688.4,2065,1246,450,451,475,1
625000.0,1,1,1,53,0,0,0,0,0,0,129114.0,109605,113409,114191,117285,120388,6500.0,5571,4152,5000,5000,5000,0
325000.0,1,1,1,45,-1,-1,-1,-1,-1,-1,628.8,248,552,0,80,121,322.40000000000003,552,0,80,121,219,0
250000.0,2,1,1,42,-1,-1,0,-1,0,0,1658.3999999999999,23942,18143,11770,22155,13235,31192.2,10112,11770,12155,3000,30075,0
200000.0,1,3,1,38,-1,-1,-1,-1,-1,-1,391.2,326,326,326,326,326,423.8,326,326,326,326,326,0
62500.0,1,2,1,43,0,0,0,0,0,0,30970.8,14888,20803,18395,18386,18420,2600.0,20000,700,665,727,505,0
12500.0,2,2,2,28,0,0,0,0,2,0,10243.199999999999,8617,7902,9166,8885,9185,1452.1000000000001,1302,1566,0,429,182,0
250000.0,2,2,2,31,-2,-2,-2,-2,-2,-2,0.0,0,0,0,0,0,0.0,0,0,0,0,0,0
62500.0,1,3,2,47,2,0,0,0,0,2,5836.8,5876,6898,7910,8681,8397,1627.6000000000001,1274,1286,1057,0,306,0
75000.0,1,2,2,34,0,0,0,0,0,0,61081.2,54050,54555,15177,16610,16821,5200.0,2500,2000,2000,628,3525,0
125000.0,2,2,2,35,0,0,2,-1,0,0,2902.7999999999997,3123,177,1170,390,0,2830.1,0,1170,0,0,19760,0
62500.0,1,2,1,36,1,2,0,0,0,0,61443.6,50110,51066,50737,50827,50856,0.0,2100,1800,1900,2100,1800,0
250000.0,1,3,2,38,0,0,0,0,0,-1,267776.39999999997,211336,200691,136379,17000,36932,10888.800000000001,8589,6137,2300,18649,616,0
62500.0,2,2,1,44,1,2,2,2,2,2,20379.6,16413,21128,20492,30079,29460,0.0,5000,0,10000,0,10000,1
487500.0,2,1,2,34,-2,-2,-1,-1,-1,-1,0.0,0,1630,1871,2400,3480,0.0,1630,1871,2400,3480,1600,0
25000.0,1,2,1,43,0,0,0,0,2,0,8058.0,7736,8745,9394,9101,9282,1673.1000000000001,1296,945,0,481,829,0
37500.0,2,2,2,57,0,0,0,0,2,0,23554.8,20639,22302,23208,21822,16624,1742.0,2000,1800,0,641,463,0
37500.0,2,2,1,47,0,0,0,0,0,0,57494.4,25023,25768,26410,27960,46254,2281.5,1500,1000,1909,1000,2000,0
225000.0,2,1,2,38,0,0,0,0,0,0,21846.0,22876,26930,29530,47722,2500,6500.0,5000,3000,0,0,2598,0
25000.0,1,2,2,43,1,3,2,2,0,0,31545.6,23822,22922,22140,19170,17170,0.0,1500,18,2383,0,0,0
187500.0,2,2,2,33,0,0,0,0,0,0,74546.4,46576,43583,45569,46533,47653,2600.0,2500,3000,2000,2000,3000,0
37500.0,1,2,2,28,0,0,0,0,0,0,32452.8,28384,29037,29667,29669,29995,2600.0,1427,1291,1029,1229,549,0
100000.0,2,1,1,40,-1,-1,-2,-2,-1,-1,1200.0,0,0,0,490,707,0.0,0,0,490,707,450,1
62500.0,2,1,2,30,0,0,0,2,0,0,60807.6,47278,44993,36782,30442,29636,3250.0,4000,0,1200,1250,1300,0
250000.0,1,3,1,45,2,0,0,2,2,2,109641.59999999999,92989,99704,101169,103401,109831,5200.0,8300,4000,4000,8300,0,1
225000.0,2,1,1,51,-1,-1,-1,-1,-1,-1,11410.8,15419,14188,11926,9718,34322,21266.7,14293,11949,9737,34449,25691,0
400000.0,2,2,2,29,-1,-1,-1,0,-1,-1,53400.0,51257,54659,35196,71244,35299,66734.2,54726,103,71404,35448,47699,0
625000.0,1,1,2,56,0,0,0,0,0,0,95353.2,75952,77726,79494,83150,85805,3900.0,3000,4000,5000,4000,4000,0
137500.0,1,1,2,45,0,0,0,0,0,0,122137.2,101811,105848,103018,42298,43464,4810.0,5700,3100,2000,2000,1700,0
300000.0,2,1,2,35,-2,-2,-2,-2,-2,-2,0.0,0,2999,0,0,0,0.0,2999,0,0,0,0,0
387500.0,2,2,1,37,0,0,0,0,0,0,83863.2,70950,71403,69478,53786,52791,2830.1,2216,1879,1563,2000,1539,0
137500.0,2,2,1,41,1,2,0,0,2,2,12537.6,10144,14516,19396,9298,14116,0.0,5000,5000,0,5000,0,1
37500.0,1,2,1,44,0,0,0,0,0,0,35391.6,30346,28777,27962,26306,28994,2607.8,1500,3000,3000,9000,2000,1
25000.0,2,3,1,49,-2,-2,-2,-2,-1,-1,1003.1999999999999,390,390,390,1487,3560,507.0,390,390,1487,3560,15000,0
300000.0,2,1,2,34,0,0,0,0,0,0,229270.8,197548,203823,216971,223048,228755,13000.0,10000,17000,10000,10000,8000,0
62500.0,2,2,2,42,1,2,2,2,2,2,16809.6,13493,17259,16684,18017,17581,0.0,4000,0,1600,0,3000,1
62500.0,2,1,1,46,0,0,0,0,0,0,57286.799999999996,47481,47066,44367,27496,27677,2600.0,1817,2000,1500,1001,1010,0
375000.0,2,1,2,33,-1,-1,-1,-1,0,0,19312.8,2259,0,12880,14895,9386,2936.7000000000003,0,12880,2500,200,280,0
187500.0,1,2,1,36,-2,-2,-2,-2,-2,-2,600.0,15338,0,0,650,1430,19939.4,0,0,650,1430,1200,0
325000.0,1,3,1,54,-2,-2,-2,-1,-1,-2,10384.8,15260,6790,10070,585,435,19926.4,6914,10098,585,435,427,0
112500.0,2,2,2,41,1,-2,-2,-2,-2,-2,0.0,0,0,0,0,0,0.0,0,0,0,0,3500,1
75000.0,1,2,2,30,2,2,2,0,0,0,43308.0,22083,15444,13695,17598,17472,2622.1,5,1000,5000,1000,603,1
100000.0,2,2,2,30,0,0,0,0,0,0,44169.6,38190,39571,40775,40592,20650,2600.0,2000,1867,1784,1050,0,0
225000.0,2,1,1,51,0,0,-2,-2,-2,-2,221580.0,0,0,0,0,0,0.0,0,0,0,0,0,0
287500.0,2,2,2,33,-1,-1,-1,-1,-1,-1,2944.7999999999997,1197,4556,4316,4316,4316,1556.1000000000001,4566,4316,4316,4316,4316,0
437500.0,1,3,1,49,-1,-1,-1,-1,-1,-1,320030.39999999997,3551,33112,2341,63698,38355,4639.7,33276,2353,64017,38546,435,0
187500.0,1,2,2,32,0,0,0,0,0,0,100840.8,81537,78407,73688,56995,52887,6584.5,20028,3152,2025,5211,10061,0
62500.0,2,3,1,66,2,0,0,0,2,0,6019.2,6065,6985,6354,4908,3724,1475.5,1055,656,0,133,50,0
625000.0,1,3,1,54,-1,-1,-1,-1,-1,-1,15043.199999999999,27882,35031,42145,7347,152769,36429.9,35477,42360,7387,153532,15603,0
112500.0,1,2,2,34,0,0,0,0,0,0,102922.8,87877,89766,63793,24265,25713,4595.5,3703,2085,1026,2000,2000,0
450000.0,2,1,1,40,-1,-1,-2,-2,-2,-2,12745.199999999999,0,0,0,150,137,0.0,0,0,150,137,0,0
512500.0,2,5,1,47,0,0,0,0,0,0,405727.2,342904,344464,240865,234939,240176,19500.0,14000,9000,8500,9000,8300,0
937500.0,2,1,1,46,0,0,0,0,-1,-1,220826.4,163441,92767,75696,35485,4889,8862.1,2330,2705,50854,4913,550,0
37500.0,2,3,1,38,1,2,2,2,0,0,47994.0,38049,35435,31976,29704,27687,2210.0,1100,0,1030,1000,3330,0
300000.0,2,3,1,40,0,0,0,0,0,0,285799.2,236686,186613,189470,119525,121178,11078.6,9100,8244,5000,5000,4011,1
500000.0,2,4,1,42,-2,-2,-2,-2,-2,-2,17866.8,929,1191,11930,11286,5766,1207.7,1191,11930,11286,5766,16520,0
225000.0,2,1,2,32,-1,0,0,0,2,0,5611.2,5764,6837,9367,8758,8800,1950.0,1500,2989,0,500,500,0
12500.0,2,3,1,49,5,4,3,2,2,2,10413.6,8401,8128,7841,8579,8317,0.0,0,0,1000,0,1000,1
62500.0,1,2,2,29,-1,-1,-1,-1,-1,0,468.0,390,390,390,780,390,507.0,390,390,780,0,390,1
362500.0,1,2,1,43,-1,-1,-1,-1,-1,0,3764.3999999999996,7999,2948,0,11037,17834,10454.6,2980,2777,17941,10002,10000,0
300000.0,2,1,2,33,0,0,0,0,0,0,285159.6,200572,189615,197092,201528,197155,9184.5,6002,10002,7030,6275,8088,0
100000.0,2,2,1,51,0,0,-1,0,0,0,5690.4,3913,6383,5016,1760,2783,1660.1000000000001,6387,102,35,1850,6099,0
162500.0,1,2,1,52,-1,-1,-1,-1,-1,-2,7004.4,21038,722,4399,0,0,27349.4,729,4399,0,0,5239,0
225000.0,1,1,1,50,-1,-1,-1,-1,-1,-1,5343.599999999999,3310,7226,5060,2832,1890,4303.0,7228,5060,2832,1890,2576,0
250000.0,2,1,2,32,-1,-1,-2,-2,-1,-1,160.79999999999998,0,0,0,101,0,0.0,0,0,101,0,0,0
25000.0,1,1,2,28,-1,-1,-1,-1,-1,-1,17636.399999999998,11983,4098,14899,10170,7151,16227.900000000001,4098,14899,10170,427,0,0
287500.0,2,2,2,40,-2,-2,-2,-2,-2,-2,0.0,0,0,0,0,0,0.0,0,0,0,0,0,1
62500.0,1,3,3,60,0,0,0,0,0,0,28197.6,22625,20197,19528,19520,17420,1736.8,1348,1257,639,622,638,0
62500.0,1,1,2,32,-2,-2,-2,-2,-2,-2,0.0,0,0,0,0,0,0.0,0,0,0,0,0,0
25000.0,1,3,2,29,1,2,0,0,0,0,24556.8,19322,19004,19558,19176,19441,5.2,1640,1589,1000,1001,1004,0
450000.0,1,2,1,39,0,0,0,0,0,0,37896.0,32618,33610,34281,34944,35498,2013.7,1541,1212,1200,1000,1000,0
37500.0,1,2,1,30,0,0,0,0,0,0,13626.0,12670,13383,14699,14688,16749,1965.6000000000001,1225,1541,530,2302,0,1
287500.0,1,3,1,35,0,0,0,0,0,0,126126.0,51584,44005,35161,24985,25176,2688.4,1894,1466,1018,1136,503,0
375000.0,1,2,1,49,0,0,2,2,0,0,267853.2,239061,239874,233894,169520,160385,27300.0,6000,3662,6000,6000,6000,0
475000.0,1,1,2,46,0,0,2,0,0,0,420409.2,357703,344460,347754,334891,340728,36920.0,0,12800,12500,12500,12000,0
87500.0,2,2,2,31,0,0,0,0,0,0,78274.8,66348,67292,67091,49303,49350,3900.0,3100,2400,2000,2000,2000,0
125000.0,1,1,2,44,-1,-1,-1,-1,-1,-1,1730.3999999999999,1261,1411,1411,1075,1139,1639.3,1411,1411,1075,1500,0,0
250000.0,2,2,1,37,0,0,0,0,0,0,57060.0,51427,52672,53682,51841,52921,6500.0,2672,2492,2006,2069,2258,0
62500.0,1,3,2,33,0,0,0,0,0,0,68648.4,58211,48160,48398,17942,16334,2600.0,2100,1300,650,600,1652,0
75000.0,1,1,2,36,1,-2,-2,-1,0,-1,0.0,0,0,1760,880,3110,0.0,0,4400,0,3110,0,1
400000.0,2,1,2,35,-1,-1,-1,-1,-1,-1,12339.6,2488,5187,11735,2280,9404,3234.4,5209,11735,2280,9404,3660,0
250000.0,2,2,1,41,-1,-1,-1,-1,-1,-1,468.0,1308,1662,14490,34902,390,1700.4,1662,14987,34902,390,7500,0
12500.0,1,2,2,30,4,3,3,2,0,0,6438.0,5731,6095,6351,6603,6855,780.0,600,500,500,500,500,0
225000.0,2,3,1,48,-2,-1,0,0,0,0,156600.0,47346,48176,49140,48129,45759,61549.8,1678,1642,2000,2000,1424,0
100000.0,1,2,1,34,0,0,-1,-1,-1,0,96998.4,40283,317,401,34985,37004,2600.0,450,500,35000,3000,2000,0
325000.0,2,1,1,47,0,-1,-1,0,-1,-1,10327.199999999999,3856,12996,8788,15104,16764,5012.8,13000,0,15104,16764,9118,0
125000.0,1,3,1,42,0,0,0,0,0,-1,37976.4,32935,32689,17246,3175,35311,2767.7000000000003,1686,1043,409,62380,945,0
12500.0,1,2,2,28,0,0,0,0,2,2,7028.4,6722,8305,9405,9100,13392,1452.1000000000001,1700,1230,0,761,0,0
250000.0,2,2,2,32,2,2,0,0,0,0,224167.19999999998,166153,157633,145423,146202,144685,0.0,6908,5200,5400,5700,9101,0
75000.0,2,1,2,37,0,0,0,0,0,0,70999.2,39328,38313,28660,31398,9966,2600.0,2300,1700,10000,1200,20000,0
125000.0,1,1,1,41,0,0,0,0,0,0,27684.0,18806,20183,21540,25775,0,2210.0,2000,2000,5000,0,0,0
62500.0,2,2,1,43,-1,-1,-1,-1,-1,-1,705.6,588,926,643,643,643,764.4,926,643,643,643,643,0
400000.0,2,2,2,39,-1,-1,-1,-1,0,-1,9367.199999999999,2944,11755,52566,36658,42332,3827.2000000000003,11768,52592,0,42332,27435,0
325000.0,2,1,2,38,1,-2,-2,-2,-1,-1,0.0,0,0,0,1980,2500,0.0,0,0,1980,2500,0,0
200000.0,2,3,1,60,-1,-1,-1,-1,-1,-1,4972.8,2016,3384,1449,5542,7314,2620.8,3399,1449,5590,7314,1579,0
100000.0,1,3,2,71,0,0,0,0,0,0,70310.4,52465,16937,15159,12195,0,3785.6,3000,3000,3000,0,0,0
225000.0,1,1,2,36,-1,-1,-1,-2,-2,-2,360.0,253,0,0,0,0,328.90000000000003,0,0,0,0,3642,0
450000.0,2,2,1,44,1,-1,-1,-1,-1,-1,0.0,791,173,1640,287,2418,1028.3,173,1640,287,2426,507,0
187500.0,1,3,1,43,0,0,0,0,0,0,48529.2,38497,39552,40393,41243,42157,2600.0,2000,1500,1500,1600,1600,0
25000.0,1,2,2,30,0,0,0,0,0,0,16675.2,12906,13983,10983,5400,0,2600.0,2500,2000,0,0,0,1
262500.0,2,3,2,41,2,0,0,0,0,0,504626.39999999997,203447,206683,99411,63322,73433,20800.0,6549,4500,2407,12700,3200,0
225000.0,2,1,1,58,1,-2,-2,-2,-2,-2,0.0,0,0,0,0,0,0.0,0,0,0,0,0,0
62500.0,2,2,2,27,2,2,2,2,2,2,43998.0,40362,39441,41318,13996,14974,6013.8,0,3003,0,1206,0,1
12500.0,2,3,2,27,0,0,0,0,-2,-2,9730.8,9778,8259,0,0,0,2600.0,1036,0,0,0,0,1
375000.0,1,1,2,35,0,0,0,0,0,0,284846.39999999997,243409,250477,254808,260562,266200,13000.0,11000,10000,10000,10000,10000,0
112500.0,2,2,2,31,0,0,0,0,0,0,100680.0,84236,79623,70039,70962,71013,5228.6,2917,2500,2451,2600,2700,1
150000.0,2,2,2,43,-1,2,2,-1,-1,0,782.4,652,0,326,652,326,0.0,0,326,652,0,326,0
500000.0,2,1,2,41,-1,-1,0,-1,-1,-1,47521.2,21357,30689,2514,4215,827,27764.100000000002,10689,2514,4215,827,10827,0
187500.0,2,1,2,41,0,0,0,0,0,0,52252.799999999996,47751,49096,49848,52007,54161,6500.0,5000,3000,3000,3000,3500,0
187500.0,1,1,2,34,0,0,0,0,0,0,5536.8,6370,9243,10280,10637,10916,2600.0,3000,1500,527,600,1000,0
200000.0,1,1,2,34,-1,-1,-2,-1,0,0,5889.599999999999,0,0,3166,3166,0,0.0,0,3166,0,0,4493,0
462500.0,1,1,2,35,0,0,0,0,0,0,400716.0,280727,285705,295747,250158,255956,16900.0,11000,15000,10000,10000,12000,0
225000.0,1,1,2,31,-1,-1,-1,-1,-1,-1,909.6,0,1022,2004,0,2051,0.0,1022,2016,0,2051,0,1
37500.0,1,2,2,42,3,2,2,7,7,7,2854.7999999999997,2379,2379,2379,2379,2379,0.0,0,0,0,0,0,1
62500.0,2,2,1,35,0,0,0,0,-2,-2,41773.2,30753,6680,0,0,0,2600.0,1000,0,0,0,0,1
312500.0,1,1,1,51,-1,-1,-1,-1,-1,-1,1436.3999999999999,0,3121,2372,502,1979,0.0,3140,2387,504,1989,19150,1
62500.0,2,3,1,29,-1,-1,2,0,-1,-1,22758.0,21647,20731,13555,2338,41191,3900.0,15,587,2338,41191,18957,0
150000.0,2,1,1,46,0,0,0,0,0,0,142616.4,113190,114113,111593,112533,111672,6500.0,6000,5000,5000,5000,5000,0
125000.0,1,2,1,56,3,4,3,2,2,2,67202.4,55557,54083,54601,55585,57027,1300.0,0,2000,2000,2500,0,1
300000.0,2,1,1,38,0,0,0,0,0,0,257233.19999999998,218626,223329,227820,227154,231935,10179.0,8231,8332,8187,8500,8029,0
87500.0,1,1,2,32,0,0,0,0,-2,-1,77180.4,59944,30206,0,0,5000,3250.0,1000,0,0,5000,5862,0
75000.0,2,2,1,34,-1,-1,-1,-1,-1,-1,1239.6,2076,26,3742,3352,3570,2705.3,26,4822,3352,3570,1799,0
125000.0,2,2,1,41,-2,-2,-2,-2,-2,-2,2646.0,0,1983,3543,0,0,0.0,1983,3543,0,0,2645,0
187500.0,1,1,1,51,2,2,2,2,2,2,178036.8,150565,150254,64644,40150,41250,7020.0,5026,1722,1500,3000,108058,1
262500.0,1,1,2,40,-1,-1,-1,-1,-1,-1,391.2,326,326,326,326,326,423.8,326,326,326,326,326,0
375000.0,2,2,1,51,0,0,-1,0,-1,0,6344.4,5750,2977,4796,2367,7367,3900.0,3000,2500,2367,5000,3000,0
12500.0,1,2,2,29,-1,2,2,2,0,0,3464.4,1923,2989,2813,2008,2132,0.0,1500,0,0,150,0,0
175000.0,2,2,1,33,0,0,0,0,0,0,158484.0,134766,106450,106422,104337,106886,7800.0,4000,4000,4000,4300,3600,0
112500.0,1,3,1,61,2,0,0,2,2,0,58680.0,37039,36334,34214,30789,28994,2600.0,4000,1100,0,1050,1034,1
450000.0,2,2,1,47,-2,-2,-2,-2,-2,-2,2799.6,6295,0,0,1070,0,8183.5,0,0,1070,0,0,0
100000.0,1,2,2,32,0,0,0,0,0,0,72994.8,57556,59083,60051,41757,42641,2679.3,2455,2667,2002,2055,1000,0
425000.0,2,2,2,44,0,0,0,0,0,0,398782.8,308286,315601,318616,243586,248766,16250.0,13775,10631,8900,9200,9525,0
112500.0,2,1,2,32,0,0,0,0,0,0,68104.8,58835,59461,60974,62339,63648,3900.0,2200,2500,2500,2500,2600,0
100000.0,2,1,2,31,-1,-1,-1,-1,-2,-1,5544.0,2991,1441,1608,1453,4287,3888.3,1500,1608,1453,4287,6000,0
25000.0,1,1,2,27,0,0,0,0,0,0,17612.399999999998,16625,17924,18674,15452,15882,3905.2000000000003,3006,3007,489,2110,2201,0
300000.0,2,2,1,51,0,0,0,0,-2,-2,280125.6,240715,246000,0,0,0,14625.0,10950,0,0,0,672,0
62500.0,1,2,1,51,0,0,0,0,0,0,58662.0,48793,34440,30889,30182,29912,2600.0,2500,2000,1500,5000,1500,0
325000.0,2,1,1,40,-2,-2,-2,-2,-1,-1,0.0,0,0,1599,360,882,0.0,0,1723,366,882,0,1
150000.0,2,1,2,35,-1,2,-1,-1,-1,-1,396.0,165,165,0,165,0,0.0,165,0,165,0,0,1
362500.0,2,2,1,50,0,0,0,0,0,0,43602.0,36085,35225,35711,35381,34468,2033.2,1594,1840,1378,1245,1388,0
75000.0,2,1,2,29,0,0,0,0,0,0,27004.8,23547,24877,21465,21218,21300,1846.0,1750,1338,761,925,887,0
150000.0,2,2,1,44,0,0,0,0,0,0,53556.0,37772,27827,3228,3294,0,2598.7000000000003,1040,265,66,0,0,0
25000.0,1,2,1,37,0,0,0,2,0,0,19624.8,17776,21158,20511,20316,20474,2210.0,4000,0,800,1000,800,0
212500.0,1,2,2,47,0,0,0,0,0,0,170541.6,144803,133868,119956,121277,122926,9152.0,6165,5004,5003,5001,5009,0
125000.0,2,2,1,36,0,0,0,0,0,0,90981.59999999999,76887,78178,79858,74785,54849,3568.5,2939,3500,3000,1989,1987,0
62500.0,2,5,1,38,0,0,0,0,0,0,51921.6,39605,39702,39200,40000,0,2614.3,2000,1000,800,0,0,0
75000.0,1,2,2,42,1,-2,-2,-1,-1,-1,0.0,0,0,389,389,609,0.0,0,1950,0,1000,0,0
325000.0,2,1,1,44,-2,-2,-2,-2,-2,-2,7094.4,3768,1444,2402,2040,3172,4921.8,1451,2424,2050,3187,1972,1
62500.0,1,3,1,41,2,0,0,0,0,0,56516.4,46006,36272,11521,2678,5468,2334.8,1284,1060,100,99,273,1
187500.0,2,3,1,50,0,0,0,0,0,0,169698.0,144592,147635,129507,132219,134869,7094.1,5661,4636,4800,4850,5000,1
625000.0,1,1,2,53,1,-2,-1,-1,0,0,0.0,0,157,20697,23906,23906,0.0,785,20697,3766,0,2040,0
250000.0,2,2,1,38,0,0,0,0,0,0,18151.2,14633,14918,16992,8967,8494,3900.0,2000,5000,2000,1000,2000,0
75000.0,1,2,2,29,0,0,2,0,0,0,68976.0,60491,57187,57619,57033,58493,5469.1,1000,1690,1473,2354,2009,0
425000.0,2,1,2,34,0,0,0,0,0,0,99324.0,54523,30874,34939,40537,41658,13000.0,5874,5000,10000,2000,1400,0
62500.0,2,2,2,53,-1,0,-1,-1,-1,-1,1570.8,2158,1787,860,896,1087,1300.0,1787,860,900,1087,3123,0
137500.0,2,1,2,29,1,2,0,0,0,0,138632.4,109871,110565,216850,110952,109169,0.0,4000,7000,7766,3982,5000,1
25000.0,1,1,2,36,3,2,2,7,7,7,2880.0,2400,2400,2400,2400,2400,0.0,0,0,0,0,0,1
425000.0,2,2,1,37,0,0,0,0,0,0,73926.0,64250,66293,57657,53035,54693,4550.0,3049,2706,1870,3000,4000,0
412500.0,2,1,1,55,-1,-1,-1,-1,-2,-2,10646.4,4337,2854,1690,0,1709,5648.5,2854,1702,0,1709,258,0
37500.0,2,1,1,35,0,0,-1,2,-1,-1,4603.2,4380,1169,779,566,1361,1320.8,1169,0,567,1365,1834,0
262500.0,1,2,2,33,0,0,0,0,0,0,225590.4,193623,187501,167142,170910,174336,11050.0,8600,6500,6500,6300,7900,0
12500.0,2,3,2,41,-1,0,0,0,0,0,4405.2,4945,6157,7172,8048,8318,1950.0,1300,1124,1000,400,500,0
162500.0,1,2,2,34,-1,-1,-1,-1,-1,-1,4704.0,3848,942,942,768,0,5200.0,942,942,768,0,0,0
62500.0,1,3,2,53,0,0,0,0,0,-1,95617.2,79989,76394,24873,0,28561,4160.0,2581,1200,2070,31500,1200,0
287500.0,2,2,2,58,0,0,0,0,0,0,11229.6,13482,17874,26743,26431,35153,6500.0,5000,10000,5000,10018,6850,0
300000.0,2,1,1,42,0,0,0,0,0,0,104041.2,90251,92900,93876,91678,94280,6500.0,5000,3511,4000,4000,4000,0
100000.0,2,3,1,31,0,0,0,-1,0,0,91341.59999999999,78451,55339,25374,20054,20249,5454.8,3569,26022,504,1000,133,0
225000.0,2,2,2,41,0,0,0,2,2,-1,17066.399999999998,14701,17322,13137,0,2293,1690.0,2902,3047,0,2293,2000,0
212500.0,1,1,1,47,-1,-1,-1,-1,-1,-1,732.0,995,2429,2202,598,1801,1293.5,2429,2202,598,1801,1157,0
37500.0,2,3,2,29,-1,-1,-1,-1,-1,-1,5858.4,14630,6323,2870,1485,3926,19019.0,6485,2870,1485,3926,0,0
12500.0,1,2,2,32,1,-1,0,0,0,0,0.0,2475,4428,6368,9046,10000,5817.5,2000,2000,2780,2000,0,0
475000.0,2,3,1,43,0,0,0,0,0,0,454896.0,374137,371624,362191,322148,309689,17551.3,14152,12270,11031,10207,10910,1
625000.0,1,1,1,38,1,-2,-2,-2,-1,0,3488.4,0,0,0,82690,84529,11.700000000000001,0,0,83000,3000,4561,0
25000.0,1,2,2,30,2,2,2,2,0,0,10656.0,9889,10087,9585,10082,10965,1950.0,700,0,1000,1400,0,0
37500.0,2,3,1,51,2,2,2,2,3,2,26822.399999999998,23392,23908,24815,24133,25087,2210.0,1200,1600,0,1500,0,1
162500.0,2,1,2,32,-1,0,0,0,0,0,23383.2,52960,26491,19038,22297,25986,45500.0,10048,8000,5000,6000,8000,0
375000.0,1,1,1,45,1,-2,-2,-2,-2,-2,0.0,0,0,0,0,0,0.0,0,0,0,0,0,0
62500.0,1,2,1,50,1,2,0,0,0,0,24636.0,15843,18256,19896,19874,19248,0.0,3000,2000,1000,2000,0,0
62500.0,2,1,1,39,-2,-2,-2,-2,-2,-2,61680.0,0,0,0,0,0,0.0,0,0,0,0,0,0
162500.0,2,3,1,61,0,0,0,0,0,0,36261.6,31706,34130,36245,38624,40989,2600.0,3000,3000,3000,3000,3000,0
612500.0,2,1,2,34,0,0,0,0,-1,-1,25180.8,10863,5342,7395,367,13804,2600.0,2000,3500,367,16024,3500,0
100000.0,1,2,2,33,0,0,0,-2,-2,-2,18321.6,5135,0,0,0,0,1709.5,0,0,0,0,0,0
100000.0,1,3,1,57,1,2,2,2,0,0,92622.0,80311,81558,78761,71352,19674,6500.0,3100,0,2000,713,1500,1
450000.0,1,1,1,43,0,0,0,0,0,0,333027.6,117239,121284,93951,58200,52585,5216.900000000001,90054,9011,3007,2592,1013,0
100000.0,1,1,2,33,0,0,0,2,0,0,57519.6,39695,42372,41393,42275,43418,2730.0,3650,0,1700,2000,3000,0
87500.0,2,2,2,39,-1,-1,-1,-1,0,0,2671.2,1245,0,11019,11632,7864,1618.5,0,12019,1000,157,7851,0
375000.0,2,1,1,41,1,-2,-2,-2,-1,0,0.0,0,0,0,1894,2394,0.0,0,0,1894,500,4662,0
450000.0,1,1,2,35,-1,-1,-1,-1,-1,0,9834.0,99996,795,1000,6398,9418,130644.8,799,1005,6398,3020,3040,0
325000.0,2,2,1,40,-1,-1,-1,-1,-1,0,9560.4,67650,6000,0,88348,85962,87945.0,6000,0,88348,5000,25000,0
612500.0,1,1,2,35,0,0,0,0,0,0,300764.39999999997,254499,254762,253583,232878,236555,14341.6,10000,10000,9012,10000,10000,0
212500.0,1,3,1,45,-2,-2,-2,-2,-2,-1,7338.0,868,2687,2885,2092,36612,1133.6000000000001,2700,2899,2102,101556,8496,0
225000.0,2,1,1,31,-1,-1,-1,-1,-1,-1,5694.0,5865,6059,5537,17366,16971,7624.5,6091,5537,17366,16971,2785,0
137500.0,2,1,2,29,0,0,0,0,0,0,81274.8,64388,63447,65394,66810,68732,3900.0,3000,3000,2500,3000,4000,0
325000.0,2,1,1,39,0,0,0,0,0,0,164296.8,139380,140836,153026,156108,158893,9100.0,5188,15000,7500,7000,3000,0
387500.0,2,2,1,52,0,0,0,0,0,0,348253.2,296743,303686,226605,224937,228912,14285.7,12100,8000,8000,9000,7670,0
262500.0,1,3,2,30,-1,-1,2,-1,-1,-1,10580.4,23634,21776,9631,1561,1990,30908.8,0,9631,1561,1990,7967,1
25000.0,1,2,2,29,2,2,2,2,2,2,19531.2,16715,18327,17735,19446,18988,1300.0,2200,0,2000,0,1200,0
175000.0,2,3,1,65,0,0,0,0,0,0,165276.0,137498,137187,136807,136631,136080,6487.0,4975,4897,5029,4792,4987,1
262500.0,2,1,2,43,0,0,0,0,0,0,16492.8,14565,13173,13258,8155,2838,6500.0,3397,3000,2000,2300,5230,0
62500.0,2,2,1,36,0,0,0,0,0,0,27259.2,19198,19462,14841,11088,10301,2600.0,1510,4000,1000,600,500,0
150000.0,2,3,1,63,1,-1,-1,-2,-2,-1,0.0,2228,0,0,0,672,2896.4,0,0,0,672,2507,1
287500.0,2,3,1,42,0,0,0,0,0,0,274010.39999999997,189966,142377,143828,143698,143342,7930.0,7000,5356,5400,5200,5500,0
287500.0,1,1,1,39,0,0,0,0,0,0,27544.8,11225,10669,13498,12482,9949,2210.0,1380,8000,1000,4000,1000,0
150000.0,1,2,2,35,2,2,2,2,2,2,83331.59999999999,70896,72381,70629,74827,76470,4160.0,3200,0,6000,3000,3000,0
100000.0,1,3,2,47,0,0,2,0,0,0,13444.8,17587,17405,20207,23308,26406,8998.6,441,3450,3541,3545,3649,0
87500.0,2,3,2,35,-1,2,0,0,0,0,85825.2,68041,68607,27870,28219,28810,0.0,2332,1751,1100,1034,1272,0
87500.0,2,3,2,45,0,0,2,0,0,0,15508.8,14615,14692,14784,15175,16360,3380.0,1000,1000,1000,2000,2000,0
150000.0,2,2,2,38,-2,-2,-2,-2,-2,-2,0.0,0,0,0,0,0,0.0,0,0,0,0,0,0
450000.0,2,1,2,54,1,-2,-2,-2,-2,-2,0.0,0,0,0,0,0,0.0,0,0,0,0,0,1
400000.0,2,1,2,41,0,0,0,0,0,0,34831.2,28179,28695,19370,10155,3788,6500.0,5018,1000,3000,0,7013,0
287500.0,1,1,1,61,0,0,0,0,0,0,46018.799999999996,39154,39921,40828,37934,38889,2512.9,1700,1600,1340,1548,1844,0
350000.0,1,1,2,42,0,0,0,0,0,0,301783.2,245307,218043,196016,195307,168946,12157.6,8077,7171,8014,6235,4445,0
75000.0,1,3,2,49,0,0,0,0,0,0,69232.8,58749,38110,38525,38346,37416,3640.0,1900,1300,1363,1500,1466,0
62500.0,1,2,1,43,2,0,0,2,2,2,33223.2,28436,31051,31542,32185,32900,1950.0,3100,1300,1300,1400,1300,1
287500.0,1,1,1,50,0,0,0,0,0,0,29881.199999999997,26071,27937,28774,29202,29683,1950.0,2200,2000,1100,1000,980,0
62500.0,1,1,1,45,0,0,0,0,0,0,60788.399999999994,50529,49162,19969,19893,20282,2619.5,2190,809,3012,5795,2001,0
75000.0,2,1,2,41,-1,2,-1,0,0,-1,2556.0,1940,7801,1308,3058,2190,0.0,7801,1158,1900,2190,2153,1
300000.0,2,1,2,34,0,0,0,0,0,0,224362.8,167474,168081,166589,165981,165951,7163.0,6000,8808,6006,6000,6000,0
212500.0,1,1,1,44,2,2,2,2,4,3,89157.59999999999,80073,81959,89991,88018,86299,9100.0,3800,10000,0,0,3100,1
62500.0,1,3,1,52,1,2,0,0,0,2,19460.399999999998,15664,16693,17407,18660,19115,0.0,1586,1300,1546,900,0,0
300000.0,1,1,1,42,-2,-2,-2,-2,-2,-2,4897.2,7608,154353,9617,11360,3842,9937.2,155142,9661,11489,3870,3539,0
100000.0,1,2,2,40,0,0,0,0,0,0,92757.59999999999,71051,71239,75710,63977,43385,3269.5,3000,6000,3008,2000,0,0
375000.0,2,2,2,41,1,-2,-1,-1,-1,-1,0.0,0,200,0,16418,88632,0.0,200,0,16418,88632,1913,0
62500.0,1,2,2,31,0,0,0,0,0,0,57678.0,49237,29651,30049,28376,28954,3250.0,1862,1150,1200,1200,1202,0
62500.0,2,1,2,28,0,0,0,2,0,0,58525.2,50062,51016,48133,47822,48126,2737.8,4206,391,1700,1806,1700,0
37500.0,1,2,1,28,2,2,2,2,2,2,33868.799999999996,29276,28635,30127,30525,29793,2340.0,150,2250,1000,0,700,1
275000.0,2,1,2,31,0,0,0,0,0,0,35342.4,33967,41422,44738,51479,56653,6500.0,8000,4000,7500,6000,4494,0
412500.0,1,2,1,53,-2,-2,-2,-2,-2,-2,7261.2,8346,8952,2732,2732,2732,10903.1,8996,2745,2745,2745,2734,0
75000.0,2,2,2,33,2,0,0,0,2,-1,6802.8,6328,8460,10146,9413,15997,2600.0,3000,2500,0,15997,3000,1
62500.0,2,1,2,28,0,-1,-1,-1,-1,0,2376.0,269,0,0,29114,27154,349.7,710,268,45171,1036,1000,0
375000.0,1,1,2,39,0,0,0,0,0,0,326313.6,274915,279570,241030,228125,215438,13299.0,9483,8172,8081,7707,7981,1
62500.0,2,1,2,32,-1,-1,-2,-1,0,0,7221.599999999999,0,0,6085,6085,5605,0.0,0,6085,0,0,6690,0
400000.0,1,1,2,31,-1,-1,-1,-1,-1,-1,379.2,316,316,316,316,316,410.8,316,316,316,316,316,0
150000.0,2,1,2,32,-1,-1,-1,-1,-1,2,3858.0,700,700,10673,9671,9332,910.0,700,10673,2550,0,10000,0
175000.0,2,2,1,38,1,-1,0,0,0,0,0.0,7933,7283,8577,9452,11153,10312.9,2000,2000,1000,2000,1000,0
600000.0,2,2,2,35,1,-2,-2,-2,-1,0,0.0,0,0,0,330982,355339,0.0,0,0,330982,30000,13174,0
600000.0,2,1,1,55,-1,-1,-1,-1,-1,-1,17565.6,11940,12318,6295,5284,6220,15542.800000000001,12331,6295,5284,6220,9104,0
450000.0,2,2,1,51,1,-2,-2,-2,-2,-2,0.0,0,0,0,0,0,0.0,0,0,0,0,0,1
75000.0,2,2,2,28,0,0,0,0,0,0,25554.0,22629,23338,23810,25418,26050,2182.7000000000003,1388,860,2000,1055,2000,0
375000.0,1,1,1,42,0,0,-2,-2,-2,-2,49200.0,0,0,0,0,0,0.0,0,0,0,0,0,0
62500.0,1,2,2,42,0,0,0,0,0,0,19234.8,17039,18064,19076,19453,19862,1665.3,1306,1318,695,721,1018,1
87500.0,1,2,2,36,0,0,0,0,0,0,76129.2,29091,29802,30395,31034,31668,2325.7000000000003,1500,1089,1130,1150,1200,0
25000.0,2,2,3,35,1,2,2,2,0,0,21403.2,17246,19381,18772,19145,19545,0.0,2921,0,685,708,700,1
450000.0,2,1,2,34,0,0,0,0,0,0,111231.59999999999,87415,69552,38898,31222,55801,26773.5,20200,10063,1897,30278,83275,0
400000.0,1,1,1,65,-1,-1,-1,-1,0,-1,11946.0,3465,84421,886,11741,4317,4504.5,84440,886,11533,4317,52466,1
250000.0,1,4,1,54,0,0,0,0,0,0,59065.2,49599,50942,50146,50235,48984,2195.7000000000003,2164,2500,3480,2500,3000,0
262500.0,2,1,1,42,1,-1,-1,-1,-1,-1,0.0,732,873,148,129,292,951.6,873,148,129,292,0,1
37500.0,1,2,1,41,2,2,0,0,0,0,36687.6,28473,29083,28313,28932,29565,0.0,2000,940,1000,1106,0,0
50000.0,1,2,2,31,1,2,2,2,2,2,47791.2,40690,32183,38897,40234,40536,2470.0,390,8000,2500,1500,0,0
62500.0,1,1,2,35,0,0,0,0,0,2,52722.0,47744,40339,44377,48723,49841,6500.0,2000,5000,5000,2010,9,0
450000.0,2,1,1,42,-1,-1,-1,0,0,-1,5572.8,1417,3588,2589,1549,1278,1842.1000000000001,3588,0,0,1278,1998,0
62500.0,1,3,1,70,0,0,0,0,0,0,58009.2,47465,47942,48418,49530,28085,2688.4,1545,1171,1658,1321,0,0
325000.0,1,1,1,56,-1,-1,-1,-1,-1,-2,925.1999999999999,1593,419,529,0,4090,2074.8,437,529,0,4090,98,0
312500.0,1,1,1,60,1,-2,-2,-2,-2,-2,0.0,0,0,0,0,0,0.0,0,0,0,0,3861,0
437500.0,1,2,2,41,0,0,0,0,0,0,18073.2,23719,36582,40452,15203,20596,13000.0,16000,6000,314,10000,7000,0
325000.0,2,1,2,56,-1,-1,-1,-1,-1,2,14713.199999999999,21670,9966,8517,22287,13668,28363.4,9966,8583,22301,0,3640,0
100000.0,2,3,2,40,0,-1,0,0,0,0,59529.6,12412,14873,17364,17770,17460,16250.0,6500,3000,2000,3000,2000,0
62500.0,2,3,1,62,0,0,0,0,0,0,58820.4,50690,47487,48319,48449,49656,3250.0,2000,2000,1746,2000,1800,0
37500.0,1,3,2,34,0,0,0,0,0,0,33484.799999999996,28547,29398,29864,30115,15818,1950.0,1700,1500,1010,1000,1000,0
200000.0,2,1,1,43,0,0,-2,-2,-2,-2,7866.0,0,0,0,0,0,0.0,0,0,0,0,0,0
37500.0,2,2,1,43,0,0,-2,-2,-2,-2,4387.2,0,0,0,0,0,0.0,0,0,0,0,0,0
62500.0,2,3,1,54,0,0,0,0,0,-2,59034.0,48496,49412,49590,0,0,61100.0,2000,1000,0,0,0,1
37500.0,2,2,1,49,2,0,0,0,0,0,25203.6,22309,23343,24336,24475,24643,2160.6,1696,1689,1016,893,1100,1
287500.0,2,1,2,35,-1,-1,-1,-1,-1,-1,1462.8,283,1906,501,283,423,367.90000000000003,1906,501,283,423,283,0
62500.0,1,2,2,38,0,0,0,0,0,0,55023.6,44206,34713,19474,19508,19837,7065.5,2109,1576,1000,2000,1000,0
200000.0,1,2,2,41,1,-2,-2,-2,-2,-1,0.0,0,0,0,0,1000,0.0,0,0,0,1000,0,0
375000.0,2,3,2,29,-1,0,0,-1,0,-1,9085.199999999999,6156,5475,13581,13930,14000,1535.3,1475,13581,349,14070,268,1
62500.0,1,2,1,46,0,0,0,0,0,0,23206.8,20424,20086,18600,19153,19289,2213.9,1306,810,1000,900,900,0
212500.0,2,3,1,45,0,0,0,0,0,0,83522.4,61493,58298,60343,61176,62092,2766.4,2729,4000,2169,2241,2258,0
350000.0,2,3,2,53,0,0,0,0,0,0,199767.6,167864,140466,142417,126321,117613,10075.0,5195,5098,4319,4209,4127,0
25000.0,2,2,1,56,0,0,0,0,0,0,13387.199999999999,13263,13357,14427,14894,15112,2990.0,1300,1300,700,600,600,0
75000.0,2,1,2,30,0,0,0,0,0,0,62288.399999999994,52997,53559,54716,54533,58085,2515.5,2000,2000,2000,6000,0,0
450000.0,1,3,1,56,-1,-1,-1,-1,-1,-1,3622.7999999999997,2438,1008,1250,0,860,3177.2000000000003,1008,1250,0,860,0,0
337500.0,1,2,2,31,0,0,0,0,0,0,257132.4,199757,198551,201945,203636,205104,13000.0,7500,8000,7409,7869,10035,0
337500.0,1,1,1,43,-2,-2,-2,-2,-2,-2,0.0,0,0,0,0,0,0.0,0,0,0,0,0,0
75000.0,2,3,1,51,0,0,0,0,0,0,70300.8,59250,52413,44436,28098,26749,3510.0,2219,1727,1120,1500,1100,0
337500.0,1,2,1,53,2,2,2,0,0,0,64348.799999999996,67736,63082,73568,77642,73452,19523.4,0,20000,5000,10000,0,1
425000.0,2,5,2,35,0,0,0,0,0,-1,56401.2,47664,38192,39234,20960,360,2600.0,2000,2000,3000,360,360,0
25000.0,1,2,2,28,1,2,0,0,0,-2,11222.4,9059,9823,10023,0,0,0.0,1000,200,0,0,0,1
62500.0,1,2,2,40,0,0,0,0,0,0,60000.0,37891,8434,8604,8865,9058,1495.0,1200,310,400,340,301,1
125000.0,1,2,2,32,0,0,0,0,0,0,12549.6,9899,6618,3895,4037,12959,3250.0,1162,3000,159,11845,200,0
100000.0,2,2,1,35,0,0,0,0,0,2,51306.0,45053,46104,48327,53549,52457,3900.0,1800,3000,6000,2900,2000,0
187500.0,2,1,1,48,-2,-2,-2,-1,0,-1,1062.0,0,0,240,123,123,159.9,0,363,0,123,123,0
175000.0,2,1,1,38,0,0,0,0,0,0,102376.8,87042,90165,91318,94847,35773,5200.0,5000,2000,4000,5000,6000,0
12500.0,1,2,2,27,0,0,0,0,0,0,7894.799999999999,7599,8608,8780,9114,9234,1474.2,1143,315,476,420,1000,1
387500.0,2,1,1,38,-2,-2,-2,-2,-2,-2,3274.7999999999997,0,0,0,0,343,0.0,0,0,0,343,410,1
450000.0,1,1,1,39,-1,-1,-1,0,0,-1,40384.799999999996,52686,64069,49005,8676,19487,68836.3,64535,8907,53,19584,16080,0
400000.0,1,1,1,56,-2,-2,-2,-2,-2,-2,2200.7999999999997,556,1622,7728,5781,3896,722.8000000000001,1622,7762,5781,3896,2182,0
487500.0,2,1,2,33,0,0,0,0,0,0,151035.6,131249,119175,115922,101725,90334,13068.9,5028,5045,3012,3000,5572,0
87500.0,1,2,1,29,0,0,0,0,0,0,59002.799999999996,48960,49864,48481,46946,47958,2392.0,1744,2001,2000,1800,1706,0
262500.0,1,2,1,40,-1,-1,-2,-2,-1,-1,6973.2,0,0,0,1243,0,0.0,0,0,1243,0,0,0
25000.0,1,2,2,33,0,0,0,0,0,0,21567.6,17835,18795,18252,17589,17480,1713.4,1278,635,802,350,0,0
187500.0,1,2,1,45,0,0,0,0,0,0,185318.4,106396,105332,82191,77262,49851,5200.0,7041,3000,3116,2500,5000,0
225000.0,2,2,2,34,0,0,0,0,0,0,181982.4,146805,143134,136777,133938,133723,7800.0,7000,5000,5000,5000,4679,0
75000.0,2,2,2,34,0,0,0,0,0,0,63928.799999999996,54093,53111,50568,47791,45421,3368.3,2109,1705,2010,2000,1523,0
62500.0,1,2,1,34,0,0,0,0,0,0,59592.0,47359,45517,29699,28877,29531,2600.0,1500,2000,1100,2000,12000,1
100000.0,2,2,1,46,-2,-2,-2,-2,-2,-2,0.0,0,0,0,0,0,0.0,0,0,0,0,0,0
112500.0,2,2,1,39,-1,2,-1,-1,-2,-2,403.2,168,432,0,0,0,0.0,432,0,0,0,0,1
225000.0,2,3,2,29,0,0,0,0,0,0,120926.4,85185,77698,67459,52777,46337,3944.2000000000003,4031,2495,1556,1431,1293,0
37500.0,2,2,1,33,0,0,0,2,0,0,14030.4,14505,17262,16690,17763,18960,3900.0,3000,0,1500,1500,1500,1
225000.0,2,5,1,46,-1,-1,-1,-1,-1,-1,27332.399999999998,20311,20726,22111,25560,2461,26426.4,20789,22169,25560,2461,10947,0
625000.0,1,1,1,35,0,0,0,0,0,0,89756.4,75753,78031,78946,76689,77968,3640.0,3500,2818,2743,3000,10000,0
212500.0,2,1,2,58,-2,-2,-2,-2,-2,-2,0.0,0,0,0,2769,0,0.0,0,200,2769,0,0,0
412500.0,2,1,1,34,-1,-1,-1,0,0,0,876.0,213,2368,3368,1377,0,276.90000000000003,2368,1000,190,0,0,0
100000.0,1,2,2,31,0,0,0,0,-1,-1,18464.399999999998,20847,23059,0,526,678,7800.0,3070,0,526,680,0,0
150000.0,1,2,2,35,0,0,0,0,0,0,120962.4,104378,106651,108362,96168,99399,6760.0,5500,5000,5000,5000,5000,0
87500.0,2,2,1,36,0,0,0,0,0,0,72069.59999999999,49647,43968,41127,39137,28712,2384.2000000000003,1608,1559,1630,1300,1000,0
287500.0,2,1,2,32,0,0,0,0,-1,-1,13687.199999999999,10097,4600,3234,4696,7062,6626.1,1060,1000,4696,7062,10898,0
100000.0,1,5,1,30,-2,-2,-2,-1,0,0,71239.2,49079,0,16638,18367,33081,19535.100000000002,0,16638,2000,15081,0,0
225000.0,1,2,2,33,0,0,0,0,0,0,93753.59999999999,81976,83338,90031,93692,96100,6500.0,4000,8000,5000,4000,5500,0
200000.0,2,1,2,37,-2,-2,-2,-2,-2,-2,194.4,0,0,499,284,1248,0.0,0,501,285,1254,99,0
250000.0,1,1,2,43,-2,-2,-2,-2,-2,-2,0.0,0,0,0,0,0,0.0,0,0,0,0,0,0
450000.0,1,1,2,39,1,-2,-2,-1,-1,-1,0.0,0,0,733,0,1307,0.0,0,733,0,1307,0,0
62500.0,1,1,2,53,0,0,-1,0,0,0,64248.0,53321,49263,29063,26644,27201,1385.8,50045,992,1000,1000,1008,0
12500.0,2,3,1,54,0,0,0,0,0,0,11768.4,9976,7538,9322,9567,9766,2748.2000000000003,1131,2155,1400,1354,428,0
300000.0,2,1,1,38,-2,-2,-1,0,-1,-1,11024.4,4740,5240,7795,3771,1891,6506.5,5240,4101,3771,1891,46438,0
137500.0,2,1,2,37,0,0,0,-2,-2,-2,72669.59999999999,30900,0,0,0,0,2470.0,0,0,0,0,0,0
112500.0,2,2,2,28,0,0,0,0,0,0,15728.4,13740,14770,13306,10465,9704,1626.3,1281,1173,500,1000,1000,0
37500.0,2,3,1,27,0,0,0,0,0,2,27822.0,24194,25529,26563,28120,28558,1820.0,1730,1760,2310,1033,0,0
200000.0,2,2,2,32,1,-1,-1,-2,-2,-1,0.0,1519,0,0,0,2755,1974.7,0,0,0,2755,966,1
37500.0,2,3,2,45,2,2,2,2,0,0,28424.399999999998,23020,25218,24514,25030,25557,0.0,2579,0,909,944,4642,0
450000.0,1,3,2,39,-1,-1,-1,-1,-1,-1,4585.2,1937,944,1219,2216,1440,2518.1,944,1219,2216,2000,648,0
287500.0,1,2,1,40,0,0,0,0,0,-1,212223.6,180639,180117,179717,124117,182717,13000.0,5000,0,5000,189600,10000,0
525000.0,1,1,1,48,-2,-2,-2,-2,-2,-2,4250.4,2967,2977,2987,3624,3165,3913.0,3035,3029,3637,3222,3025,0
262500.0,1,3,1,50,2,3,4,4,5,6,138942.0,122904,129847,137277,145533,154105,13621.4,10478,11078,11078,11678,10478,1
400000.0,1,2,2,41,2,0,0,2,0,0,340491.6,289508,302561,283356,275361,268871,15616.9,21041,1514,9122,9518,9209,1
250000.0,1,3,2,35,0,0,0,0,0,0,29823.6,24065,19153,20606,21032,89162,4105.400000000001,3007,3014,2007,70012,4037,0
225000.0,2,2,1,32,1,-1,-1,-1,-1,-1,0.0,376,0,390,698,636,488.8,0,390,698,636,456,0
62500.0,2,3,0,32,2,0,-1,-1,-2,-2,59914.799999999996,49667,780,0,0,0,2275.0,780,0,0,0,0,0
437500.0,2,1,3,58,1,-2,-2,-2,-2,-1,43365.6,7613,5875,4020,33127,6877,9904.7,5875,4020,33127,6877,0,0
300000.0,1,3,1,60,0,0,0,0,0,0,30757.199999999997,27047,26654,28065,29503,32042,3250.0,2000,2000,2000,3000,2000,0
550000.0,2,2,2,32,0,0,0,0,0,0,236422.8,182336,182617,166031,148157,142034,7852.0,12538,5047,10522,6082,10018,0
25000.0,1,2,2,30,0,0,0,0,0,0,23749.2,19591,15788,14911,11699,12224,2492.1,1000,1000,1000,1068,0,1
300000.0,2,1,2,40,-2,-2,-2,-2,-2,-2,6908.4,2904,24671,2249,4505,11859,4214.6,24685,3535,4505,11859,12000,0
625000.0,2,1,1,47,1,-2,-2,-2,-2,-2,0.0,0,0,0,0,0,0.0,0,0,0,0,0,1
62500.0,1,2,2,31,0,0,0,0,0,0,24394.8,14244,30580,15365,15587,15940,2080.0,1600,1000,1000,1000,1000,0
100000.0,2,2,2,30,-1,-1,-2,-2,-2,-2,468.0,0,0,0,0,0,0.0,0,0,0,0,240,0
37500.0,1,1,2,30,0,0,0,0,0,0,22849.2,20232,21293,22040,22786,23410,1950.0,1400,1100,1100,1003,2000,1
250000.0,2,2,1,39,1,-1,-1,-1,0,0,3000.0,9814,0,4379,1699,0,12758.2,0,4379,0,0,0,1
200000.0,2,2,1,50,-2,-2,-2,-2,-2,-2,0.0,0,0,1468,0,0,0.0,0,1468,0,0,0,0
100000.0,2,1,2,33,0,0,0,0,2,2,11738.4,11620,14415,16177,16582,16178,2601.3,3000,2000,800,0,600,0
75000.0,2,1,2,29,0,0,0,0,0,0,69362.4,58960,60862,59279,59176,58128,3848.0,2866,2279,2276,2128,2237,0
312500.0,2,2,1,31,1,3,2,2,2,0,757.1999999999999,631,631,1231,1068,6816,0.0,0,600,0,6000,5000,1
450000.0,2,2,2,40,-2,-2,-2,-2,-2,-2,0.0,0,0,0,0,0,0.0,0,0,0,0,0,1
325000.0,2,2,1,45,-1,-1,-1,-1,-1,0,493.2,209,217,613,2339,1474,271.7,217,613,2339,0,1254,0
300000.0,2,2,1,48,0,0,0,0,0,0,60144.0,48502,49001,47026,45827,39527,2315.3,2200,1923,1682,2000,2000,0
500000.0,2,1,1,40,-2,-2,-2,-2,-2,-2,5626.8,10043,17883,9322,15693,5588,13126.1,18057,9368,15771,5616,10173,0
25000.0,1,3,1,56,0,0,0,0,0,0,17954.399999999998,17580,19748,19290,21000,0,3757.0,2458,1000,210,0,0,0
37500.0,1,2,2,52,0,0,0,0,0,0,35515.2,29625,29523,29494,29464,29891,2080.0,1500,1500,1500,2000,2301,0
262500.0,2,2,1,51,-1,-1,-1,0,-1,-1,3714.0,2768,5536,2768,1075,2006,3598.4,5536,0,1075,2006,1344,1
350000.0,1,2,2,38,0,0,0,0,0,0,318144.0,238661,223383,162196,165129,168295,11835.2,9401,6001,6001,6201,6201,0
50000.0,2,3,2,57,0,0,0,0,0,0,38352.0,33429,34887,35607,36514,37921,2600.0,2000,1600,1500,2000,3200,0
287500.0,2,1,1,35,0,0,0,0,-1,0,45262.799999999996,30341,25981,24092,65840,56538,3932.5,5000,5000,65840,2000,2000,0
37500.0,1,1,2,30,2,2,2,2,2,0,26906.399999999998,24334,26087,26184,25563,26099,3380.0,2441,820,0,851,1678,0
75000.0,1,3,2,35,0,0,0,0,0,0,31588.8,27471,28108,21993,19899,19771,2048.8,1213,648,768,1140,0,1
125000.0,1,1,1,49,0,0,0,0,0,0,44666.4,38628,39982,40914,42053,43151,2600.0,2000,1600,1800,1800,1700,0
225000.0,1,2,2,31,3,2,2,0,0,2,155673.6,132185,126527,126407,131572,127154,7807.8,5,5008,10006,10,5004,0
100000.0,2,2,1,40,1,2,2,2,0,0,94750.8,76699,81477,79035,28503,29711,0.0,6800,0,1000,2000,1500,1
62500.0,1,3,1,35,1,2,2,0,0,0,20974.8,18195,17614,18630,19000,19421,1690.0,0,1310,680,727,6000,1
12500.0,1,2,1,50,1,2,2,2,2,0,9543.6,9164,8876,10009,7169,8842,1950.0,0,1500,0,3000,2000,0
450000.0,2,1,1,51,0,0,-1,0,0,0,70066.8,42094,10594,31532,46342,56571,26000.0,10600,30000,20000,15000,10000,0
212500.0,2,2,1,36,1,-1,2,-1,0,0,0.0,427,427,23321,23475,25218,555.1,0,23500,840,2121,0,0
162500.0,2,1,2,35,-1,-1,-1,-1,-1,-1,936.0,0,390,540,540,636,0.0,390,540,540,636,3636,0
62500.0,2,2,2,38,1,2,0,0,0,0,59559.6,48475,41848,40136,40626,41970,31.200000000000003,2039,1965,1455,2000,1877,0
625000.0,2,1,2,49,-2,-2,-2,-2,-2,-2,626.4,17643,1462,6224,0,0,26009.100000000002,5000,7000,0,0,0,0
275000.0,2,2,1,49,2,2,0,0,0,0,234450.0,185993,184568,168683,158742,161499,13.0,8304,7356,5300,5550,5050,0
225000.0,2,2,2,36,1,-2,-2,-2,-2,-2,0.0,0,0,0,0,0,0.0,0,0,0,0,0,1
175000.0,1,2,2,32,0,-1,-1,0,0,0,28857.6,1999,109104,110336,67197,67910,2618.2000000000003,110330,5012,5000,3000,5000,0
337500.0,2,4,2,47,-2,-2,-2,-2,-2,-2,17222.399999999998,1843,9190,2072,637,238,2416.7000000000003,9190,2072,637,238,0,0
250000.0,2,1,2,32,0,0,0,0,0,0,147507.6,124653,126355,114881,117213,124793,7415.2,5930,4000,4003,10033,4400,0
125000.0,1,1,2,32,0,0,0,0,0,0,17654.399999999998,19142,37882,40882,45683,5765,6500.0,20000,3000,5000,2000,2000,0
75000.0,1,1,2,31,-1,-1,2,-1,0,-1,528.0,880,440,880,440,1681,1144.0,0,880,0,1681,811,0
62500.0,1,2,2,27,0,0,0,0,0,0,66120.0,52440,47080,15718,13674,15145,3083.6,2149,1203,2000,1716,628,0
250000.0,2,2,1,51,-1,-1,-1,0,0,0,866.4,9086,9213,7360,11560,21808,11811.800000000001,9219,147,4200,11808,4067,0
100000.0,1,2,2,34,0,0,0,0,0,0,60834.0,53476,46685,35760,33853,35708,13013.0,3000,5000,5000,3000,5000,0
162500.0,1,2,1,59,0,0,0,0,0,0,154858.8,63099,57700,53308,48722,48831,3900.0,2100,2500,2100,2100,1500,0
262500.0,2,1,1,38,0,0,0,0,0,0,20904.0,16182,14109,10955,11217,11367,1606.8,1613,1000,552,607,1500,0
562500.0,2,1,2,42,-1,0,0,0,0,0,86382.0,85047,74354,57628,57381,14870,19500.0,1879,20000,20000,5000,50893,0
25000.0,1,2,2,29,0,0,0,0,0,0,12921.6,12087,13115,14190,14328,14629,1952.6000000000001,1530,1600,670,680,686,0
125000.0,2,1,2,33,0,0,0,0,0,0,24081.6,21226,22573,23596,24068,24679,2340.0,2000,1400,863,1000,2000,0
62500.0,2,2,2,40,0,-1,0,0,0,-2,3153.6,1000,2050,3000,0,0,1300.0,1050,1000,0,1000,0,0
237500.0,1,1,2,36,-2,-2,-1,-1,0,0,0.0,0,400,579,579,0,752.7,400,579,0,421,0,1
187500.0,1,2,2,41,2,3,2,2,2,2,104425.2,86708,88909,90352,91355,93241,2600.0,4500,3800,3400,3500,3900,0
25000.0,1,2,2,54,2,0,0,0,0,0,9387.6,8691,9701,9894,10102,10534,1496.3,1161,354,367,600,600,1
87500.0,2,2,1,67,0,0,0,0,0,0,68725.2,56269,56333,29288,29524,29764,3714.1,2702,1500,1100,1100,1150,0
150000.0,2,2,2,28,0,0,0,0,0,0,141675.6,120851,120013,77539,77333,79113,6110.0,3538,3000,3000,3000,5000,0
200000.0,2,1,2,33,0,0,0,0,0,0,175719.6,107604,89902,90983,82255,83988,5850.0,4400,3000,2400,2500,2500,0
37500.0,2,2,1,43,0,0,2,0,0,2,2919.6,4772,2897,3236,3575,1764,5200.0,0,2000,2000,0,1900,1
200000.0,1,3,2,30,0,0,-2,-2,-2,-2,37680.0,0,0,0,0,0,0.0,0,0,0,0,0,0
100000.0,2,1,2,37,0,0,0,0,2,2,73101.59999999999,62445,63905,67943,68811,70526,3250.0,2500,5100,2100,3000,3000,0
62500.0,1,1,1,46,0,0,0,2,2,2,41260.799999999996,35503,38931,38006,44357,43516,2600.0,4000,0,7000,0,2000,0
275000.0,1,1,2,31,0,0,0,0,0,0,53318.4,128967,96750,71616,65415,57914,130000.0,18720,37800,7096,12000,25000,0
337500.0,2,2,1,37,2,0,0,0,0,0,331606.8,264141,270573,275560,243792,251098,14300.0,12000,11000,8700,11077,34000,0
487500.0,1,1,1,46,2,2,2,2,2,2,201354.0,171245,167317,175283,179140,182864,9488.7,0,12000,6500,6500,0,1
62500.0,1,2,1,63,-1,-1,-1,2,2,-2,458.4,0,954,1154,0,0,0.0,1908,764,0,0,0,0
362500.0,1,2,2,35,-1,-1,3,2,-1,-1,950.4,264,264,264,260,4738,343.2,0,0,260,4746,53902,0
312500.0,2,2,2,29,-1,-1,-1,0,0,-1,1147.2,1339,2617,1817,975,1141,1740.7,2617,0,0,1141,1720,1
125000.0,2,3,1,40,2,2,2,2,2,2,112779.59999999999,97002,102698,97997,103384,97266,7150.0,8200,0,8000,0,8600,1
262500.0,2,2,2,32,-1,-1,-1,0,0,2,6423.599999999999,280,4609,4703,6324,1621,364.0,4609,94,1621,0,32,0
25000.0,2,3,2,27,0,0,0,0,-1,-1,17474.399999999998,5991,6870,0,2734,0,1457.3,1000,0,1367,0,0,0
87500.0,2,1,1,30,0,0,0,0,0,-1,83200.8,66987,58055,44593,0,48757,3900.0,2213,1565,0,50137,1800,0
75000.0,1,1,2,28,0,0,0,0,0,0,37617.6,50778,53407,19443,16597,18423,26141.7,5000,2000,1000,2000,1000,0
25000.0,1,3,1,28,-1,-1,0,0,0,0,4410.0,19316,19844,19844,20388,19554,25110.8,1261,651,803,747,155,1
187500.0,2,3,1,31,0,0,0,0,0,-2,111362.4,91166,99655,100000,0,0,9750.0,10000,2000,0,0,0,0
25000.0,1,3,2,57,0,0,2,0,0,0,20082.0,20373,12071,12567,13949,14318,5210.400000000001,0,1000,1600,600,532,0
225000.0,2,1,1,45,-1,0,0,0,-1,0,5083.2,6614,6216,3622,4095,6596,3920.8,3000,1622,4095,3000,2827,0
350000.0,2,1,2,37,-1,-1,-1,0,-1,-1,16238.4,3312,14907,3008,8988,11547,31032.3,14907,0,8988,11547,19826,0
62500.0,2,2,1,35,2,0,0,-2,-2,-2,7710.0,4580,0,0,0,0,1365.0,0,0,0,0,0,1
262500.0,2,3,1,50,-1,-1,-1,-1,-1,-1,516.0,430,430,430,430,430,559.0,430,430,430,430,10798,0
337500.0,1,3,2,43,2,2,2,2,2,2,310130.39999999997,263195,268769,263144,273783,239278,13455.0,11000,0,16002,111,8100,1
100000.0,2,2,1,42,-1,-1,-1,-1,-1,-1,2400.0,2000,2000,2000,2000,2000,2600.0,2000,2000,2000,2000,4206,1
187500.0,2,3,1,51,2,2,2,2,2,0,13396.8,11713,11759,12453,12147,12254,1300.0,500,850,0,400,400,1
62500.0,1,3,2,35,0,0,0,0,0,0,56232.0,48581,48968,18949,19181,20245,3250.0,1700,1600,811,2000,0,0
87500.0,2,3,1,40,3,2,2,2,0,0,83822.4,67531,28650,27590,27850,28085,0.0,2708,0,1010,1013,2000,1
75000.0,1,1,2,36,1,-1,0,0,0,0,0.0,1012,22760,17032,6808,8741,1315.6000000000001,22066,5032,1565,8500,5205,1
262500.0,2,3,1,42,-2,-2,-2,-2,-2,-2,166077.6,109115,101912,62959,60767,41150,6500.0,5000,2500,2800,2000,0,0
62500.0,1,1,2,34,-1,0,0,2,0,0,24309.6,22932,22265,23896,26514,28073,3900.0,0,2000,3000,2000,1500,0
625000.0,2,1,2,40,0,0,0,0,0,0,15108.0,13598,14650,15559,14861,15173,1592.5,1277,1186,478,496,509,0
100000.0,2,1,1,57,0,0,0,0,0,0,41091.6,35240,36275,37290,38030,38838,2041.0,1605,1620,1360,1420,1500,0
287500.0,2,1,2,32,0,0,0,0,0,0,84392.4,66310,54176,42944,40391,35820,3851.9,1941,1534,1532,1565,1330,0
37500.0,2,2,3,46,1,-1,0,0,-1,0,9896.4,16463,7090,10000,18438,17068,21401.9,1314,10000,18438,733,11796,0
100000.0,1,2,2,37,-1,-1,-1,-1,-1,-1,3571.2,13384,2255,1830,2647,11083,17451.2,2267,1835,2655,11116,4020,0
200000.0,2,2,2,30,1,-1,0,0,0,-2,0.0,1000,2043,3133,0,0,1300.0,1043,1133,0,0,7482,1
25000.0,2,2,2,30,2,2,2,2,0,0,20995.2,16923,20319,19543,19534,19320,0.0,4000,0,391,386,249,0
125000.0,2,2,2,34,0,0,0,0,0,0,90014.4,77784,73535,72067,59495,56850,5200.0,3105,4069,3000,2500,2000,0
25000.0,1,2,2,40,0,0,0,3,7,6,8226.0,11392,15863,20581,20298,19424,6500.0,5000,5000,0,0,1000,1
250000.0,2,1,2,45,1,-2,-2,-2,-2,-2,0.0,0,0,0,0,0,0.0,0,0,0,0,0,1
87500.0,1,3,1,51,0,0,0,0,2,2,29214.0,25349,26694,28935,28174,30061,1838.2,1759,3000,0,2500,0,0
37500.0,1,2,2,29,1,2,-1,-1,-1,-1,3247.2,1261,390,390,390,390,0.0,390,390,390,390,780,0
325000.0,2,4,2,47,-1,-1,-1,-1,-1,-1,478.79999999999995,2101,577,0,200,0,2731.3,577,0,200,0,664,0
100000.0,2,3,1,29,-1,-1,-1,2,-1,-1,904.8,0,3330,2699,1853,184,0.0,3399,0,1853,184,1350,0
225000.0,1,2,1,45,1,2,0,0,0,0,207100.8,167622,130083,64398,62277,58216,1300.0,4052,2293,2295,2400,2110,0
187500.0,2,1,2,35,0,0,2,0,0,2,53754.0,43700,19543,34648,24241,19339,13000.0,20,30000,19800,0,5000,1
262500.0,2,3,2,33,-1,-1,-2,-1,-1,-1,1298.3999999999999,0,0,232,0,150,0.0,0,232,0,150,81,0
187500.0,2,1,2,29,1,-1,-1,-1,-1,2,0.0,200,200,200,550,550,780.0,200,200,550,200,0,0
75000.0,1,1,2,33,-1,0,0,0,0,0,48940.799999999996,41723,42665,43254,43757,44378,2601.3,2001,1690,1501,1617,1502,0
150000.0,2,1,1,44,1,-2,-2,-2,-2,-2,0.0,0,0,0,0,0,0.0,0,0,0,0,0,0
100000.0,1,3,1,65,0,0,0,0,0,0,81702.0,70604,26890,27450,27634,28216,13000.0,1500,1000,1100,1041,1500,0
100000.0,1,2,1,42,2,2,2,2,2,2,69628.8,59300,59831,60554,61938,63269,3640.0,2100,2300,2500,2500,500,1
62500.0,1,2,2,40,-1,-1,-1,-1,-1,0,936.0,0,390,390,28094,28263,0.0,390,390,28094,1011,965,0
250000.0,1,2,1,38,0,0,0,0,0,0,132007.19999999998,76950,63834,56768,58826,67577,6500.0,2183,2059,3000,9751,3000,0
100000.0,1,1,1,41,0,0,0,0,0,-2,72132.0,51784,50071,47099,41063,6408,2841.8,1491,1099,1243,6408,6825,0
437500.0,1,1,2,37,0,0,0,0,0,0,52027.2,14236,16991,18541,20075,20491,2600.0,3000,2000,2001,580,677,0
175000.0,2,2,2,32,0,0,0,0,0,0,164278.8,139889,142460,142020,139879,140810,6760.0,6000,5500,5900,5200,5000,0
287500.0,2,1,2,38,0,0,0,0,0,0,46375.2,40000,41354,42368,43161,45056,2600.0,2000,2000,1800,2600,2000,0
25000.0,1,3,2,33,1,2,0,0,0,0,6783.599999999999,5419,6365,6608,7001,7233,0.0,1200,350,500,500,300,1
212500.0,1,2,1,45,0,0,0,2,2,2,177853.19999999998,149659,155442,162471,158294,166836,7020.0,8200,11400,0,10800,0,0
262500.0,1,1,2,53,-2,-2,-2,-2,-2,-2,0.0,570,0,0,0,0,741.0,0,0,0,0,0,0
525000.0,2,1,2,41,0,0,0,0,0,-1,24391.2,21629,22354,23150,0,15235,1922.7,1204,1000,0,15235,242,0
75000.0,2,2,2,31,2,2,2,2,2,0,68022.0,55208,59175,60218,55447,55305,0.0,5000,2511,6,3000,3000,0
262500.0,2,2,1,48,0,0,0,0,2,0,96632.4,82332,84043,88508,85802,85280,5200.0,4000,7000,0,3500,7000,0
287500.0,2,1,2,33,-1,0,0,0,0,0,57772.799999999996,51966,44477,39998,23278,27775,15600.0,2353,5000,0,8000,643,0
75000.0,2,3,1,66,0,0,0,0,0,0,33849.6,29230,30739,30841,28069,27941,1943.5,2004,2009,1211,2000,1201,0
62500.0,1,3,1,57,1,2,0,0,0,0,38542.799999999996,29498,26196,23806,16818,14438,0.0,6900,0,0,0,0,1
100000.0,2,2,1,36,0,0,-1,0,-1,-1,4321.2,0,6440,2802,1290,4547,11.700000000000001,9242,0,1290,4547,1850,1
62500.0,1,3,1,51,0,0,0,0,0,0,74778.0,60180,58108,55774,53589,51345,2860.0,2200,2000,1967,2002,1727,0
375000.0,1,1,1,43,-1,-1,-1,-1,-2,-2,847.1999999999999,195,504,0,0,0,260.0,600,0,0,0,1791,1
237500.0,1,1,1,55,2,2,2,2,2,2,83421.59999999999,71443,72413,73366,74830,76237,4550.0,2600,2600,2650,2650,3000,1
387500.0,1,1,1,44,-1,-1,-1,-1,-1,-1,19892.399999999998,1361,2716,824,757,842,1769.3,3146,824,757,842,13436,0
37500.0,2,2,2,30,0,0,0,0,0,2,8644.8,7453,7098,10148,22070,23182,1560.0,1114,4000,13000,2000,0,0
250000.0,1,2,2,32,0,0,2,0,0,0,30400.8,26203,25652,25162,24995,23901,2865.2000000000003,1004,1004,1013,2018,4,0
287500.0,2,2,2,56,0,0,0,0,0,0,256148.4,226037,213682,219016,172407,163690,22100.0,10000,10000,10000,10000,10000,0
37500.0,1,2,2,40,2,0,0,2,2,2,22698.0,20290,24727,24031,25579,25030,2600.0,5100,0,1949,0,912,1
225000.0,1,2,2,36,0,0,0,2,0,0,34279.2,32876,39120,38339,42679,46953,6500.0,7000,0,5000,5000,5000,0
62500.0,2,2,2,44,0,0,-2,-2,-2,-2,24780.0,0,0,0,0,0,0.0,0,0,0,0,3000,0
200000.0,2,3,1,53,0,0,2,0,0,0,184068.0,158421,152835,152638,142454,128895,19632.600000000002,0,6000,5300,4784,4500,0
37500.0,2,2,1,44,0,-1,-1,2,0,0,26658.0,18243,29013,28256,28979,31369,23715.9,11500,0,1177,3000,0,0
225000.0,2,2,2,30,0,0,0,0,0,0,213159.6,139415,136942,114632,117808,120302,6763.900000000001,30023,10024,10000,4458,5000,0
62500.0,2,1,2,31,1,-1,-1,0,0,0,0.0,1950,2576,12576,22397,15944,2535.0,2576,10000,10000,685,612,0
625000.0,2,1,2,33,0,0,0,0,0,0,362506.8,279409,258310,221792,201215,183739,13063.7,10106,9021,7029,9093,10018,0
300000.0,2,2,2,31,0,0,0,0,0,0,181063.19999999998,141315,128940,124226,113133,113966,8498.1,6349,5834,3870,4000,3825,0
25000.0,1,2,1,39,2,-1,0,0,0,0,468.0,18864,19499,19780,780,0,24523.2,1329,1000,0,0,0,1
75000.0,1,2,2,28,0,0,0,0,0,0,59408.399999999994,33282,34312,17277,17808,19346,2561.0,2000,618,809,2000,616,1
700000.0,2,1,1,50,0,0,0,0,0,0,41602.799999999996,150228,151425,143343,127225,130479,195000.0,60052,10268,27225,15000,20000,0
25000.0,2,2,2,29,0,-1,-1,0,-1,-1,5113.2,7830,17213,4781,3178,15834,10179.0,17221,1203,3178,15834,0,0
100000.0,1,2,1,31,-1,3,2,-1,2,2,594.0,330,165,481,316,151,0.0,0,481,0,0,0,0
12500.0,1,3,2,50,1,2,2,2,0,0,11403.6,7238,9407,8126,8838,9039,0.0,2310,0,1000,500,335,0
337500.0,2,2,1,43,-1,0,0,0,-1,0,3568.7999999999997,3562,5061,5500,116681,119553,1392.3,2000,1000,116681,5000,4000,0
100000.0,1,1,2,30,-1,-1,-1,-1,-1,-1,468.0,390,390,390,390,390,507.0,390,390,390,390,390,1
225000.0,2,1,1,43,1,-2,-2,-2,-2,-2,0.0,0,0,0,0,0,0.0,0,0,0,0,0,0
612500.0,2,2,2,38,0,0,0,0,0,0,69969.59999999999,64927,60011,49409,39945,49932,13000.0,8160,7000,2000,37000,3000,0
62500.0,1,3,1,60,0,0,0,0,0,0,53109.6,28040,27935,51904,24147,24425,3235.7000000000003,1384,841,1013,819,15154,0
375000.0,1,2,1,37,-1,-1,-1,-1,-1,-2,3460.7999999999997,1706,2960,579,0,0,2217.8,2964,579,0,0,2937,1
212500.0,2,2,1,28,2,0,0,0,0,0,192226.8,150377,138779,129548,121625,108462,7716.8,4584,4002,4093,4187,4335,0
375000.0,2,2,1,43,0,-1,0,0,0,0,1500.0,940,11240,12137,15937,16437,1222.0,10300,1200,4000,500,6000,0
350000.0,2,1,2,35,1,2,0,-1,-1,-1,31083.6,19262,10660,4191,1671,105726,65.0,2053,4211,2001,105747,100055,0
25000.0,2,3,2,29,-1,-1,-2,-2,-1,0,15010.8,0,0,0,13398,7224,0.0,0,0,13398,0,0,0
137500.0,2,2,2,34,2,2,4,4,3,2,720.0,600,600,600,300,150,0.0,0,0,0,0,921,1
100000.0,1,3,1,32,0,0,0,-1,0,0,26857.2,11420,7021,6157,7606,3432,1950.0,3000,6157,1500,138,59,1
25000.0,2,1,2,27,0,0,2,2,2,2,14971.199999999999,14951,14426,16471,15909,17151,3900.0,0,2600,0,1500,0,0
62500.0,2,2,1,44,0,0,0,0,0,0,52468.799999999996,45017,46106,28381,29546,29573,2600.0,2000,2000,2000,1000,1000,0
37500.0,1,1,2,41,3,2,0,0,-1,-1,32221.199999999997,26136,30391,13150,18504,6699,0.0,5334,39,18559,6821,26275,1
275000.0,1,1,1,44,1,-2,-2,-2,-2,-2,0.0,0,0,0,0,0,0.0,0,0,0,0,0,0
62500.0,2,2,1,33,3,2,2,7,7,7,2880.0,2400,2400,2400,2400,2400,0.0,0,0,0,0,0,0
100000.0,2,2,2,30,1,2,0,0,0,0,94672.8,79989,79882,67946,51435,53113,3900.0,3500,5000,2500,2500,2000,0
87500.0,2,1,1,34,0,0,0,0,0,0,82238.4,69475,69582,69589,68728,69304,4290.0,3100,2800,2600,2940,3000,0
150000.0,2,2,1,53,-1,-1,-1,-1,0,-1,751.1999999999999,0,1252,1252,1252,626,0.0,1252,1252,0,626,0,0
212500.0,1,1,1,41,0,0,0,0,2,-1,99477.59999999999,80400,29253,29196,22400,3605,13000.0,1400,2500,0,3605,0,0
537500.0,1,2,2,34,-2,-2,-2,-2,-2,-2,1730.3999999999999,3058,0,980,0,0,3975.4,0,980,0,0,1030,0
25000.0,1,3,1,62,-1,-1,-1,-1,0,0,468.0,390,390,21515,2942,0,507.0,390,10728,59,0,0,1
250000.0,2,1,1,49,2,0,0,0,0,0,226263.6,192100,126343,125700,126448,81008,10414.300000000001,5203,4000,5000,3001,3000,0
350000.0,2,1,2,31,0,0,0,0,0,0,175356.0,120750,105492,104061,105202,107143,6554.6,4000,4000,4000,4368,4000,0
237500.0,2,1,2,43,0,0,0,0,0,0,47361.6,33983,35042,35699,36410,38067,2796.3,1910,1558,1269,2209,123347,0
75000.0,2,2,1,48,0,0,0,0,0,0,68439.59999999999,58994,59732,36914,37684,38613,3744.0,2473,1322,1366,1554,1369,0
450000.0,1,2,1,34,0,0,0,-1,0,0,22144.8,16419,12932,91329,82929,70047,7836.400000000001,6032,99578,2507,5376,2000,0
100000.0,1,2,2,31,0,0,0,0,0,0,40188.0,35908,29995,27297,21524,23005,6500.0,1318,1200,2000,2000,2000,0
37500.0,2,3,2,47,1,2,2,2,0,0,36534.0,27794,30603,29802,30134,30410,0.0,3569,0,1100,1100,1127,1
412500.0,1,2,2,33,0,0,0,0,0,0,63912.0,37207,40560,41978,46728,40502,2600.0,4000,2000,5039,2164,2000,0
300000.0,2,2,3,44,0,0,0,0,0,0,206288.4,171394,68907,70164,70672,69581,9360.0,3000,3000,2509,3000,2500,0
112500.0,1,1,2,36,0,0,0,0,0,0,95276.4,77962,73870,58792,58402,59633,3835.0,3000,2205,2300,2300,3000,1
162500.0,2,2,1,57,1,2,2,2,0,0,134920.8,98455,103351,100724,97675,102080,0.0,12700,0,4000,11461,0,0
625000.0,1,2,2,35,0,0,2,2,0,0,24652.8,25756,26176,18124,8133,4051,7585.5,1055,23,9,20,15099,0
162500.0,1,2,2,34,2,2,2,0,0,0,56726.4,47984,47113,48218,49408,50648,2080.0,0,1700,1800,2000,1800,0
25000.0,2,3,2,38,0,0,0,0,0,0,24027.6,20239,19164,19393,19725,20054,1690.0,1400,1300,1000,1000,1000,0
62500.0,2,2,3,44,0,0,0,0,0,0,58806.0,49407,45881,45784,50072,49112,7800.0,5000,5000,8000,4000,4000,0
62500.0,1,2,2,26,0,0,0,0,0,0,25227.6,27270,11342,8305,7288,0,3900.0,1000,0,0,0,0,0
400000.0,1,1,1,54,0,0,0,-1,-1,-1,303943.2,246536,194663,70074,5856,195599,13465.4,10000,75940,20000,195599,50000,0
87500.0,1,1,2,38,0,0,0,0,0,0,76614.0,65443,65169,64370,15082,0,4191.2,1680,3000,142,142,0,0
412500.0,2,1,2,36,-1,0,0,0,0,0,4864.8,4661,5731,5186,6522,8995,1418.3,2000,1222,2400,3000,2000,0
112500.0,2,2,2,31,0,0,0,0,2,2,84247.2,71353,72707,74101,72818,73940,4290.0,3168,3143,2700,3600,1700,0
100000.0,2,1,2,32,0,0,-2,-2,-2,-2,96000.0,0,0,0,0,0,0.0,0,0,0,0,0,0
62500.0,1,3,2,46,0,0,2,0,0,0,26829.6,23257,23192,24073,21759,21959,2470.0,1000,1500,891,1000,700,0
112500.0,1,2,1,34,1,1,1,0,0,0,49287.6,43480,73960,2442,48063,48186,4030.0,1000,770,48012,1756,1894,0
225000.0,1,1,2,33,-2,-2,-2,-2,-2,-1,0.0,0,0,0,225,35173,1305.2,0,0,225,24815,10250,0
62500.0,2,2,3,39,0,0,0,0,0,0,61024.799999999996,17429,17728,17886,18043,19134,1708.2,2000,1300,1000,1500,1000,0
100000.0,1,2,1,50,0,0,0,0,0,0,41886.0,35923,37339,38419,39316,35902,2080.0,2000,1703,1600,1400,10350,0
362500.0,2,1,1,34,0,0,0,0,0,0,278782.8,109791,106730,93882,91746,76547,6592.3,4539,3000,3500,3856,3000,0
62500.0,1,2,2,35,-1,-1,2,2,-1,-1,936.0,780,780,0,390,1320,1014.0,0,0,390,1320,0,0
525000.0,1,2,1,48,0,0,0,0,0,0,53604.0,60376,30099,66049,61043,62054,39328.9,20016,40015,30004,3000,3224,0
62500.0,1,3,1,42,3,2,2,0,0,0,36493.2,31130,30308,28902,29215,28963,1950.0,0,1016,1046,1129,869,1
62500.0,1,2,2,65,0,0,0,0,0,0,61293.6,50649,36384,32913,9397,9755,2616.9,2505,2100,500,500,500,0
62500.0,2,3,1,56,0,0,0,0,0,0,60537.6,34741,21312,17398,17773,17368,2622.1,2130,500,2000,2000,2000,1
225000.0,2,3,1,69,-2,-2,-2,-2,-2,-2,21700.8,1703,3681,21325,2228,856,2213.9,3697,21330,2228,1531,16934,0
225000.0,2,2,2,41,1,-2,-2,-2,-2,-1,0.0,0,0,0,0,10970,0.0,0,0,0,10970,0,0
350000.0,1,1,2,41,-1,-1,-1,2,-1,-1,12997.199999999999,4211,3057,1333,302,5419,5480.8,4585,0,302,5419,1005,1
25000.0,1,2,2,29,0,0,0,0,0,0,18265.2,17847,18483,19079,19060,19061,4273.1,1313,1299,670,686,694,0
525000.0,1,1,1,57,-1,-1,-1,-1,-1,-1,13316.4,16106,10703,14534,20631,17641,20937.8,10703,14540,20631,17641,11748,0
25000.0,1,3,2,48,0,0,0,0,0,0,22928.399999999998,20120,19445,19831,19473,20009,1729.0,1274,660,752,906,650,0
62500.0,1,2,2,46,0,0,0,0,-2,-1,60733.2,41732,41111,0,0,18056,2860.0,2200,0,0,20000,1000,0
25000.0,1,3,2,32,0,0,0,0,0,0,14218.8,13144,14429,15659,16959,0,1950.0,1500,1500,1500,3000,13500,1
325000.0,1,1,2,42,-2,-2,-2,-2,-2,-2,307.2,188,188,198,217,1825,244.4,188,198,217,1825,198,0
250000.0,2,2,1,39,0,0,0,0,0,0,81914.4,53329,44222,36869,31640,25334,3628.3,2668,1820,2000,882,600,0
212500.0,2,2,2,52,0,0,0,0,0,0,75512.4,36885,34289,31518,31338,31838,2035.8000000000002,1606,1325,1015,10000,1111,0
562500.0,2,1,2,41,1,-2,-1,-1,-1,-2,7090.8,964,613,1797,679,10643,1258.4,615,1834,682,10697,30451,0
225000.0,1,2,2,44,0,0,2,0,0,0,35373.6,32342,31523,32989,33679,34350,4358.900000000001,0,2000,1222,1231,2704,0
62500.0,1,2,1,41,2,2,2,2,0,0,60969.6,48287,47265,20840,19568,19812,0.0,3259,0,844,706,677,1
250000.0,2,1,1,63,1,2,2,0,0,0,243729.59999999998,206084,187747,159746,140632,143092,9750.0,0,6014,5000,6000,5000,1
450000.0,1,1,2,48,-1,-1,-1,-1,-1,-1,70.8,4465,300,966,1730,0,5804.5,300,966,1730,0,969,0
350000.0,2,1,2,35,-2,-2,-2,-2,-2,-2,3535.2,3326,132,0,0,680,4323.8,150,0,0,700,0,0
250000.0,1,1,2,57,0,0,0,0,0,0,138842.4,113576,109812,104567,100541,96495,7172.1,5381,3838,3589,3397,3296,0
150000.0,2,2,2,31,-1,-1,-1,-1,-1,-1,6984.0,216,3858,6849,2616,2805,280.8,3858,6849,2616,2805,3926,0
62500.0,2,2,2,31,-1,-1,-1,-1,-1,-1,468.0,2078,390,390,0,780,2701.4,390,390,0,780,0,0
62500.0,2,1,2,34,0,0,0,0,-1,0,26544.0,14577,16275,23790,2250,2100,5200.0,3096,12000,2250,500,0,0
75000.0,2,2,1,44,-1,-1,-1,-2,-2,-1,15054.0,1217,0,0,0,465,1582.1000000000001,0,0,0,465,0,1
87500.0,1,2,2,52,1,2,0,0,2,2,77503.2,62983,64885,68164,66948,71122,0.0,2950,4965,0,5289,0,0
187500.0,2,1,2,34,0,0,0,0,0,0,175758.0,147331,146999,146277,147946,145846,9100.0,6740,6850,5664,5660,5480,0
362500.0,2,3,1,51,-1,-1,-1,-1,-1,-1,36438.0,32571,36918,37063,11566,32057,42347.5,36982,37063,11566,32057,1501,0
200000.0,2,2,1,56,0,0,0,2,0,0,81132.0,69908,78087,75255,78593,59816,5200.0,10000,0,5000,3000,3000,1
150000.0,2,1,2,31,0,0,0,0,0,0,81022.8,110908,46025,43887,36207,24612,3900.0,2100,2700,2000,1127,2202,0
250000.0,2,3,1,53,-2,-2,-2,-2,-2,-2,0.0,0,0,0,0,0,0.0,0,0,0,0,0,0
37500.0,2,2,2,30,0,0,0,0,0,0,10722.0,9948,10971,11982,12219,12475,1514.5,1188,1199,436,452,458,0
125000.0,2,2,1,46,0,0,0,0,0,0,128668.79999999999,107126,101859,79519,74368,58481,9100.0,3533,2673,3500,4303,3023,0
312500.0,2,1,2,32,0,-1,-1,-2,-2,-2,10522.8,990,0,0,955,8175,1287.0,0,0,955,8200,2434,0
300000.0,2,3,2,40,-2,-2,-2,-2,-2,-2,0.0,0,0,0,0,0,0.0,0,0,0,0,0,1
600000.0,2,3,1,41,-1,0,0,-1,-1,-1,23173.2,13368,7000,7331,7000,7000,1778.4,1000,7331,7000,7000,7000,0
350000.0,2,2,2,33,-2,-2,-2,-2,-2,-2,21354.0,4117,1199,247,0,1896,5362.5,1201,249,0,1896,548,0
62500.0,2,2,2,28,0,0,0,0,-1,-1,39730.799999999996,32856,27438,4786,768,0,2158.0,1600,624,768,173,30267,0
350000.0,1,3,2,35,0,0,0,0,0,0,125102.4,107034,109958,112850,115092,117496,5863.0,4654,4730,4119,4258,4292,0
600000.0,2,1,2,53,-2,-2,-2,-2,-2,-2,1304.3999999999999,188,257,1697,188,22507,244.4,257,1697,188,22507,370,0
400000.0,1,2,1,42,0,0,0,0,0,0,225727.19999999998,178067,178018,172200,164032,165857,8444.800000000001,6343,6003,5967,6525,5167,0
125000.0,1,1,1,40,0,0,0,2,2,0,78541.2,72277,78115,79244,77373,78973,10400.0,7000,3000,0,3000,6000,0
362500.0,2,1,2,42,1,-2,-1,-1,-1,-1,0.0,0,3155,0,2359,0,0.0,3155,0,2359,0,0,0
25000.0,2,2,2,38,2,0,0,0,0,0,23935.2,18694,17228,16923,10467,10526,2070.9,1340,1171,402,600,538,1
125000.0,2,1,1,33,0,0,0,0,0,0,127443.59999999999,108327,106142,102449,100212,102674,10400.0,5300,3605,3500,4100,3000,0
62500.0,1,3,2,63,2,0,0,0,0,0,9397.199999999999,7556,7312,6959,5813,3985,1459.9,1140,1048,163,135,151,0
150000.0,1,2,2,30,0,0,2,0,0,0,13376.4,9757,9423,3345,2929,2520,3179.8,438,1000,0,7,0,0
275000.0,2,2,2,33,0,0,0,0,0,0,268999.2,219085,213888,215125,216543,217390,10660.0,7729,9207,7917,7911,8203,0
37500.0,2,3,1,55,2,2,2,2,2,2,36738.0,28691,30474,27468,25813,25251,0.0,3017,12,3000,0,4000,1
250000.0,1,1,1,49,0,0,0,0,2,0,80026.8,65515,49492,51802,38896,36436,3070.6,1706,4185,15,1537,1064,0
150000.0,2,1,1,52,-1,-1,3,2,0,0,758.4,948,948,632,632,316,1232.4,0,0,316,0,466,1
212500.0,2,2,1,45,2,-1,2,-1,-1,-1,231.6,3760,3500,7190,9000,0,4888.0,0,7190,9000,0,0,1
125000.0,2,2,2,45,0,0,0,0,0,0,110871.59999999999,85345,76109,77068,77868,75954,4550.0,3500,3300,3000,3000,3000,0
450000.0,1,2,1,46,1,-2,-2,-2,-2,-2,0.0,0,0,0,0,0,0.0,0,0,0,0,0,1
237500.0,2,2,2,45,0,0,0,0,0,0,219507.6,183436,162537,157497,155297,153594,10476.7,7741,7201,4815,4927,5380,1
537500.0,1,1,1,39,2,2,-2,-2,-2,-2,522.0,0,0,0,0,0,237.9,0,0,0,290,2512,0
625000.0,2,3,2,45,0,0,0,0,0,0,255553.19999999998,264961,237006,139311,128095,181304,81900.0,20078,30141,30000,60000,50000,0
112500.0,2,2,3,41,0,0,0,0,0,0,109862.4,88751,54704,37660,32074,18372,71500.0,5023,5030,11000,9765,10000,0
250000.0,2,1,1,43,-1,2,-1,-1,-1,-1,8012.4,4561,1856,1856,1856,2508,0.0,1856,1856,1856,2508,26042,0
25000.0,1,3,2,34,-1,-1,-1,-1,-1,-1,5343.599999999999,7997,6573,7422,4381,11718,10424.7,6779,7547,4589,12000,7556,0
200000.0,2,2,1,43,0,0,0,0,2,2,126375.59999999999,109030,109731,116452,114481,121885,7040.8,4002,8565,0,9502,0,0
187500.0,2,1,2,37,0,0,0,0,0,0,36836.4,40139,49410,58549,67560,86315,13000.0,10000,10000,10000,20000,1718,0
225000.0,1,2,2,41,-1,-1,-1,-1,0,-1,120.0,100,109,1863,1763,591,130.0,109,3626,0,907,1208,1
700000.0,1,2,1,41,-2,-2,-2,-2,-2,-2,5143.2,3273,2300,4930,2043,1019,4266.6,2306,4930,2049,1019,2580,0
75000.0,2,1,2,30,0,0,0,0,0,0,71073.59999999999,59961,59824,47655,27298,28303,2990.0,3572,2169,6000,4000,4000,0
137500.0,2,3,1,44,0,0,0,0,0,0,128929.2,106808,75540,75724,74785,76079,5229.900000000001,2805,3406,2670,2751,2772,0
337500.0,2,2,1,48,-1,-1,-1,-1,-1,-1,112950.0,1321,806,629,686,834,1723.8,920,629,686,834,5112,0
250000.0,2,2,2,30,0,0,2,0,0,0,210522.0,195581,190716,132731,129960,66747,32136.0,0,6000,40450,13000,5000,0
350000.0,2,2,2,29,-1,-1,-1,-1,-1,0,379.2,316,3861,316,10800,9099,410.8,3861,316,10800,382,5000,0
262500.0,2,1,1,37,-1,0,-1,-1,-1,-1,9052.8,5525,6876,2692,5560,2866,6831.5,7067,2696,5560,2866,8680,0
212500.0,2,2,2,28,-1,0,0,0,0,0,38630.4,32555,32292,32372,31202,31688,2090.4,2301,2379,2202,2688,2110,0
475000.0,1,1,1,47,-1,-1,-1,-1,-2,-1,5252.4,0,3885,0,1140,505,0.0,3888,0,1140,505,0,0
287500.0,1,2,1,38,1,-1,-1,-1,-1,-1,0.0,1427,0,198,0,525,1855.1000000000001,0,198,0,525,0,0
225000.0,2,1,2,47,-1,0,0,0,0,0,5176.8,5495,54903,56458,58616,55032,3250.0,50000,3000,3000,2000,2500,0
75000.0,2,2,1,49,1,2,0,0,0,0,73258.8,57244,47551,36795,30596,28354,0.0,2400,2100,1300,1300,1300,0
62500.0,1,2,1,52,-2,-2,-2,-2,-2,-2,0.0,0,2640,0,1000,4702,3432.0,2640,1500,1000,4702,36015,0
362500.0,2,2,1,38,-2,-2,-2,-2,-2,-2,2842.7999999999997,1298,2369,1298,1298,1623,1687.4,2369,1298,1298,1623,1275,1
150000.0,2,1,2,31,-2,-2,-2,-2,-2,-2,379.2,316,316,316,316,316,410.8,316,316,316,316,1844,0
62500.0,2,2,2,42,0,0,0,-1,0,0,5751.599999999999,3594,0,5369,3746,9408,3900.0,0,5369,0,9000,10000,0
237500.0,2,3,1,50,0,0,0,0,0,0,91719.59999999999,78472,80548,81778,83082,84811,4290.0,3331,3359,2663,2751,3000,0
12500.0,2,3,1,47,2,2,2,2,0,0,9104.4,7920,10153,8999,9999,0,1300.0,2374,0,1000,0,0,1
75000.0,2,3,2,49,-1,-1,-2,-2,-2,-2,3362.4,0,0,0,0,0,0.0,0,0,0,0,0,0
425000.0,2,1,1,46,-1,2,-1,-1,2,-1,8176.799999999999,6167,24386,3570,3094,14645,0.0,24386,3570,0,14645,4534,1
500000.0,2,1,2,36,0,-1,-1,0,-1,0,9494.4,4220,3364,2832,34967,38706,5486.0,3364,2500,34967,10000,22600,0
200000.0,2,2,2,40,0,0,0,2,0,0,29167.2,25590,29169,28406,28836,30208,2600.0,4000,0,1200,2000,1300,0
62500.0,1,1,1,45,0,0,0,0,0,0,51058.799999999996,36110,9715,8965,6652,7385,2860.0,2000,1000,500,1000,400,0
275000.0,2,2,1,42,2,0,-1,-1,0,0,2814.0,2572,15,947,631,715,1309.1000000000001,16,1578,0,400,1,1
287500.0,1,1,2,31,-1,-1,-1,-1,-1,-1,1318.8,19686,3036,4806,0,1699,25591.8,4000,4806,0,1700,3658,0
50000.0,2,2,1,50,1,2,0,0,0,0,49092.0,39592,40135,37403,30159,27854,0.0,2196,4,603,925,389,0
25000.0,1,2,2,29,0,0,2,0,0,0,17542.8,17216,16642,16976,17332,18543,3705.0,0,610,630,1500,0,0
175000.0,1,2,2,31,0,0,0,0,0,0,127116.0,59125,54636,51407,12016,60890,3937.7000000000003,2000,2059,1019,55317,2015,0
362500.0,1,1,2,37,-1,-1,-1,-1,-1,0,27880.8,1571,108157,35379,18711,3110,2047.5,108168,35811,18711,0,157,0
200000.0,1,2,1,50,0,0,0,0,0,0,187010.4,158665,132275,57318,42978,0,7980.7,4026,1492,860,0,0,1
150000.0,2,2,2,44,-1,-1,-1,2,-1,-1,3303.6,0,390,390,780,1206,0.0,780,0,780,1206,0,0
187500.0,2,2,1,55,3,2,0,0,-2,-1,3872.3999999999996,3029,3964,0,0,2322,0.0,1000,0,0,2322,0,0
262500.0,1,2,1,50,0,0,0,0,0,0,67228.8,57148,58338,59529,60720,61980,2386.8,1897,1936,1952,2013,9062,1
450000.0,2,1,1,36,-2,-2,-2,-2,-2,-2,0.0,18540,9007,9500,8675,6573,24102.0,10000,10000,9000,6600,32810,0
200000.0,1,1,2,37,-1,-1,-1,-1,-1,-1,6378.0,8145,2480,1920,2192,8187,10790.0,2480,1920,2192,8187,552,0
37500.0,1,2,2,49,2,0,0,0,0,0,21319.2,18771,19965,20865,23465,24465,1697.8,1500,1400,3000,1000,0,1
250000.0,2,3,1,59,-1,2,-1,-1,-1,-1,3409.2,1709,1312,2404,3786,1916,0.0,1312,2404,3786,1916,2299,0
212500.0,2,2,2,52,0,0,0,0,0,0,41764.799999999996,35525,36948,38031,38698,39524,2080.0,2000,2000,1600,1600,1700,0
87500.0,1,2,1,44,0,0,0,0,0,0,85270.8,71998,71229,70747,68154,69815,6500.0,4792,3000,3019,8010,7000,1
300000.0,2,2,1,52,-2,-1,-1,-2,-1,-1,33460.799999999996,23222,0,0,13143,27383,30693.0,0,0,13143,27383,21718,0
625000.0,2,1,2,42,-2,-2,-2,-2,-2,-2,896.4,0,0,989,0,0,0.0,0,989,0,0,880,0
375000.0,2,1,2,34,-2,-2,-1,0,0,0,0.0,0,132218,133533,136877,139940,0.0,133500,5000,5500,5500,5500,0
325000.0,2,2,1,36,0,0,0,0,0,0,98587.2,83083,85346,87620,89566,91502,4694.3,3712,3800,3500,3400,3100,0
50000.0,1,2,3,42,0,0,0,0,2,0,24928.8,21778,22807,24993,24292,24800,1761.5,1384,2570,0,899,2006,0
187500.0,2,1,1,40,-1,-1,-1,-2,-1,-1,3603.6,2688,3125,9643,4383,2225,3507.4,3137,9643,4395,2229,3041,0
50000.0,2,3,1,60,2,2,7,7,7,7,2880.0,2400,2400,2400,2400,2400,0.0,0,0,0,0,0,1
87500.0,2,3,1,35,2,2,2,2,2,2,67737.59999999999,57550,58008,58957,60367,61617,3380.0,2000,2500,2500,2400,2500,1
287500.0,2,3,1,48,-2,-2,-2,-2,-2,-2,1318.8,2508,976,416,416,416,3260.4,976,416,416,416,416,0
137500.0,2,3,1,56,0,0,0,0,0,0,126571.2,109153,109501,105290,78812,78503,7066.8,5007,5290,8812,8503,8200,0
87500.0,2,2,2,32,0,0,0,0,2,0,57525.6,49638,51005,54141,52676,53871,3250.0,2464,4600,0,2200,2180,0
400000.0,2,2,2,33,0,-1,0,0,0,0,12801.6,44197,36538,34603,31596,30155,57800.6,12000,2000,1000,1000,5098,0
225000.0,2,2,2,34,-2,-1,-1,-1,-1,-1,4800.0,6028,6028,3996,9062,3997,7836.400000000001,6028,3996,9066,3997,6992,0
437500.0,2,2,1,55,0,0,0,0,0,0,316068.0,267494,205636,203844,204114,207448,13691.6,9219,8797,8004,10012,10006,1
175000.0,2,1,1,45,0,0,0,0,0,0,80845.2,69027,56175,57666,59604,62480,4030.0,3888,2800,2800,3800,3000,0
500000.0,2,1,2,34,0,0,2,0,0,0,89794.8,77970,70557,71867,72137,72955,9122.1,0,3200,2750,3000,5800,1
512500.0,1,2,1,41,-2,-2,-2,-2,-1,-1,4592.4,9921,28961,2954,9942,2628,13694.2,29750,3483,10470,2636,122005,0
300000.0,2,2,1,52,1,-2,-2,-2,-2,-2,0.0,0,0,0,0,0,0.0,0,0,0,0,0,0
300000.0,1,2,2,31,0,0,0,0,0,0,194119.19999999998,166147,169882,173246,177112,187951,9100.0,6500,6183,6640,14000,0,0
62500.0,2,1,2,28,0,0,0,0,0,2,41306.4,32703,22851,6699,10060,7737,2007.2,1000,0,3361,0,100,0
1000000.0,1,2,1,58,-1,-1,-1,0,0,-1,9166.8,5552,64535,40814,12590,9339,14488.5,64657,131,247,9366,63482,0
450000.0,2,2,2,49,-1,-1,-1,-1,-1,-1,12373.199999999999,2758,1397,298,7950,60097,3585.4,1397,298,7950,60097,1200,0
437500.0,2,1,1,57,3,2,2,7,7,7,2880.0,2400,2400,2400,2400,2400,0.0,0,0,0,0,0,1
62500.0,1,1,2,32,0,0,0,0,0,0,8412.0,9876,11115,12915,14415,0,3900.0,1500,2000,2000,0,0,0
12500.0,1,3,2,48,0,0,0,0,0,0,11454.0,10443,7329,8343,8508,8686,1452.1000000000001,1125,2139,304,315,345,0
62500.0,2,2,2,32,0,0,0,0,0,0,60823.2,49525,49603,49222,30421,30352,2312.7000000000003,3001,1558,1045,1074,1634,0
287500.0,2,1,2,32,0,0,0,0,0,0,110600.4,92799,94328,96203,98474,98835,4342.0,3401,3420,3797,3476,2818,0
625000.0,1,1,2,40,-2,-2,-2,-2,-2,-2,7110.0,11175,21176,5086,9552,14389,14552.2,21193,5094,9563,14403,5233,0
75000.0,1,1,2,28,0,0,0,0,0,0,71181.59999999999,54553,51323,38031,38825,39255,2684.5,1597,1473,1521,1538,1521,0
62500.0,1,3,1,60,-1,-1,-1,-1,-1,-1,468.0,390,390,390,390,390,507.0,390,390,390,390,390,0
437500.0,2,1,2,41,-2,-2,-2,-2,-2,-2,3926.3999999999996,6968,0,0,0,0,9110.4,0,0,0,0,0,0
375000.0,1,1,2,60,-2,-2,-2,-2,-2,-2,468.0,601,4247,5484,5125,1752,781.3000000000001,4285,5500,5151,1757,12918,1
450000.0,2,2,1,45,-2,-2,-2,-2,-2,-2,10483.199999999999,969,6083,9852,27210,1765,1266.2,6120,9901,27352,1768,2111,0
25000.0,1,2,1,40,0,0,0,0,0,-1,21100.8,19819,11280,3680,4480,1650,3916.9,1005,1000,3000,1650,0,0
25000.0,1,2,1,32,0,0,0,0,-1,0,23206.8,20187,17592,14588,624,19945,1950.0,1295,1200,624,19563,628,0
262500.0,1,2,2,52,-2,-2,-2,-2,-2,-2,0.0,0,0,0,0,2999,0.0,0,5530,84332,21500,30000,1
200000.0,2,1,1,45,-1,-1,-1,-1,-1,-1,793.1999999999999,2881,362,20680,7429,527,3745.3,362,20680,7429,527,0,0
200000.0,2,3,1,33,2,2,2,2,0,0,159033.6,135846,136732,101473,100895,103107,9100.0,5000,0,3770,4000,4000,0
62500.0,1,1,1,50,-1,-1,-1,-1,-1,-1,468.0,390,390,390,390,390,507.0,390,390,390,390,390,1
450000.0,2,1,2,34,1,-2,-1,0,0,-1,0.0,0,70010,71610,73610,317,0.0,70010,2000,2000,317,11892,0
137500.0,1,2,1,39,1,2,3,2,0,0,64228.799999999996,58646,57156,54984,57437,59204,8580.0,0,0,4000,3500,2200,1
187500.0,1,2,2,32,0,0,0,0,0,-1,15111.599999999999,39494,33616,24519,10656,30168,49423.4,1203,41,2587,31382,11027,0
325000.0,2,1,1,47,0,0,-1,-1,0,-1,20192.399999999998,8606,3856,12996,8788,15104,1950.0,3856,13000,0,15104,16764,0
262500.0,2,2,2,38,0,0,0,0,0,0,23941.2,21620,23251,24358,25805,27168,2600.0,2000,1500,2000,1800,1500,0
137500.0,2,1,2,34,2,2,2,2,2,2,114828.0,105101,105676,106506,103591,109276,14300.0,3800,4000,0,8800,0,1
100000.0,1,3,1,48,1,-2,-2,-2,-2,-1,0.0,0,0,0,0,2060,0.0,0,0,0,2060,0,0
37500.0,2,2,2,29,-2,-2,-2,-2,-2,-2,0.0,0,0,0,0,0,0.0,0,0,0,0,0,0
975000.0,1,1,1,53,0,0,0,0,0,0,205750.8,178587,190663,195124,184872,191090,13000.0,15004,10000,8000,10028,7003,0
125000.0,2,2,1,43,0,0,0,0,0,2,101859.59999999999,86616,88207,89428,95895,93092,5200.0,4500,3500,8000,4000,0,0
312500.0,2,2,1,40,2,0,0,0,0,0,111559.2,37341,38905,35356,34978,35822,2133.3,2205,2000,2000,1000,1000,1
87500.0,2,2,2,27,2,2,2,2,0,0,83090.4,71007,72596,70467,48129,47751,4550.0,3300,0,2000,2000,2000,0
50000.0,2,2,1,30,0,0,0,0,0,0,13527.6,12307,13348,13530,13811,14132,1976.0,1550,700,648,700,700,0
450000.0,2,1,2,32,-1,-1,-1,-1,-1,0,792.0,660,658,1095,4948,3861,861.9,661,1100,4953,19,1264,0
112500.0,2,2,1,48,-2,-2,-2,-2,-2,-2,0.0,0,0,0,0,0,0.0,0,0,0,0,0,0
625000.0,2,1,1,39,-2,-2,-2,-1,-1,-1,494.4,138,2299,1251,1206,1151,179.4,2299,1251,1206,1151,15816,0
100000.0,1,1,2,44,2,0,0,2,2,0,74737.2,63774,68204,69484,68247,71110,3250.0,5500,3000,0,4000,2500,1
62500.0,1,2,2,41,0,0,2,2,-2,-2,56054.4,50932,49400,0,0,0,6500.0,0,2000,0,0,0,0
162500.0,1,2,2,35,0,0,0,0,-1,0,84170.4,10724,3995,7556,125682,128453,1430.0,2000,5000,128000,4700,4600,0
62500.0,1,2,2,30,-1,-1,-1,-1,0,0,6976.8,0,11427,191,7391,6554,0.0,11500,191,7200,2000,7000,0
62500.0,2,2,2,28,0,0,2,0,0,0,20775.6,20019,19399,19785,20465,20877,3900.0,0,709,1000,750,1000,1
200000.0,2,2,2,32,1,-2,-2,-2,-2,-2,0.0,0,0,980,0,0,0.0,0,980,0,0,0,0
287500.0,2,1,1,47,-1,-1,-1,-1,-1,-1,3498.0,4203,167,3351,1644,1733,5463.900000000001,200,3351,1644,1733,4737,0
462500.0,2,1,1,47,0,0,0,0,0,0,349207.2,271452,256269,200761,125646,111185,15730.0,11295,8300,5000,4600,10000,0
225000.0,2,1,2,49,-2,-2,-2,-2,-2,-2,20269.2,0,521,0,0,0,0.0,521,0,0,0,10622,0
62500.0,2,2,2,29,1,-2,-2,-2,-2,-2,0.0,0,0,0,0,0,0.0,0,0,0,0,0,0
437500.0,2,1,2,36,0,0,0,0,0,0,42504.0,38632,42499,46590,52606,59537,5200.0,5000,5000,7000,8000,10000,0
350000.0,2,2,1,55,2,2,2,2,0,0,127609.2,108711,111510,108253,109065,111447,7280.0,6000,0,4100,4300,4300,1
187500.0,2,2,1,49,-1,-1,-1,-1,-1,-1,468.0,5104,10318,5775,14441,780,6635.2,10318,10355,14441,780,66950,1
62500.0,2,2,1,36,1,3,2,0,0,0,60841.2,49147,21163,19894,19758,19324,0.0,507,1300,1000,700,771,1
25000.0,1,3,1,51,-1,2,2,-1,-1,0,2203.2,1651,0,390,1170,780,0.0,0,390,1170,0,0,1
300000.0,1,2,2,34,0,0,0,0,0,0,252626.4,224877,208870,107964,227939,232618,26000.0,8403,4978,220000,8638,8584,0
25000.0,1,1,2,27,1,2,2,0,0,0,23325.6,20528,19464,18604,18172,14444,2210.0,0,700,620,800,300,1
150000.0,2,2,2,33,-1,2,-1,-1,-1,-1,2458.7999999999997,1579,590,3617,2001,0,0.0,590,3617,2001,0,204,1
62500.0,2,2,2,61,0,0,0,0,0,0,57979.2,34161,33751,22467,19927,20352,2210.0,1760,898,864,900,998,0
37500.0,1,3,1,56,0,0,0,0,0,-2,16063.199999999999,13218,14453,15525,0,0,1583.4,1453,1525,0,0,0,0
37500.0,1,3,1,47,-1,-1,-1,-1,-1,2,468.0,390,390,240,1320,780,507.0,390,240,1470,0,0,0
37500.0,2,3,1,46,-1,-1,-1,-1,-1,-1,2025.6,0,850,2158,0,1935,0.0,850,2158,0,1935,0,0
325000.0,2,2,1,52,0,0,0,0,0,0,196964.4,167734,171932,175152,180719,183138,13000.0,10000,9000,10000,7000,6000,0
125000.0,2,2,1,46,0,0,0,0,0,2,92193.59999999999,77371,85154,84914,83097,1308,5200.0,10200,2100,2850,0,72375,0
75000.0,2,3,1,49,-1,0,0,0,0,0,75883.2,64683,66510,58622,47317,48726,3250.0,3000,2292,1526,2000,2000,1
62500.0,1,2,2,31,-1,0,0,0,0,0,59655.6,50581,46567,27211,28274,29005,2600.0,2000,1000,1500,1500,2000,0
25000.0,2,2,2,29,0,0,0,0,2,0,15801.599999999999,13888,14900,15916,15519,15829,1608.1000000000001,1249,1265,0,568,1327,0
250000.0,2,1,1,42,1,-2,-1,-1,-2,-2,0.0,0,2786,0,116,0,0.0,2844,0,116,0,0,0
200000.0,1,2,1,60,-2,-2,-1,0,0,0,0.0,0,140184,141992,143277,146438,0.0,140248,6600,5122,5464,5372,0
625000.0,2,3,1,41,0,0,0,0,0,0,84019.2,70837,63488,32050,46393,35207,3338.4,2000,1285,15000,1520,6994,0
137500.0,2,2,2,38,0,0,0,0,-1,-1,43290.0,39442,41240,42380,380,96736,5200.0,2760,3000,380,96736,3600,0
87500.0,2,2,1,43,0,0,0,0,0,0,71034.0,37953,34689,35700,36252,37008,2853.5,1881,1892,1444,1490,1344,0
387500.0,2,1,2,49,-1,-1,-1,0,0,-1,14379.6,7759,16799,32372,6680,4732,10136.1,16818,20313,1006,4739,6615,0
75000.0,1,2,2,41,2,2,2,2,2,2,58256.4,49446,49857,50737,52602,53613,2600.0,1500,2000,3000,2000,2000,1
75000.0,2,2,2,32,0,0,0,0,0,0,21868.8,19928,20939,21291,21734,22184,2600.0,1648,1000,936,962,3013,0
450000.0,2,1,2,32,0,0,0,0,0,0,142965.6,100553,96679,79703,71682,24230,26007.8,25006,20200,40000,0,0,0
62500.0,2,2,2,51,1,3,2,0,0,0,62769.6,51194,50101,49527,10147,9965,0.0,0,1200,400,400,400,0
337500.0,2,2,1,38,-1,-1,-1,-1,-1,-1,2787.6,5430,1152,56891,4866,9334,7064.2,1152,56891,4866,9533,1993,0
500000.0,1,3,1,58,0,0,0,0,-1,0,18108.0,17934,21264,29811,58472,101092,5205.2,5002,10004,70001,84003,20000,0
62500.0,1,1,1,47,0,0,0,0,0,0,59864.399999999994,49515,38680,29664,29057,29083,2405.0,1507,1100,1200,1116,2900,0
62500.0,1,2,1,54,2,2,0,0,0,0,59931.6,47585,47582,21391,21867,19774,0.0,2500,1300,2000,700,1000,1
325000.0,1,2,1,39,0,0,0,0,0,0,212025.6,179281,180957,165911,169863,71403,9007.7,5088,4138,4789,2450,1507,0
62500.0,1,2,2,53,3,2,0,0,0,0,15553.199999999999,12029,11738,11011,9888,10076,659.1,1158,373,365,359,1111,1
250000.0,2,3,1,50,-1,-1,0,-1,0,-1,96.0,0,4091,5463,4978,975,2899.0,5029,5463,100,975,255,1
137500.0,2,1,2,34,0,0,0,0,0,0,57705.6,45980,44231,32489,26354,20221,2600.0,2010,3000,3000,3000,1000,0
275000.0,1,1,1,40,0,0,0,0,0,0,26352.0,21860,25463,28036,34552,43827,2600.0,4000,3000,7000,11000,3000,0
25000.0,2,2,2,36,0,0,0,0,0,0,19882.8,22372,25285,24669,20899,11968,14300.0,5000,0,418,5000,3816,0
262500.0,2,2,1,61,-1,-1,-1,-1,-1,-1,30584.399999999998,6655,6355,18543,6022,1334,8651.5,6359,18543,6022,1334,3864,0
125000.0,2,2,2,36,0,0,0,0,0,0,85405.2,72613,74105,75617,77150,78953,2269.8,1792,1828,1855,2121,2100,0
437500.0,1,2,2,41,0,0,0,0,0,0,299595.6,230738,232382,234254,211309,210897,10433.800000000001,9503,9015,7511,8011,7361,0
262500.0,2,2,2,37,-2,-2,-2,-2,-2,-2,0.0,0,980,0,0,0,0.0,980,0,0,0,238,0
162500.0,1,2,2,37,0,0,0,0,0,0,78718.8,63875,57122,56003,57992,61049,3900.0,3000,4000,4000,4000,5000,0
250000.0,2,2,2,32,0,0,0,0,0,0,78586.8,41413,40400,25570,10060,8619,5216.900000000001,2684,5625,1020,3044,39777,0
25000.0,2,2,1,56,1,2,0,0,0,0,17652.0,14166,14040,13796,12909,12015,0.0,1253,2232,402,393,357,0
250000.0,2,1,2,31,-1,0,-1,0,-1,-1,1176.0,2980,3438,2102,38,0,2600.0,3438,50,38,0,0,0
500000.0,1,1,1,41,0,0,0,0,0,-1,53718.0,35776,67887,20356,12780,11625,13007.800000000001,3072,72,62,11681,31071,0
550000.0,1,1,2,35,-2,-2,-2,-2,-2,-2,468614.39999999997,200426,170209,136020,101744,78482,13081.9,7784,4632,3458,2671,2027,0
12500.0,1,3,2,27,0,0,0,0,0,0,21946.8,9217,10203,9634,9857,9704,1712.1000000000001,1303,334,373,326,1359,0
475000.0,2,1,1,36,0,0,0,0,2,0,271086.0,225515,227387,197959,194710,199300,14300.0,9000,15000,0,8000,8000,0
37500.0,2,3,2,55,-1,-1,-2,-2,-2,-2,798.0,0,0,0,0,0,0.0,0,0,0,0,0,1
287500.0,1,1,1,51,-1,-1,-1,-1,-1,-2,47880.0,1200,0,11211,0,0,1560.0,0,11211,0,0,0,0
62500.0,1,3,1,62,0,0,0,0,0,0,59451.6,41465,24091,20071,19221,19622,1950.0,1328,1600,700,696,707,0
37500.0,1,3,1,41,-1,-1,-1,-1,0,-1,1791.6,1555,390,780,390,390,2415.4,390,780,0,390,0,0
100000.0,2,2,1,55,0,0,0,-1,0,-1,67922.4,14233,15729,3000,1500,1500,6500.0,5000,3000,0,1500,4473,0
100000.0,2,2,2,28,0,0,0,0,0,0,62376.0,36668,39291,43476,46115,42129,8671.0,5000,5002,4003,3000,3002,0
462500.0,1,2,2,44,1,2,0,0,0,0,411897.6,334394,337272,340152,345904,322168,6.5,14005,12004,12362,12006,9555,1
625000.0,1,1,1,64,-2,-2,-2,-2,-2,-2,0.0,0,994,3342,1240,700,0.0,994,3342,1240,700,2250,1
175000.0,1,2,1,46,0,0,0,0,0,0,98770.8,92682,103265,117188,113368,119194,16486.600000000002,13265,17188,10000,15000,0,0
100000.0,2,3,1,31,0,0,0,2,0,0,83506.8,72802,77106,74420,76220,77877,6500.0,6100,0,3000,3000,3000,0
125000.0,1,2,1,55,0,0,0,0,0,0,114658.8,98909,81181,48194,40692,18110,6532.5,2939,18263,15761,418,583,0
37500.0,2,2,2,29,1,2,2,2,2,2,30231.6,24490,27474,27926,27189,28604,0.0,3400,1200,0,2500,1000,1
187500.0,2,2,1,31,0,0,0,0,2,2,97965.59999999999,70605,70647,77659,15525,0,3225.3,4263,8900,0,0,0,0
450000.0,2,2,2,30,2,2,-2,-2,-2,-2,1936.8,0,0,0,0,1153,52.0,0,0,0,1193,17,0
375000.0,2,1,1,42,-1,-1,0,-1,-1,-1,3772.7999999999997,5688,2297,3115,3172,1589,7454.2,2018,3138,3187,1597,2394,0
125000.0,2,1,1,48,-1,-1,-1,-1,-1,-1,10946.4,22971,15537,27075,8423,37259,29876.600000000002,15561,27091,8423,37259,16751,0
100000.0,2,1,2,30,-2,-2,-2,-2,-2,-2,0.0,0,988,0,0,0,0.0,988,0,0,0,0,0
362500.0,2,1,2,51,0,-1,-1,-1,-1,0,346802.39999999997,1332,21429,2228,156721,157203,1745.9,21542,2239,156733,7219,17512,0
625000.0,1,1,1,44,-1,-1,-1,-1,-1,-1,7268.4,9418,7667,6222,9435,7235,12243.4,7667,6222,9435,7235,8840,0
525000.0,1,1,1,39,-1,0,0,0,-2,-2,21644.399999999998,9944,3254,0,0,0,3962.4,3016,0,0,0,3262,0
25000.0,1,3,2,44,0,0,0,0,0,0,37070.4,16348,13593,10236,17541,16322,6500.0,2015,3000,10005,3414,270,0
175000.0,1,2,2,49,0,0,0,0,0,0,155161.19999999998,129885,131886,133105,78607,78773,7935.2,7000,5518,2933,3100,3502,0
150000.0,2,3,1,43,0,0,0,0,0,0,141619.19999999998,117738,120127,119719,118042,120682,7436.0,5820,5670,4250,4450,4470,0
25000.0,2,3,2,45,0,0,0,0,0,-1,22905.6,13828,9290,6636,2941,642,1622.4,1200,1156,1000,700,4600,0
225000.0,1,2,1,50,0,0,0,0,0,0,157140.0,119109,119166,121661,122244,119536,7800.0,6000,6000,5000,4200,3862,0
237500.0,2,2,1,60,0,0,0,0,0,0,125212.79999999999,106814,104047,88269,90264,88823,7803.900000000001,5009,5750,3500,3500,3200,0
550000.0,2,1,2,38,0,0,0,0,0,0,197122.8,160608,150150,139178,123627,48175,7365.8,5802,3577,2955,12000,1025,0
187500.0,2,3,2,39,-2,-2,-2,-2,-2,-1,1756.8,1576,264,330,1350,386,2061.8,264,330,1350,386,1259,0
62500.0,2,2,2,33,0,0,0,0,2,0,27981.6,24327,25360,27929,27184,27752,1817.4,1431,3000,0,1155,1025,0
175000.0,2,1,2,29,0,0,0,0,0,0,30141.6,18948,16923,12103,11519,11611,2600.0,2001,401,1000,1000,1000,0
200000.0,2,3,1,46,-1,-1,-1,-1,-1,-1,2870.4,316,416,416,416,2606,410.8,416,416,416,2606,316,0
112500.0,2,2,1,40,0,0,0,2,2,2,44403.6,38082,41150,41677,42191,43371,2600.0,4000,1500,1500,2000,2000,0
225000.0,2,3,2,31,0,0,0,0,0,0,86042.4,66234,57253,53736,46213,39701,3835.0,2200,2000,5000,2000,2300,1
100000.0,2,2,1,32,-1,-1,-1,-1,-1,-2,468.0,390,0,780,0,0,507.0,390,780,0,0,0,0
162500.0,2,2,2,44,2,2,2,0,0,2,130654.79999999999,111115,107185,108569,112541,114885,7150.0,0,5399,8000,5000,0,0
175000.0,2,1,1,36,2,2,0,0,0,0,190996.8,154983,116592,89475,83630,87733,0.0,5012,5000,5000,5000,20000,1
212500.0,2,1,2,39,-1,-1,-1,-1,-1,-1,391.2,326,326,326,476,476,423.8,326,326,476,476,326,1
187500.0,1,3,1,67,1,-2,-2,-2,-2,-2,0.0,0,0,0,0,0,0.0,0,0,0,0,0,0
412500.0,2,1,2,33,0,0,0,0,0,0,38779.2,33705,28743,28217,25432,19938,2600.0,2000,2000,800,687,812,0
62500.0,2,2,2,33,2,2,2,0,0,0,54004.799999999996,48119,42958,37812,15617,9625,5044.0,10,8656,1044,349,414,1
412500.0,1,1,2,47,0,0,0,0,0,0,87856.8,76599,78274,80102,60729,56411,13000.0,4000,8000,10000,15000,8000,0
87500.0,1,1,2,36,-2,-2,-2,-2,-2,-2,31027.199999999997,13737,7716,25732,46671,26516,17858.100000000002,7716,25740,46684,26516,56017,0
100000.0,2,2,1,34,2,2,2,2,2,2,87208.8,74192,72464,76613,77908,76034,4290.0,0,6000,3100,0,4200,0
425000.0,2,2,2,38,0,0,0,0,0,0,403428.0,301626,306575,311784,318320,325028,13390.0,10302,10365,10750,11150,11271,1
175000.0,2,2,1,50,0,0,0,2,2,2,66532.8,57549,60971,61374,63243,64554,3900.0,5000,2000,3000,2500,0,0
37500.0,1,3,1,57,1,2,2,-1,0,0,4796.4,2522,0,1919,2658,2497,0.0,0,1919,2000,1100,201,1
150000.0,1,1,2,38,1,-2,-2,-1,-1,-2,0.0,0,0,600,0,0,0.0,0,600,0,0,0,0
525000.0,2,1,2,41,-2,-2,-2,-2,-2,-2,0.0,3363,13581,1024,7853,5562,4371.900000000001,13591,1026,7853,5562,990,0
175000.0,2,1,2,32,0,0,0,0,0,0,170913.6,144105,143952,142590,142650,142620,13000.0,10000,6000,6000,6000,5600,0
450000.0,2,1,1,59,1,-2,-2,-1,0,-1,0.0,0,0,2580,2580,6941,0.0,0,2580,0,6941,0,0
450000.0,1,2,1,38,1,2,2,7,6,5,355377.6,304249,383030,377145,370850,364365,19377.8,97225,0,0,0,0,0
187500.0,2,1,2,31,0,0,0,0,0,0,164083.19999999998,125651,116684,101581,77741,77264,5831.8,4235,3161,2647,2669,2669,0
300000.0,2,1,2,34,-1,-1,-1,-1,-1,-1,70.8,548,208,0,44,19,712.4,208,0,44,0,643,1
375000.0,1,1,2,50,-1,-1,-1,0,0,0,3619.2,0,40996,41513,38303,36352,0.0,43655,1752,937,916,1122,0
87500.0,2,1,2,34,0,0,0,0,0,0,79596.0,68278,69181,69494,63275,57430,3963.7000000000003,2621,3032,2074,2000,1800,0
487500.0,1,1,1,69,0,0,0,0,0,0,46059.6,38134,38679,39689,40472,41320,2090.4,1647,1657,1440,1496,1518,0
362500.0,2,1,1,37,-2,-2,-2,-2,-2,-2,5208.0,3686,3094,8164,1509,8262,4791.8,3112,8164,1509,8262,2032,1
400000.0,2,2,2,38,-1,-1,-1,-1,-1,-1,19203.6,1933,8835,3728,764,5468,2520.7000000000003,8835,3751,764,5468,749,0
325000.0,1,2,2,35,0,0,0,0,0,0,521330.39999999997,443629,452727,48238,19335,7093,13000.0,10031,2141,3074,3000,3000,0
175000.0,2,1,2,36,-1,-1,-1,-1,-1,-1,872.4,829,550,1045,432,898,1077.7,550,1045,432,898,208,0
62500.0,1,3,1,41,1,3,2,5,4,3,25237.2,20411,23766,23114,22173,21521,0.0,4000,0,0,0,1250,1
50000.0,2,3,2,60,1,2,2,2,2,2,33418.799999999996,29093,28347,30561,29770,31666,2600.0,0,3000,0,2382,0,0
100000.0,1,2,1,51,0,0,2,0,0,0,36927.6,38879,26128,29137,30283,30523,13046.800000000001,15,5003,3003,2007,1007,0
250000.0,2,1,1,49,1,-2,-2,-2,-2,-2,0.0,0,0,0,0,0,0.0,0,0,0,0,0,0
37500.0,2,3,1,42,0,-1,-1,0,0,0,4632.0,780,27557,28433,29477,28910,1014.0,27557,2000,1500,1100,1500,0
100000.0,2,3,2,47,0,0,0,0,0,0,60384.0,49816,49457,49071,48242,47746,2319.2000000000003,1898,1985,1629,1655,1687,0
162500.0,2,3,1,33,0,0,0,0,-2,-2,120171.59999999999,50456,50000,0,0,0,3250.0,1000,0,0,0,0,0
12500.0,2,2,1,30,0,0,0,0,0,2,8389.199999999999,8008,9018,9198,9896,9703,1463.8,1136,316,833,100,292,0
87500.0,2,2,1,47,0,0,0,0,0,0,28959.6,24741,25074,25978,26341,26093,2212.6,1424,1717,1080,1094,969,0
62500.0,1,2,1,42,0,0,0,0,-2,-2,28328.399999999998,24921,25775,0,0,0,2600.0,1800,0,0,0,0,0
312500.0,2,2,2,36,-2,-2,-2,-2,-1,2,1490.3999999999999,0,0,0,3394,3244,0.0,0,0,3394,0,37895,0
25000.0,1,2,2,31,2,0,0,0,2,2,7293.599999999999,7015,8036,9597,9294,10242,1560.0,1140,1700,0,1100,0,1
325000.0,2,1,2,35,2,0,0,0,0,0,112936.8,96689,101023,93738,96218,102547,6500.0,6000,5000,4000,8000,5000,1
125000.0,2,1,2,34,1,2,2,2,2,2,76250.4,66567,67564,67443,65106,70258,6500.0,3200,2500,0,6918,3520,0
137500.0,2,2,1,42,0,0,0,0,0,0,95575.2,110818,107558,80437,79727,81001,65000.0,3500,10000,3000,3000,3000,0
287500.0,2,1,1,44,1,-2,-2,-2,-2,-2,0.0,0,0,0,0,0,0.0,0,0,0,0,0,1
62500.0,1,1,2,49,0,0,0,0,0,0,61071.6,28527,29241,28513,29106,29638,2340.0,1500,1200,1203,1166,1000,0
625000.0,2,1,2,37,0,0,0,0,0,0,507255.6,406204,415664,423392,399250,362627,19500.0,16000,15000,14000,13180,14000,0
75000.0,2,2,1,42,0,0,0,0,0,0,69232.8,58656,59750,60602,53838,54609,3640.0,3000,2800,2100,2123,2100,0
100000.0,2,3,2,45,3,2,2,2,2,2,46203.6,40118,41199,42264,43083,43471,3250.0,2000,2000,1600,1200,2000,1
37500.0,2,2,1,29,0,0,0,0,0,0,4488.0,4616,5837,6778,6912,7057,1430.0,1300,1200,247,256,258,0
137500.0,1,1,1,46,0,0,0,0,0,0,97150.8,80733,80984,80706,80580,77993,4531.8,2958,2803,2940,2821,2806,0
62500.0,2,3,1,31,2,2,2,0,0,0,60002.399999999994,51190,47959,49099,28540,29114,3029.0,0,2470,1215,1231,1000,1
25000.0,1,3,1,44,0,0,-1,0,0,0,23797.2,1391,19037,19939,15110,0,1690.0,20398,1300,694,0,0,0
62500.0,2,2,2,27,0,0,-1,-1,-1,-1,10302.0,0,880,0,150,528,0.0,880,0,150,528,25775,0
262500.0,1,2,1,40,0,0,0,0,0,0,75370.8,64781,65847,46992,47073,47283,3923.4,2824,1757,1674,1717,1741,0
75000.0,1,1,2,32,0,0,0,0,2,2,46881.6,40107,41137,43644,44498,45417,2561.0,2000,3500,1700,1800,0,0
362500.0,2,2,1,47,0,0,0,0,0,0,185703.6,122241,113434,115273,97040,89942,9100.0,6000,5000,5000,4000,3000,0
375000.0,2,1,2,32,-1,-1,-1,0,0,0,50626.799999999996,83754,120927,105303,82475,33262,108880.2,120927,0,716,25213,92250,0
300000.0,1,1,2,40,-1,-1,-1,-1,-1,-1,14287.199999999999,54684,1874,1151,23169,9372,71717.1,1874,1151,23169,9372,396,0
350000.0,1,2,1,39,0,0,0,0,0,0,151566.0,128888,123909,124078,124489,114110,6146.400000000001,4700,4210,4455,4109,4000,1
312500.0,1,3,1,49,-1,-1,-1,-1,-1,-1,8191.2,3900,4482,43546,38051,576,5101.2,4482,43676,38166,576,2389,1
37500.0,2,3,2,60,-2,-2,-2,-1,-1,-2,0.0,340,0,780,0,0,650.0,0,1000,0,0,0,0
62500.0,1,2,2,34,0,0,0,0,0,0,59131.2,35100,32563,27823,29130,28309,2082.6,1400,3000,3130,1062,6318,0
162500.0,1,1,2,34,1,-2,-2,-2,-2,-2,0.0,0,0,0,0,0,0.0,0,0,0,0,1500,0
237500.0,2,1,2,31,2,0,0,0,0,0,245156.4,106428,109736,111487,114878,118541,8261.5,6500,5000,5117,5644,4767,1
187500.0,2,3,2,65,0,0,0,0,0,0,179870.4,137990,136171,100508,102610,101682,8814.0,4800,3496,3618,4000,3497,1
62500.0,2,2,1,36,0,0,0,2,0,0,54088.799999999996,46546,48945,47994,48704,41189,2861.3,3600,0,1500,1500,1531,1
175000.0,2,1,2,30,-1,0,0,0,0,0,3066.0,4502,6259,7115,8135,1459,2600.0,2000,1000,1020,100,2500,1
100000.0,2,2,2,33,-2,-2,-2,-2,-2,-2,0.0,0,641,658,2019,0,0.0,641,658,2019,0,0,0
75000.0,1,3,1,44,0,0,0,0,0,0,43611.6,27996,25656,16907,15837,11195,6682.0,3008,3000,6000,2000,3000,0
62500.0,2,1,2,28,0,0,0,0,0,2,10080.0,9412,10433,11443,12268,11928,1508.0,1181,1191,1016,0,1499,0
262500.0,2,2,2,31,-1,-1,-1,-1,-1,-1,5209.2,402,11305,1368,2684,1397,522.6,11401,1368,2684,1397,0,0
100000.0,1,2,2,40,1,-2,-2,-1,-1,-1,0.0,0,0,19980,173,0,0.0,0,19980,173,0,0,1
62500.0,2,2,1,32,1,2,2,2,2,2,18414.0,14812,16696,16134,17380,16958,0.0,2137,0,1503,0,800,0
250000.0,2,1,1,35,1,2,2,2,-1,-1,46077.6,20693,27932,12585,45031,19836,0.0,15015,0,45031,20000,45010,0
300000.0,1,2,1,42,-1,-1,-1,0,0,0,2649.6,5652,34351,22241,8472,500,7364.5,35000,8877,500,0,21257,0
250000.0,2,1,1,29,0,0,0,0,0,0,188019.6,155336,156489,152357,150829,149851,7550.400000000001,5382,5279,5389,7026,5258,0
400000.0,2,1,1,46,0,0,0,0,0,0,71768.4,68080,67745,91798,90936,92588,13000.0,4200,30000,7,3000,0,0
175000.0,1,2,1,45,0,0,0,0,0,2,167920.8,132948,135695,121943,111348,107488,8450.0,6500,4322,12200,0,4200,0
37500.0,2,2,1,52,0,0,2,2,2,2,32542.8,29243,31037,30908,29969,29488,3762.2000000000003,2559,800,600,1000,0,0
62500.0,2,2,1,44,2,2,2,2,0,0,94648.8,74268,66468,56847,50680,26729,6142.5,1400,0,1545,2022,51000,1
350000.0,1,4,1,47,-1,-1,-1,0,-1,-1,14216.4,10232,13454,5549,1260,26271,13327.6,13488,5572,1263,26398,5823,0
250000.0,1,1,1,36,0,0,0,0,0,0,214875.6,159466,162739,163555,166452,168398,6500.0,5100,5000,6000,4500,20000,0
100000.0,1,1,2,38,-2,-1,2,0,0,0,301912.8,264594,4374,5495,5902,6804,16900.0,0,1200,500,1000,1000,0
125000.0,2,2,2,41,-1,-1,-2,-2,-2,-2,17869.2,0,0,0,1751,2238,0.0,0,0,3989,946,154,0
287500.0,2,5,2,45,-2,-2,-1,-1,0,0,0.0,0,150,1528,3028,4117,0.0,150,1528,1500,1500,4000,0
100000.0,1,2,1,39,2,2,2,0,0,0,98258.4,81814,78353,78814,49062,48764,4745.0,0,3328,1888,1787,1960,1
50000.0,2,3,1,47,0,0,0,0,0,0,48342.0,40024,39706,36431,37154,37306,2155.4,1601,1587,1310,1510,2000,1
150000.0,1,1,2,35,1,-2,-1,-1,-2,-2,0.0,0,1990,0,0,0,0.0,1990,0,0,0,0,0
25000.0,1,2,2,54,0,0,0,0,-1,-1,21912.0,19080,18871,17700,390,1320,2107.3,1292,1166,390,1320,0,1
175000.0,1,2,2,31,0,0,0,0,0,0,25815.6,23147,24766,25782,27348,30820,2600.0,2000,1434,2000,4100,0,0
187500.0,2,2,1,52,-1,-1,-1,-1,-1,2,379.2,316,316,0,782,316,410.8,316,0,1098,0,0,0
262500.0,2,1,2,46,-1,-1,-1,-2,-1,-1,232.79999999999998,6479,0,0,23560,0,8422.7,0,0,23760,0,0,1
475000.0,1,2,1,44,-2,-2,-2,-1,-1,-2,0.0,4107,2517,710,0,0,5339.1,2517,716,0,0,1183,0
175000.0,2,1,2,35,0,0,0,0,0,0,126878.4,99769,102682,102332,104544,107155,6500.0,5500,5000,4000,4500,4500,0
225000.0,2,2,2,29,0,0,0,0,0,0,151704.0,130905,136925,56669,24610,20476,8474.7,10000,3000,2000,2000,1000,0
25000.0,1,2,2,29,0,0,0,0,0,0,22603.2,19147,20223,19788,19927,20045,1713.4,1394,1159,678,793,138,0
262500.0,2,1,2,36,1,-2,-2,-2,-2,-2,0.0,0,0,0,0,0,0.0,0,0,0,0,0,0
87500.0,2,1,2,34,0,0,0,0,0,0,90048.0,75705,69514,69312,69412,68692,3900.0,3000,3100,3000,3000,2700,0
200000.0,2,2,2,29,0,0,0,0,0,0,66670.8,51972,34983,26514,17602,9308,3913.0,3000,2000,1000,2000,0,0
62500.0,2,1,1,41,0,0,0,2,0,0,56780.4,49212,49243,5112,48455,48456,3900.0,5450,0,45554,2100,1900,0
187500.0,1,2,2,34,0,0,0,0,0,0,124998.0,93850,94944,100940,100339,102567,6500.0,4380,8528,5000,4000,5000,0
87500.0,2,1,2,39,2,2,2,2,2,2,53216.4,43357,46626,47562,48651,49700,0.0,4000,2000,2000,2000,2000,1
312500.0,2,2,2,41,0,0,0,0,0,0,74557.2,63238,51547,48483,49553,49683,3563.3,1741,1824,1942,2100,1366,0
62500.0,1,2,2,44,0,0,0,0,0,0,28248.0,16980,16908,17327,17895,18346,2613.0,1500,1000,1000,900,1000,0
400000.0,1,1,1,45,-1,-1,-1,-1,-1,-1,516.0,430,430,430,430,430,559.0,430,430,430,430,430,0
500000.0,2,3,2,54,1,-1,-1,-1,-1,-1,0.0,877,33508,9506,8967,4326,1140.1000000000001,33508,9506,8967,4326,5420,0
400000.0,1,1,3,37,-1,-1,-1,-1,-1,-1,962.4,4929,2064,4365,1183,3287,6407.7,2064,4365,1183,3287,2810,0
537500.0,2,1,2,44,-2,-1,-1,-1,-1,-1,807.6,4549,7566,987,4870,975,5948.8,7642,990,4889,981,317,0
150000.0,2,2,2,29,0,0,0,0,0,-1,41604.0,35606,27065,25948,11884,3107,2642.9,1200,0,0,3107,8542,1
100000.0,2,2,1,32,-1,-1,-1,-1,-1,-1,2394.0,0,680,2862,5539,0,0.0,680,2862,5539,0,5775,0
200000.0,2,2,1,37,0,0,0,0,0,0,22080.0,18699,26919,29801,40433,51329,13000.0,10018,15021,15000,20000,20000,0
362500.0,2,2,1,34,0,0,0,0,0,0,24711.6,20187,19130,14793,15442,14381,2602.6,3001,2000,1502,1000,1002,0
250000.0,1,2,2,36,-1,-1,-1,-1,-1,-1,8614.8,7626,3802,1271,1489,1260,9920.300000000001,3803,1271,1489,1260,1373,0
100000.0,2,2,2,32,1,2,2,0,0,0,97962.0,83465,81472,82332,84067,78510,4830.8,0,2989,3105,2973,2830,0
312500.0,1,1,1,39,0,0,0,0,0,0,335568.0,252913,243075,245750,175005,179687,84500.0,8800,9011,6000,7000,6009,0
612500.0,1,1,1,46,1,2,0,0,0,0,276108.0,224913,227998,217660,194641,199344,0.0,12000,12000,8000,8000,8000,0
112500.0,2,3,2,40,0,0,0,0,0,0,121327.2,96216,89964,29802,29174,26111,5470.400000000001,4022,686,753,740,5034,0
262500.0,2,2,1,35,1,-1,-1,0,0,-1,0.0,241,4651,4746,3938,3479,313.3,4651,95,301,3479,1000,0
187500.0,1,1,1,45,-2,-1,-1,-1,0,0,0.0,1003,1003,35206,36003,16854,1303.9,1003,35206,2000,18158,189000,0
112500.0,2,5,2,28,0,0,0,0,0,0,99811.2,74918,75422,29364,9571,9665,4555.2,2942,979,191,193,14210,0
162500.0,2,2,2,30,-1,-1,-1,-1,-1,-1,1237.2,1583,776,776,776,776,2057.9,1000,776,776,776,12184,1
200000.0,2,2,1,49,1,-1,0,0,0,-2,0.0,5621,6468,6600,0,0,7307.3,1000,132,0,0,0,0
25000.0,2,2,2,27,0,0,0,0,0,0,18108.0,15199,17111,18422,18234,18217,1950.0,3000,2000,779,796,788,0
12500.0,1,3,2,29,-1,-1,0,0,0,0,327.59999999999997,8327,9379,9566,9766,10042,10825.1,1200,342,354,438,200,0
375000.0,2,1,2,38,-2,-2,-2,-2,-2,-2,1104.0,1592,0,0,0,0,2069.6,0,0,0,0,0,0
275000.0,2,2,1,33,5,6,5,4,3,2,259722.0,219973,215959,210438,207114,210491,10861.5,1000,0,0,6800,97,1
25000.0,2,2,2,29,0,0,0,0,3,2,4776.0,5075,5979,6796,6463,2255,1713.4,1183,1000,0,0,2440,1
625000.0,2,1,1,44,-1,-1,-1,-1,-1,-1,13008.0,1108,2111,920,920,920,1440.4,2111,920,920,920,0,0
75000.0,2,3,1,53,0,0,0,0,0,0,70383.59999999999,59063,53377,37418,37543,35447,3250.0,2000,1900,1500,1300,1300,1
287500.0,2,1,1,43,1,-1,-1,-1,-2,-2,993.5999999999999,1533,7234,824,4690,1408,2011.1000000000001,7247,828,4713,1415,1820,0
250000.0,2,1,1,51,1,-2,-2,-2,-1,-1,11240.4,0,0,0,9400,13039,0.0,0,0,9400,13039,0,1
187500.0,2,2,1,41,-2,-2,-1,-1,2,-1,13302.0,2500,190,3173,673,38100,3259.1,190,3180,0,38100,5000,0
25000.0,1,1,2,34,2,2,3,2,2,2,12614.4,12044,11562,11080,11700,12357,2600.0,0,0,800,1000,500,1
50000.0,2,3,1,49,0,0,0,0,0,0,15639.599999999999,14041,15065,16077,16396,16739,1601.6000000000001,1256,1268,587,607,611,0
37500.0,1,2,2,33,1,-1,-1,-2,-2,-2,0.0,780,0,0,0,0,1014.0,0,0,0,0,0,1
37500.0,2,2,2,31,1,2,2,0,0,0,6277.2,6299,6052,6299,7190,7469,1690.0,0,500,1000,400,1500,1
137500.0,1,2,2,34,0,0,0,0,0,0,125961.59999999999,107221,109494,111954,111771,111703,5200.0,4000,4300,4164,4500,4200,0
425000.0,2,1,2,55,1,-2,-2,-2,-2,-2,3273.6,15650,11550,11058,6912,4125,20345.0,11554,11058,6917,4125,4850,0
62500.0,2,3,2,65,0,0,0,0,0,0,37396.799999999996,32384,27553,28101,28690,28467,2282.8,1445,993,1029,1054,977,0
62500.0,1,2,2,40,0,0,0,0,0,0,57379.2,49694,48543,46366,9076,9812,3900.0,3000,3019,3000,1000,2000,0
312500.0,2,1,2,35,0,-1,2,0,0,-1,6728.4,9416,3421,11521,20424,7467,13000.0,0,10000,10000,17771,322,0
312500.0,2,3,1,48,-2,-2,-2,-2,-2,-2,333.59999999999997,278,278,278,278,428,361.40000000000003,278,278,278,428,278,0
287500.0,2,3,1,75,-1,0,0,0,0,0,220200.0,147525,147391,149904,151816,103443,9100.0,5500,7000,6066,4000,5000,1
112500.0,1,2,2,37,0,0,0,0,0,0,28476.0,24693,6470,9882,28283,27893,2600.0,5000,5000,25000,22000,5000,0
350000.0,2,1,2,36,2,-1,-1,-2,-2,-2,123.6,168,0,0,0,0,218.4,0,0,0,0,0,0
250000.0,2,2,2,34,0,0,0,0,0,0,205156.8,174509,176523,180295,184104,195976,10124.4,6400,6700,6907,20163,1000,1
62500.0,2,2,2,35,0,0,0,0,0,0,45026.4,38614,39671,40213,41064,43382,2600.0,2000,1500,1500,3000,2000,0
312500.0,2,1,2,43,-1,-1,-1,-1,-1,-1,17719.2,990,8150,15410,1276,0,1287.0,8150,15410,1276,0,0,0
287500.0,2,1,2,49,0,0,0,0,0,0,276121.2,224517,223544,147971,61570,80279,13162.5,12966,5506,1623,80000,105451,0
25000.0,1,2,2,42,3,2,2,7,7,7,2880.0,2400,2400,2400,2400,2400,0.0,0,0,0,0,0,1
25000.0,1,3,2,40,0,0,0,0,0,0,19800.0,17012,18181,19331,19113,17996,1665.3,1450,1600,382,383,345,0
162500.0,2,2,1,48,0,0,0,0,0,0,154918.8,130522,106158,97685,80733,82883,6510.400000000001,6003,4000,3000,4870,3000,0
287500.0,1,2,2,39,-2,-2,-2,-2,-2,-2,32613.6,0,856,6147,7387,13492,0.0,856,6147,7387,13492,6701,0
25000.0,2,3,1,56,1,-1,-1,-1,-2,-2,0.0,780,340,0,0,0,1014.0,340,0,0,0,0,0
62500.0,2,1,2,27,0,-1,-1,-1,-1,-1,4948.8,1070,0,1217,3766,381,1391.0,0,1217,3766,381,1980,0
475000.0,2,2,1,43,0,0,0,-2,-2,-2,15045.599999999999,6666,0,0,0,0,1300.0,0,0,0,0,0,0
650000.0,2,1,2,38,0,0,0,0,0,0,582357.6,499489,413019,168770,168964,191188,28600.0,18300,26500,30000,27000,25000,1
62500.0,1,2,1,32,0,0,0,0,0,0,11804.4,3898,21682,20833,20289,19380,1313.0,21282,694,1000,700,400,0
37500.0,1,1,1,37,0,0,2,0,0,0,34081.2,31065,30031,29838,29651,1567,4464.2,0,597,593,31,0,1
50000.0,2,1,2,34,0,0,2,2,2,2,31753.199999999997,29425,30145,29361,33893,34487,4420.0,1500,0,5000,1300,0,1
412500.0,2,2,1,55,-2,-2,-2,-2,-2,-2,6720.0,0,98,0,0,318,0.0,98,0,0,318,452,0
187500.0,2,2,2,49,0,0,0,0,0,0,47365.2,41515,43879,44446,45394,46702,3426.8,3000,1528,1600,2000,2000,0
212500.0,2,2,1,50,-1,-1,0,0,0,0,15416.4,9807,8101,6208,10460,11143,12749.1,5000,3749,6711,4432,0,0
287500.0,2,2,2,34,-2,-1,-1,-1,-1,-1,0.0,4375,1225,401,2460,804,5687.5,1225,401,2460,804,708,0
312500.0,2,1,2,46,1,3,2,0,0,-1,5578.8,3964,3281,934,467,12871,0.0,10,0,0,12871,0,0
262500.0,1,1,2,32,0,0,0,2,2,0,132908.4,113139,119812,120763,118722,121249,7345.0,10100,4400,0,4500,4500,0
550000.0,1,1,2,38,-2,-2,-2,-2,-2,-2,2856.0,1750,4697,7502,2249,4532,2275.0,4697,7502,2249,4532,101750,0
562500.0,1,1,2,36,-1,-1,-1,-1,-1,-1,4752.0,4397,2177,17871,11451,3570,5735.6,2180,17895,11502,3581,37092,0
175000.0,1,3,1,47,0,0,0,0,0,0,165542.4,141168,143215,61586,70626,72723,9100.0,6110,5000,10014,5011,5005,0
425000.0,2,2,1,50,-2,-2,-2,-2,-2,-2,6904.8,480,2532,0,105668,5490,626.6,2544,2,106196,5517,433,0
62500.0,2,2,3,52,2,2,2,2,2,0,44732.4,38383,38954,39618,38852,39553,2600.0,1500,1600,0,1500,3000,0
87500.0,1,2,1,42,2,2,2,2,2,2,72616.8,61923,62740,63090,64470,65828,3900.0,2400,2000,3000,2508,0,1
362500.0,1,1,2,37,-1,3,2,0,0,0,4486.8,3738,3737,179546,182148,185484,0.0,0,179460,6900,6600,7800,1
225000.0,1,2,2,37,0,0,0,0,-1,0,54562.799999999996,39368,9652,10775,1943,13243,6500.0,2000,3000,1943,13000,170000,0
37500.0,1,2,2,40,2,2,-2,-2,-2,-2,4154.4,0,0,0,0,0,0.0,0,0,0,1620,900,1
125000.0,2,2,2,29,3,2,2,2,2,2,97921.2,79689,85389,83121,88304,90746,0.0,7000,0,6600,4000,3200,1
200000.0,1,2,1,41,-2,-2,-2,-2,-2,-2,10440.0,5159,10550,3566,2453,2673,6737.900000000001,10670,3576,2460,2680,2484,0
162500.0,1,2,1,36,-1,-1,-1,-1,-1,-1,2736.0,1725,3895,1500,450,5289,2242.5,3895,1500,450,5289,0,0
75000.0,1,2,2,32,0,0,0,0,0,0,57968.4,48602,48750,48916,27743,28646,2298.4,1967,1424,972,2000,1300,0
87500.0,2,1,1,33,0,0,0,0,0,-2,24715.2,24911,28346,12170,0,0,6500.0,4000,12,0,0,0,0
300000.0,2,3,2,40,-1,-1,-2,-2,-2,-2,5058.0,0,0,0,0,0,0.0,0,0,0,0,0,0
250000.0,1,1,2,34,1,-2,-1,2,0,-1,0.0,0,2348,1790,1790,350,0.0,2348,0,0,350,2570,1
212500.0,2,1,1,33,1,-1,-1,-1,-1,-1,0.0,1295,0,376,0,376,1683.5,0,376,0,376,0,0
100000.0,1,1,2,31,0,0,0,0,0,0,80674.8,24772,20000,20000,20000,0,2715.7000000000003,6000,200,0,0,0,0
187500.0,1,5,2,32,0,0,0,0,0,-2,160048.8,40283,49746,51500,0,0,13000.0,10000,2900,10000,0,0,0
187500.0,1,2,1,39,0,0,0,0,0,0,158656.8,135140,135263,137540,144786,146379,5738.2,4700,4306,10006,4822,4112,0
100000.0,2,3,0,42,-2,-2,-2,-2,-2,-2,720.0,0,0,0,0,0,0.0,0,0,0,0,0,0
162500.0,2,2,2,34,-1,-1,-1,2,0,0,1040.3999999999999,1110,1170,780,390,0,1560.0,1170,0,0,0,780,0
200000.0,2,1,1,63,-2,-2,-2,-2,-2,-2,898.8,3883,3584,1830,390,390,5062.2,3594,2246,390,390,390,1
250000.0,2,2,2,33,-1,-1,-1,2,2,-2,5485.2,0,2983,2780,0,0,0.0,2983,0,0,0,3125,0
112500.0,1,2,1,44,2,2,2,2,2,2,31791.6,30034,29268,31776,32456,31800,5200.0,0,3000,1500,0,2600,1
250000.0,1,2,2,34,0,0,0,0,0,0,72081.59999999999,50636,41265,49072,11314,11816,3250.0,2626,9412,500,1000,500,0
375000.0,2,3,1,46,1,-2,-2,-2,-2,-2,468.0,390,780,390,390,5144,507.0,780,0,390,5144,390,0
475000.0,2,1,1,48,-1,-1,-1,-1,-1,-1,22639.2,20840,188,2172,5173,5446,27149.2,188,2172,5173,5446,2045,0
325000.0,1,2,2,49,0,0,0,0,0,0,119011.2,63497,51524,52681,53852,55967,2936.7000000000003,2000,2000,2000,3000,1681,0
275000.0,2,1,2,35,-1,-1,-1,-1,-1,-1,10726.8,316,541,4188,3473,7653,410.8,541,4188,3473,7653,2280,0
112500.0,2,2,2,28,0,0,0,-2,-1,0,33744.0,32429,0,0,2522,2575,6500.0,0,0,2522,94,111,0
87500.0,1,1,2,29,0,0,0,0,0,0,20233.2,7553,8670,9764,9954,10144,1690.0,1400,1400,500,500,1000,0
62500.0,2,2,1,44,0,0,0,0,0,0,51386.4,43872,25400,24202,25904,27567,2600.0,2000,1000,2000,2000,2000,0
225000.0,2,2,2,51,-2,-2,-2,-2,-2,-2,2286.0,2453,6997,3064,2158,9331,3188.9,6997,3064,2158,9331,0,0
25000.0,1,3,1,45,0,0,0,0,0,0,9781.199999999999,9011,10858,12670,13157,13742,1498.9,2000,2000,1000,800,1000,0
237500.0,1,1,1,44,1,-2,-2,-2,-2,-2,0.0,0,0,0,0,0,0.0,0,0,0,0,0,1
162500.0,2,2,1,53,0,0,0,0,-1,-1,28290.0,17719,12167,6500,6788,6887,1690.0,1200,1000,6788,6900,13041,0
37500.0,2,2,2,29,1,2,2,2,2,0,20044.8,18121,19030,19424,18818,23307,2600.0,1500,1000,0,5000,2000,0
625000.0,2,2,1,49,0,0,0,0,0,0,45640.799999999996,39044,38458,39222,40043,40854,2121.6,1639,1403,1452,1475,1117,0
62500.0,2,2,2,45,0,-1,-1,-1,-2,-2,23842.8,15584,4377,0,0,0,20259.2,4377,0,0,0,0,0
187500.0,1,1,2,51,0,0,0,0,0,0,83552.4,49082,50170,46725,100503,54798,6500.0,3000,3000,5000,10000,5000,0
350000.0,2,2,1,56,-2,-2,-2,-2,-2,-2,2972.4,3470,0,0,0,0,4511.0,0,0,0,0,1715,0
37500.0,2,2,2,28,2,0,0,0,0,0,36669.6,30363,29077,30029,26366,28916,1950.0,1600,1500,1000,3000,0,1
237500.0,2,1,1,41,-1,-1,-1,-1,0,0,8298.0,4923,0,6381,6383,817,6399.900000000001,0,6383,2,0,1809,0
62500.0,1,3,1,54,1,2,0,0,0,0,44073.6,35835,32092,32581,33897,34691,46.800000000000004,1833,1322,2000,1358,3446,0
112500.0,2,2,1,36,0,0,0,0,-2,-2,23914.8,17671,7870,0,0,0,1950.0,1000,0,0,3000,40000,0
100000.0,2,3,1,60,0,0,0,0,0,0,82939.2,64325,59653,55159,56277,57347,3250.0,2000,2000,2000,2000,2000,0
250000.0,1,1,1,48,-2,-2,-2,-2,-2,-2,3606.0,4709,7544,9409,57023,2770,6121.7,7574,9497,57023,2770,1904,0
475000.0,2,2,1,35,0,0,0,0,0,-1,461815.2,359926,349753,296465,193342,311009,17278.3,15287,8532,4334,317077,11892,0
262500.0,2,1,1,43,-1,-1,-2,-2,-1,-1,35404.799999999996,0,0,0,1742,0,0.0,0,0,1742,0,22854,0
75000.0,1,2,1,46,0,0,0,0,0,0,114777.59999999999,56259,49425,16941,13349,14826,6500.0,4731,2000,10000,3000,5000,0
75000.0,1,3,2,36,2,2,2,0,0,0,37009.2,34336,33489,35615,38027,39239,5200.0,0,3000,3000,2000,3000,0
162500.0,2,2,1,39,0,0,0,0,0,0,119869.2,101032,104705,105478,107725,109994,4810.0,5300,4000,4000,4000,6100,0
212500.0,2,2,2,29,0,0,0,0,0,0,22923.6,14434,160153,160823,128646,124547,3900.0,157541,8020,5260,5000,6000,0
37500.0,2,2,2,54,2,2,2,2,2,2,34630.799999999996,28116,30226,29454,31775,30743,0.0,2900,0,2787,0,1445,0
100000.0,1,2,2,41,-2,-2,-2,-2,-2,-2,71067.59999999999,26241,10387,74864,74305,0,1483.3,10725,74864,1486,0,0,0
475000.0,2,1,2,39,-1,0,0,0,0,0,30094.8,119811,22384,115548,164296,72084,130000.0,12384,100000,50000,20000,52500,0
350000.0,2,2,2,33,0,0,0,0,0,0,143504.4,122015,130286,130705,132964,136400,5734.3,10282,3006,2659,3436,1000,0
25000.0,2,1,2,38,0,0,3,3,2,2,13669.199999999999,16180,16635,16082,15529,16525,6500.0,1000,0,0,1400,0,0
25000.0,2,3,2,46,0,0,2,0,0,0,22896.0,20303,19302,19897,19895,20313,3900.0,0,1311,699,725,711,0
25000.0,1,2,2,32,-1,-1,-2,-2,-2,-2,1440.0,0,0,0,0,0,0.0,0,0,0,0,0,0
162500.0,2,3,1,41,0,0,2,2,2,2,28796.399999999998,26733,26942,26210,27982,27383,4472.0,941,0,2197,0,910,1
250000.0,2,1,1,47,-2,-2,-2,-2,-2,-2,0.0,0,0,0,0,0,0.0,0,0,0,0,665,1
450000.0,2,2,1,48,-1,-1,2,-1,2,-1,10813.199999999999,4045,1780,2380,2230,2275,5258.5,0,4760,0,2275,2280,0
287500.0,1,2,1,56,2,0,0,0,0,0,245571.59999999998,197993,84076,77766,70066,62865,7546.5,2965,3500,2600,2500,1901,0
250000.0,2,2,1,37,-1,0,0,0,0,-1,13429.199999999999,15940,20281,24540,24928,1532,7802.6,5000,4552,3131,1539,1027,0
237500.0,1,2,2,44,0,0,0,0,0,0,175468.8,149289,152886,156273,159800,162570,7150.0,6000,6000,6000,6000,6000,0
275000.0,2,1,2,34,0,0,0,0,0,0,57532.799999999996,44914,46446,37604,15540,20330,6500.0,5008,7000,4000,5000,150,0
175000.0,2,1,2,36,1,-2,-2,-2,-2,-2,0.0,241,0,0,0,0,313.3,0,0,0,0,1419,0
162500.0,1,2,2,34,-1,-1,-2,-2,-2,-2,4312.8,0,0,0,0,0,0.0,0,0,0,0,0,0
287500.0,2,2,1,37,-2,-2,-2,-2,-2,-2,900.0,0,0,790,0,2803,0.0,0,790,0,2803,0,0
275000.0,1,1,2,41,-1,2,-1,-1,-1,-1,950.4,396,396,396,396,546,0.0,396,396,396,546,396,0
187500.0,2,3,1,38,0,0,2,0,0,0,176820.0,154848,151591,151549,146417,137835,14495.0,0,4845,8046,9200,5100,0
62500.0,1,3,1,54,0,0,0,-2,-2,-2,60216.0,51400,0,0,0,0,3120.0,0,0,0,0,0,1
375000.0,2,2,1,55,-2,-2,-2,-2,-2,-2,1058.3999999999999,0,0,0,0,0,0.0,0,0,0,0,0,0
162500.0,2,2,1,54,1,-2,-1,-1,-2,-1,0.0,0,390,0,0,390,0.0,1560,0,0,1170,1170,0
250000.0,1,1,2,43,-1,-1,-1,-1,-1,2,4572.0,3056,8519,776,5335,4536,3981.9,8568,776,5335,0,664,0
262500.0,2,1,2,37,1,-2,-1,-1,-1,-1,0.0,0,20363,770,0,6138,0.0,21337,770,0,6138,0,0
575000.0,2,1,1,45,3,2,2,3,3,3,3180.0,2650,2650,2650,2650,2650,0.0,0,0,0,0,200,1
37500.0,2,2,1,31,0,0,0,-1,2,-1,12648.0,9766,0,2596,1123,2390,1405.3,0,6712,0,2780,0,0
287500.0,2,1,2,38,0,0,0,0,0,0,207080.4,174987,133263,114889,117139,120252,9100.0,6000,4500,4000,5000,4500,0
125000.0,2,2,2,40,0,0,0,0,0,0,120248.4,94080,75428,76450,77503,64119,5233.8,3100,3050,3000,2300,2700,0
37500.0,1,2,2,48,0,0,2,0,0,0,30868.8,29638,27000,27382,26876,28351,6890.0,0,1100,1000,2300,0,0
625000.0,2,1,1,44,0,0,0,0,0,0,429624.0,360047,369045,382231,204593,211655,19500.0,15000,20000,10000,10000,10000,0
487500.0,1,2,2,34,-1,-1,-1,0,0,-2,7996.799999999999,6931,5985,7151,0,0,9010.300000000001,5985,7000,0,0,0,0
125000.0,2,1,2,38,-2,-2,-2,-2,-2,-2,4100.4,7366,12146,752,5931,7855,9620.0,12146,752,5931,7855,3966,0
25000.0,1,2,1,58,2,0,0,0,0,0,18952.8,16515,17827,17874,18288,18557,1665.3,1593,640,702,612,1000,1
62500.0,1,1,1,32,2,2,2,2,0,0,51999.6,46308,47250,46192,46997,48221,5200.0,2000,0,1700,2000,3600,1
162500.0,2,2,2,40,0,0,0,0,0,2,51540.0,44293,45004,46257,49312,50252,2646.8,1747,2000,3800,1900,1900,1
625000.0,1,1,1,50,-1,-1,-1,-1,-1,-1,12176.4,7358,11727,10850,9061,13017,9613.5,11807,10904,9106,13081,7063,0
62500.0,1,2,2,29,0,0,0,0,0,0,60753.6,50705,50328,19542,19439,19683,2905.5,1858,823,838,702,687,0
37500.0,2,2,1,32,2,2,2,2,4,3,30668.399999999998,26648,27536,28203,29048,29903,2340.0,1600,1400,1600,1600,1600,1
150000.0,2,3,1,42,-2,-2,-2,-2,-2,-1,3768.0,448,0,0,0,10614,582.4,0,0,0,10614,0,0
150000.0,1,2,2,30,2,2,0,0,0,0,136017.6,110119,111700,83858,86434,88802,0.0,5000,3158,3934,3802,2000,0
25000.0,1,2,2,30,0,0,0,0,0,2,17986.8,15999,17043,18236,19376,18958,1641.9,1307,1500,1408,0,674,1
62500.0,1,1,2,31,0,0,0,0,0,0,34089.6,29117,28764,28390,29443,29041,1920.1000000000001,1444,1100,1500,1100,967,0
112500.0,1,1,2,37,-1,-1,-1,-1,-1,2,7855.2,1485,25558,1443,1677,1480,1947.4,25572,1443,257,0,58,0
300000.0,2,3,2,30,0,-1,-1,-1,-1,-1,238521.59999999998,2986,191142,98080,19380,100000,3881.8,191142,98080,79380,100000,50254,0
575000.0,2,2,1,55,0,0,0,0,0,0,697582.7999999999,552144,523423,493548,429966,427216,24883.3,19141,20141,14642,31549,15522,1
25000.0,1,2,2,28,0,0,2,2,0,0,11773.199999999999,15726,15723,15173,15925,16245,7926.1,547,0,1000,585,1000,0
550000.0,1,1,1,36,1,2,2,2,0,0,329115.6,267233,360999,149363,142757,119034,0.0,100006,0,6000,4000,8000,1
25000.0,1,2,2,27,0,0,2,2,2,0,22491.6,19879,18872,21178,20329,20853,3900.0,0,3000,0,1000,400,0
37500.0,1,2,2,31,2,2,2,2,2,2,240.0,200,200,200,200,200,0.0,0,0,0,0,0,1
200000.0,2,3,2,31,-1,-1,-1,-1,-1,-1,468.0,390,390,390,390,390,507.0,390,390,390,390,390,0
75000.0,2,2,2,46,0,0,0,0,0,0,72806.4,58929,60335,59384,60861,59241,3563.3,3000,2300,2600,2200,2665,0
625000.0,2,1,2,34,0,0,0,0,0,0,84344.4,73487,77282,80977,84609,88073,6500.0,5000,5000,5000,5000,5000,0
75000.0,1,1,2,42,0,0,0,0,0,0,50846.4,35580,28330,28136,26752,27357,1950.0,1800,1088,1200,1200,1000,0
62500.0,2,1,2,27,2,2,2,0,0,0,49958.4,44069,37395,32284,32805,33751,4561.7,0,1302,1191,1492,1949,1
62500.0,2,2,1,46,0,0,0,0,0,0,27388.8,22664,5631,5933,6433,6828,1430.0,1100,1100,600,500,300,0
225000.0,2,3,1,40,0,0,0,0,0,0,160479.6,92955,90159,68789,26614,27528,4568.2,3569,3204,1000,1310,4459,0
450000.0,1,2,1,56,1,3,2,0,0,0,4261.2,3348,2504,1878,1252,626,0.0,0,0,0,0,626,1
512500.0,2,2,1,46,2,0,0,0,0,0,418270.8,354506,363666,369776,368779,369358,16900.0,14600,15500,14000,13580,14000,1
175000.0,1,1,2,37,0,0,2,2,2,2,39213.6,37303,37114,38687,41338,40645,7020.0,600,2400,3500,0,1539,0
12500.0,2,2,1,54,2,0,0,0,0,0,2688.0,3100,4116,5280,5543,5605,1374.1000000000001,1073,1237,500,300,205,1
62500.0,2,2,2,37,1,2,0,0,0,3,39376.799999999996,32004,33017,33868,38151,37253,0.0,1550,1400,5000,0,0,1
275000.0,2,1,2,39,0,0,0,0,0,0,162158.4,136108,133534,27484,23728,21039,9418.5,6121,1551,875,1800,300,0
187500.0,2,1,2,38,0,0,0,0,0,0,13834.8,6745,6177,7215,7644,8367,2600.0,1262,1300,700,1000,950,0
187500.0,2,2,2,28,0,0,0,0,0,0,200780.4,166596,165990,161285,156749,151863,13000.0,10000,6000,6000,5500,5500,0
625000.0,2,1,1,37,-1,-1,-1,-1,0,0,222502.8,10573,0,282562,288459,293233,13744.9,0,282562,11000,9572,8928,0
150000.0,2,2,2,35,0,0,0,0,0,0,140264.4,117419,116281,117392,117791,112505,5999.5,7175,4529,4625,4029,4237,0
262500.0,2,1,2,38,1,-2,-2,-1,-1,-1,0.0,0,0,25478,9485,0,0.0,0,25478,9485,0,0,0
250000.0,2,2,2,42,1,2,0,0,0,0,271638.0,214261,210315,206563,202896,173111,0.0,8000,9000,8000,7000,7200,0
375000.0,1,2,2,47,-1,0,0,0,0,-1,1425.6,3071,7854,10426,16784,4334,2600.0,5000,5000,10000,4334,3578,1
100000.0,2,2,2,27,-1,-1,-1,-1,-2,-2,1496.3999999999999,0,32320,0,0,0,0.0,32320,0,0,0,0,1
37500.0,2,2,2,27,0,0,2,0,0,0,33314.4,30392,27688,28134,29591,28883,6500.0,0,3000,2000,1300,1500,0
187500.0,2,2,1,50,-1,-1,-1,-1,-1,-1,3126.0,2605,4590,2605,2605,3795,3386.5,4590,2605,2605,3795,10675,0
400000.0,2,2,2,41,0,0,0,0,0,0,315135.6,164486,169691,188527,145676,135254,13055.9,15005,21640,5004,11628,20020,0
225000.0,1,2,1,35,-1,-1,-1,-1,0,-1,450.0,375,375,750,375,399,487.5,375,750,0,399,399,1
450000.0,1,2,1,45,-2,-2,-2,-2,-2,-2,0.0,256,0,425,1529,0,332.8,0,425,1529,0,590,0
62500.0,1,2,2,35,0,0,0,0,0,0,61194.0,50882,32777,32081,29598,29648,3250.0,1500,1226,1059,2000,1138,0
25000.0,1,1,2,30,2,2,4,4,3,2,3482.4,6888,7638,7388,6991,33327,5460.0,1000,0,0,27150,900,1
612500.0,2,2,1,47,-1,-1,-1,0,-1,-1,19005.6,11356,25409,15926,8604,8941,14825.2,25458,86,8711,5034,1345,0
187500.0,2,2,1,41,0,0,0,0,0,-1,136041.6,70001,45813,44309,27428,2013,3060.2000000000003,2500,1200,2618,2013,4724,0
25000.0,1,3,2,29,0,0,0,0,0,0,20367.6,17984,18748,19627,19624,19652,2080.0,1357,1236,623,653,673,0
100000.0,2,2,1,42,1,2,0,0,0,0,95880.0,64815,52806,57028,59456,55623,27.3,1819,5000,4000,4000,1894,1
62500.0,1,1,2,37,0,0,0,-1,0,0,24650.399999999998,10858,0,777,793,26793,1834.3,0,777,16,26000,1000,0
200000.0,2,2,2,38,0,0,0,0,0,0,168270.0,140745,139923,140815,139935,138912,6774.3,5000,5000,5000,5000,6000,0
287500.0,2,1,2,38,0,0,0,0,0,0,12918.0,11107,11748,12269,12102,12414,1690.0,1300,1200,500,500,500,0
187500.0,1,1,2,30,0,0,0,0,0,0,61881.6,52952,95134,31578,26089,16624,3900.0,60086,2000,2000,5000,6000,0
25000.0,2,1,2,30,-1,0,0,2,0,0,2193.6,2835,5270,5040,5304,5777,1560.0,2500,0,500,558,0,1
400000.0,2,2,1,33,0,0,2,0,0,0,384762.0,313060,293055,269585,248093,239025,16250.0,22,11155,9100,8700,9183,1
62500.0,2,2,2,30,1,2,2,2,2,2,16500.0,15224,14687,16135,15737,17316,2600.0,0,2000,0,2000,0,1
100000.0,2,3,1,46,0,-1,-1,-1,-1,-1,50548.799999999996,1833,2446,834,1596,855,2385.5,2458,834,1600,855,0,0
437500.0,2,3,2,33,-2,-2,-2,-2,-2,-2,0.0,0,0,0,0,0,0.0,0,0,0,0,0,1
200000.0,1,2,2,35,-2,-2,-2,-2,-2,-2,900.0,370,0,780,0,1470,520.0,0,800,0,1470,0,0
25000.0,1,2,1,41,2,2,2,2,2,2,30328.8,25026,23073,22857,21143,21482,2210.0,0,1653,0,1940,0,0
12500.0,2,1,1,44,1,-2,-1,2,0,0,0.0,0,9996,9689,9747,10328,0.0,9996,0,363,752,0,1
162500.0,2,2,2,29,0,0,0,0,0,0,154198.8,131370,123434,122806,125287,127992,6630.0,4500,4400,4500,4700,6400,0
350000.0,1,1,1,44,-1,-1,-1,-1,-1,-1,1902.0,6416,16387,2967,1087,2644,8340.800000000001,16387,2981,2644,2644,820,0
337500.0,1,2,2,32,0,0,0,0,0,0,173251.19999999998,91373,15016,14092,14315,111458,7800.0,2000,1000,2000,100000,100000,0
12500.0,1,3,1,51,-1,2,2,4,3,2,7532.4,7019,9557,9269,8836,8548,1300.0,2819,0,0,0,250,1
137500.0,1,2,1,43,0,0,0,0,0,0,51140.4,42229,42214,41405,40846,40385,2181.4,2023,1574,1375,1468,1649,0
62500.0,1,3,2,34,0,0,0,0,0,0,58987.2,50162,49170,49426,50906,45886,5200.0,2400,2000,2459,2100,5000,0
362500.0,2,1,2,35,0,0,0,0,0,0,341086.8,284692,230891,232778,235004,226959,14300.0,10000,8000,10000,8000,7500,1
450000.0,1,2,1,38,-1,-1,-1,-1,0,0,18358.8,44439,22637,101497,68960,28399,58149.0,22751,101691,2233,6138,16113,0
100000.0,2,1,2,34,-2,-2,-1,2,2,3,3207.6,0,317,317,1521,1204,0.0,317,0,1204,0,0,0
62500.0,1,3,2,31,2,0,0,0,0,0,61141.2,49139,46802,47622,48686,47459,3250.0,2100,1900,2000,1746,1890,1
175000.0,2,2,2,35,0,0,0,0,0,0,116745.59999999999,98068,98098,97055,97035,101525,5720.0,4500,3500,3500,8000,500,1
250000.0,2,3,1,45,0,0,0,0,0,2,190570.8,150904,144302,137700,135443,128229,6994.0,5141,5032,9400,4400,0,0
25000.0,1,3,2,28,1,2,2,3,2,2,10951.199999999999,8835,11088,10618,10304,11232,0.0,2400,0,0,1100,0,1
75000.0,2,1,2,29,0,-1,0,0,-1,-1,56863.2,4807,3434,2386,2837,3358,6249.1,1048,1000,2837,3358,5093,1
25000.0,1,1,2,47,0,0,0,-2,-2,-1,18732.0,18250,0,0,0,1000,3900.0,0,0,0,1000,8024,0
200000.0,2,2,2,35,0,0,0,0,0,0,149013.6,118255,111807,107418,90471,86363,5859.1,4000,3500,3300,3500,3000,0
62500.0,1,3,1,45,0,0,0,0,0,0,41498.4,25281,15264,12465,13262,13523,2600.0,2000,1000,1000,482,2000,0
425000.0,1,1,1,58,-1,-1,-1,-2,-2,-1,4536.0,3295,1461,1903,1492,4409,4283.5,1461,1903,1492,4409,3396,0
75000.0,2,4,2,28,0,0,0,0,0,0,73051.2,60606,58227,60538,45018,38086,3279.9,2155,45088,1722,1523,2000,0
500000.0,2,1,1,42,-1,0,-1,0,0,0,12812.4,31405,26717,25434,6973,9899,40310.4,26862,3000,2000,3000,0,0
112500.0,2,2,1,50,-1,-1,-1,-1,-2,-2,44943.6,9009,179,0,0,0,31861.7,179,0,0,0,0,0
112500.0,2,2,2,31,0,0,0,0,0,0,51972.0,40275,37800,37323,34396,34938,3250.0,3000,3000,2000,3000,3000,0
37500.0,2,2,1,40,0,0,0,0,0,0,30582.0,26503,27486,25663,26979,24306,1881.1000000000001,1430,1684,2000,892,2000,0
75000.0,1,1,2,44,0,0,0,0,0,0,65973.59999999999,56144,57251,58543,58345,59757,2665.0,2053,2219,2200,2394,1890,0
200000.0,2,2,2,30,0,0,0,0,0,0,184070.4,143297,140984,120742,115637,111354,10400.0,7000,5000,5000,5000,10500,0
562500.0,1,3,2,43,0,0,0,0,0,0,386882.39999999997,301522,290124,281667,289459,262269,19500.0,11000,10013,20000,30000,30000,0
25000.0,1,2,2,45,0,0,0,2,0,0,34842.0,16391,18920,18180,19000,20000,5200.0,3500,0,2000,1000,0,0
150000.0,1,1,2,33,0,0,0,0,0,0,71625.59999999999,57627,58417,49050,49722,48898,3900.0,3000,2000,2000,2000,3000,0
162500.0,1,2,2,47,0,0,0,-2,-2,-2,157065.6,133400,0,0,0,0,7800.0,0,0,0,0,0,0
100000.0,2,1,1,55,1,-2,-2,-2,-2,-2,0.0,0,0,0,0,0,0.0,0,0,0,0,0,0
25000.0,1,2,2,37,0,0,0,0,0,-2,23322.0,19790,19294,14092,6826,10090,2603.9,1448,1328,500,10986,600,0
125000.0,2,2,1,48,0,0,0,0,0,-2,113655.59999999999,97503,100138,99000,0,0,5675.8,5100,2000,0,0,0,0
25000.0,2,3,1,40,0,0,0,-1,-1,-1,20409.6,17922,18421,7032,0,1000,1951.3,1000,7200,0,1000,2017,0
37500.0,2,3,2,33,-1,-1,-1,-1,-1,2,10118.4,25460,557,1299,600,450,33098.0,1000,1306,600,0,11961,0
100000.0,1,2,1,41,2,2,2,2,2,2,92464.8,81697,79347,81325,76550,78715,8970.0,0,5800,0,4000,2000,1
400000.0,1,1,1,33,0,0,0,0,0,0,95782.8,64851,37762,16425,12177,45648,4581.2,2941,2013,270,42659,100002,0
25000.0,2,2,2,28,0,0,0,0,0,0,15949.199999999999,14366,15430,16367,16794,17323,2080.0,1600,1500,700,800,1000,0
62500.0,2,2,1,51,-2,-1,-1,0,-1,-1,5568.0,2720,26461,11882,280,290,3536.0,26461,1034,280,300,1535,0
175000.0,2,2,2,39,0,0,2,2,2,0,32517.6,29832,29354,30609,29981,30581,4530.5,300,2038,0,1100,2570,1
25000.0,2,3,2,35,-1,-1,-1,0,0,0,468.0,286,9457,10311,10374,10692,371.8,9847,1000,1000,500,442,0
200000.0,1,1,1,49,0,0,0,0,0,0,187680.0,157923,158746,153208,154163,155344,9360.0,8000,5510,5800,6000,5500,0
575000.0,2,2,1,38,0,0,0,0,0,0,153962.4,59254,52099,45512,39041,33571,3082.3,2008,1560,1457,1299,769,0
187500.0,2,2,1,38,0,0,0,0,0,0,31018.8,26852,27882,28894,29313,29924,2255.5,1765,1777,1196,1233,1238,0
175000.0,2,2,1,55,1,2,2,2,2,2,163419.6,139121,140047,141215,142019,137251,8971.300000000001,4800,5006,5507,5,5308,0
612500.0,1,1,2,41,-2,-2,-2,-2,-2,-2,6372.0,2691,3367,0,9285,0,3524.3,3384,0,9331,0,2960,0
400000.0,2,2,1,51,-2,-2,-2,-1,-1,-1,18211.2,24845,12680,5522,44743,18931,32459.7,12743,5542,44956,19011,8138,0
525000.0,1,1,2,37,-1,-1,-1,-1,-2,-2,1320.0,1183,2736,0,0,0,1537.9,2736,0,0,0,0,0
250000.0,1,1,1,44,0,0,0,0,0,0,109698.0,79928,23532,23632,12852,5799,26503.100000000002,2023,5060,1549,3029,8419,0
262500.0,1,1,2,38,-1,-1,-1,-1,-1,-1,475.2,396,396,396,1911,396,514.8000000000001,396,396,1911,396,396,0
237500.0,2,2,2,33,1,-2,-2,-2,-2,-2,0.0,0,0,0,0,0,0.0,0,0,0,0,828,0
225000.0,1,2,1,41,0,0,0,0,-1,-1,5428.8,6435,6894,8292,21866,0,2600.0,1200,2000,21866,0,0,1
275000.0,2,1,2,37,0,0,0,0,0,0,261163.19999999998,221834,222830,195121,169396,173875,10400.0,18000,7000,6000,7000,6100,0
87500.0,2,3,1,76,0,0,0,2,0,0,77604.0,66197,70867,54425,55555,48530,4115.8,6550,0,2033,1915,1708,0
287500.0,1,2,2,31,-2,-2,-1,-1,0,0,0.0,0,3243,20172,26446,58598,0.0,3251,20174,12000,46100,65000,0
225000.0,1,1,2,39,-1,0,-1,-1,-1,-1,20343.6,15884,11153,3889,800,0,1300.0,11153,3924,800,0,2190,0
575000.0,1,1,2,49,2,2,2,2,2,2,339532.8,288729,295114,299739,304319,299400,15600.0,12500,11000,11000,0,27000,1
325000.0,1,3,1,49,0,0,0,0,0,0,309584.39999999997,260104,253488,145630,148720,139633,9230.0,135546,4500,4590,4501,4795,0
625000.0,1,2,2,33,0,0,0,0,0,0,29612.399999999998,28287,32988,21579,26674,28697,9116.9,8071,3013,8012,5019,2006,0
25000.0,2,2,1,41,1,2,2,2,2,2,19393.2,17596,17031,19715,19806,18747,2600.0,0,3300,700,0,1200,0
125000.0,2,3,2,59,1,2,2,2,0,0,79454.4,64021,66362,61417,57893,58212,0.0,6700,60,2200,2500,2300,0
375000.0,2,1,1,41,0,0,0,0,0,0,327478.8,254078,252427,254160,250645,245851,12026.300000000001,10505,9157,9319,9600,8500,0
75000.0,2,3,1,49,2,0,0,0,0,0,38642.4,29503,29538,29971,29798,28679,2342.6,1737,1170,1189,1230,1100,1
337500.0,2,1,1,49,-2,-2,-2,-2,-2,-2,0.0,73596,49800,1514,41072,23500,97500.0,49800,1514,41072,23500,29702,0
387500.0,2,3,2,32,0,0,0,0,0,0,100507.2,86353,90960,89993,92229,94473,5200.0,6000,3000,3000,3000,3000,0
50000.0,2,2,1,49,-1,-1,-1,-1,-1,-1,14124.0,4719,922,4665,4059,5588,6162.0,922,4665,4059,5588,7000,0
212500.0,2,2,1,30,0,-1,0,0,-1,-1,2287.2,3970,3406,1703,495,6616,5200.0,2703,0,495,6616,495,0
262500.0,1,2,2,33,-2,-2,-2,-2,-2,-2,238468.8,200500,0,0,0,0,5850.0,0,0,0,0,0,0
25000.0,2,1,2,59,0,0,0,4,3,2,16840.8,15296,20035,19435,18835,18395,1950.0,5000,0,0,0,3000,1
287500.0,2,1,2,37,-1,0,-1,-1,-1,-1,529.1999999999999,28641,713,1344,3786,6571,36660.0,720,1344,4674,6571,1814,0
162500.0,2,3,2,32,0,0,0,0,0,0,154980.0,105529,107691,108418,115638,117958,6890.0,5400,4000,9000,4400,4500,0
287500.0,2,3,1,35,0,0,0,0,0,0,229102.8,191785,164602,136569,139522,132239,9378.2,6264,10000,5028,5000,5000,0
187500.0,2,1,1,59,-2,-2,-2,-2,-2,-2,0.0,262,329,39919,263,263,341.90000000000003,331,40118,264,264,790,1
450000.0,1,2,1,51,-2,-2,-2,-2,-2,-2,10495.199999999999,3093,1935,1205,1320,1068,4040.4,1952,1219,1326,1073,191,1
175000.0,2,1,1,38,1,-1,-1,-2,-2,-2,0.0,840,0,0,0,0,1092.0,0,0,0,0,0,0
125000.0,2,1,2,30,2,2,-2,-2,-2,-2,120000.0,0,0,0,0,0,0.0,0,0,0,0,150400,0
125000.0,2,3,1,47,-1,-1,-1,-1,-1,-1,1981.1999999999998,631,3611,631,631,0,820.3000000000001,3611,631,631,0,2113,0
250000.0,2,1,2,40,-2,-2,-2,-2,-2,-2,7147.2,7690,1530,3107,1683,5784,13522.6,1530,4000,1683,6031,4512,0
175000.0,2,2,2,40,1,2,0,0,0,0,177966.0,141907,141940,113028,112667,112318,0.0,7000,3923,4000,4100,4788,0
62500.0,2,3,1,47,0,0,0,0,0,0,16274.4,14821,16657,17863,16811,16802,1950.0,2500,1518,1000,2000,1000,0
37500.0,1,1,1,37,0,0,0,0,0,0,27049.2,19623,20606,20693,21134,22435,1739.4,1321,727,761,2500,1800,1
75000.0,2,2,1,43,0,0,0,0,0,2,33032.4,31715,35850,37165,39490,25854,6500.0,5000,2000,2898,0,3000,0
300000.0,1,1,1,49,-1,-1,-1,-1,-1,-1,5065.2,2188,2701,2427,1104,2362,2844.4,2701,2427,1104,2362,519,0
225000.0,1,1,2,34,1,-2,-1,-1,-2,-2,0.0,0,834,0,0,0,0.0,1200,0,0,0,0,0
325000.0,2,2,1,43,0,0,0,0,0,0,98094.0,83371,85128,86910,88637,90682,3879.2000000000003,3100,3200,3172,3473,6994,0
87500.0,1,2,2,46,0,0,0,0,0,0,83839.2,63679,54762,38750,39924,37757,13000.0,5090,2000,2000,4000,2000,0
62500.0,2,1,1,29,0,0,2,0,0,0,17214.0,16927,16366,17380,17876,18097,3686.8,0,1289,785,657,720,1
25000.0,1,2,2,31,-1,-1,-1,-1,-2,-1,1725.6,1261,451,0,0,1320,1639.3,451,0,780,2130,0,0
62500.0,2,2,2,27,0,0,0,0,0,-1,35564.4,30805,30336,13378,0,29857,2373.8,1200,268,0,31448,792,0
250000.0,1,1,2,37,-1,-1,-1,-1,-1,-1,13792.8,9085,5455,26975,8734,10756,11880.7,5481,27110,29889,10809,2648,0
62500.0,1,2,2,34,1,-2,-2,-2,-2,-2,0.0,0,0,0,0,0,0.0,0,0,0,0,0,0
325000.0,1,2,2,37,0,0,0,0,0,0,204331.19999999998,164617,150188,138975,134225,128321,8060.0,6000,6000,5006,5006,6006,1
100000.0,2,2,1,33,1,-2,-1,-1,-1,0,0.0,146,1000,2525,1498,499,189.8,1006,2525,1504,1,649,0
25000.0,1,2,2,41,2,2,2,0,0,0,12432.0,13336,13307,13633,15054,16505,4507.1,486,545,1639,1700,1504,0
87500.0,2,3,1,32,2,2,2,2,2,2,32689.199999999997,30416,29628,32350,33218,32532,4716.400000000001,0,3218,1532,0,2257,1
62500.0,2,2,1,50,0,0,0,0,0,0,55425.6,14082,15021,7696,7872,8028,1639.3,1200,300,300,287,297,0
25000.0,1,2,2,33,0,0,0,0,0,0,10576.8,10167,21774,10707,10539,10757,1950.0,1200,378,389,400,600,0
150000.0,1,2,2,50,1,2,2,2,2,2,76693.2,62286,67259,67659,68937,70674,0.0,6000,2100,3000,3000,2500,1
100000.0,2,1,1,52,-1,-1,-1,-1,-1,-1,18886.8,17253,35369,18351,14249,10637,22428.9,35369,18351,14249,10637,12331,0
175000.0,2,2,1,38,1,-1,-1,-1,-1,-1,0.0,5742,0,1920,1180,0,7494.5,0,1920,1180,0,60000,0
287500.0,1,3,1,60,0,0,0,0,0,0,249927.59999999998,214423,214585,170063,176893,183699,13015.6,10000,10000,10000,10000,10000,0
287500.0,2,2,2,37,0,0,0,0,0,0,21548.399999999998,18063,20755,23278,24083,25145,3900.0,3000,3000,4000,4000,3000,0
150000.0,2,3,1,52,0,0,0,0,0,0,141777.6,118593,101152,80503,75407,77157,6542.900000000001,5000,3007,3000,3000,3000,0
250000.0,1,1,1,58,0,0,0,0,0,0,79214.4,68099,70387,71929,58133,40500,3250.0,2700,2242,2093,1300,0,0
37500.0,2,2,2,34,2,2,2,0,0,0,16222.8,16493,15545,16557,16857,18121,4174.3,0,1275,575,1539,700,1
125000.0,1,2,2,39,0,0,0,0,-1,-1,22965.6,6630,4958,5314,390,390,1430.0,1254,1000,390,390,390,0
137500.0,1,2,2,31,0,0,0,0,0,0,59678.399999999994,46766,41796,44251,42921,37748,2990.0,2000,3000,3000,2000,10000,0
62500.0,1,1,2,38,0,0,0,0,0,0,25405.2,22698,14125,18025,9063,10747,2636.4,2000,4000,2000,2000,2000,0
137500.0,2,2,1,51,0,-1,-1,-1,-1,-1,2830.7999999999997,2410,2151,2161,1719,107591,3133.0,2151,2161,1719,107591,5000,1
100000.0,2,2,1,35,0,0,0,0,0,2,25808.399999999998,13207,13997,10914,10685,5515,2210.0,1400,200,1000,0,500,0
250000.0,2,1,2,35,-1,-1,-1,-1,-1,-1,12270.0,9468,30250,5215,90,5690,12308.4,30250,5215,90,6198,2440,0
37500.0,2,3,2,27,0,0,0,0,0,0,34294.799999999996,26683,25591,16337,19690,19986,2607.8,2041,2001,4004,2006,2000,0
250000.0,2,1,2,43,-2,-2,-1,0,0,0,0.0,0,69084,71857,72755,34125,0.0,69084,3450,2348,1486,30000,0
25000.0,1,2,1,36,0,0,0,0,0,0,22188.0,25404,19789,19985,19676,6971,1950.0,2393,1000,494,139,19710,0
37500.0,2,2,2,31,0,0,2,2,-1,2,9610.8,10181,10064,150,1150,1000,3010.8,199,0,1150,0,0,0
125000.0,2,3,1,33,2,0,0,2,2,2,35724.0,30485,32434,32592,33102,33860,2372.5,3100,1300,1500,1771,0,0
600000.0,1,2,2,38,-1,-1,0,0,0,-1,69278.4,55379,71063,60155,66078,64958,72298.2,47003,30171,40282,115224,12973,0
450000.0,2,1,2,35,0,0,0,0,0,0,48616.799999999996,31871,27793,19409,18093,10800,2340.0,2025,3000,2000,1000,2000,0
62500.0,2,2,1,30,1,2,0,0,0,0,23344.8,18856,19590,18861,4581,2158,0.0,1200,477,121,22,0,0
62500.0,1,2,2,32,0,0,0,0,0,0,56713.2,48054,47434,20099,18682,18538,2671.5,1935,675,662,650,666,1
250000.0,2,1,1,31,-1,-1,-1,-1,-1,0,7999.2,6666,6666,6666,11862,12501,8665.800000000001,6666,6666,11862,7501,1000,0
500000.0,1,2,1,47,0,-1,-1,0,0,-1,3580.7999999999997,3353,8372,7743,4984,3027,4379.7,8379,1074,124,3042,2891,1
50000.0,2,1,2,31,1,2,2,2,0,0,9484.8,7628,10270,9961,10495,12161,0.0,2775,0,1000,2000,1800,1
75000.0,1,1,2,31,-1,-1,0,0,0,0,2244.0,32603,32432,27976,25862,24571,42389.1,2119,3008,1006,1042,1001,0
175000.0,2,2,1,39,0,0,0,0,0,0,57506.4,49930,51980,54606,55220,56527,3523.0,2760,3386,2000,2082,2000,0
100000.0,2,2,1,62,2,2,-2,-2,-2,-2,98580.0,0,0,0,0,0,0.0,0,0,0,0,0,1
450000.0,1,1,1,49,-1,-1,-1,-2,-1,-1,20077.2,4840,0,0,3267,3438,6323.2,0,0,3283,3455,0,0
62500.0,1,1,2,44,3,3,2,2,2,-2,78919.2,59702,55899,54275,20280,20038,0.0,2100,0,62013,858,869,0
387500.0,2,2,1,53,-2,-2,-2,-2,-2,-2,0.0,99,0,110,0,0,128.70000000000002,0,110,0,0,0,0
62500.0,1,2,2,49,0,0,0,2,0,0,57208.799999999996,45472,51447,49895,20317,19460,2293.2000000000003,6739,29,700,704,705,0
237500.0,2,1,2,33,0,0,0,0,0,0,134446.8,114347,102229,83779,72666,63714,5980.0,4500,4000,2900,2800,3000,0
62500.0,1,2,2,39,0,0,0,0,-2,-2,60855.6,49402,44415,0,0,0,3900.0,1000,0,0,0,0,0
150000.0,2,1,2,37,0,0,0,0,0,0,22746.0,18973,18204,17344,13246,26781,1709.5,1169,2472,453,500,8494,0
600000.0,2,1,1,44,0,0,0,-1,0,0,118282.79999999999,106660,400000,66270,80274,82160,13806.0,302000,66270,15000,3044,30042,1
250000.0,2,2,1,33,-1,-1,-1,-1,-1,-1,3718.7999999999997,3174,0,3239,0,500,4126.2,0,3239,0,500,0,0
50000.0,2,1,2,31,2,2,2,2,2,2,31784.399999999998,27255,26532,29089,28522,28914,1950.0,0,3000,200,1000,1200,1
150000.0,1,1,2,33,-1,-1,-1,-1,-1,-1,277.2,6665,880,0,4440,4440,8674.9,880,0,4440,4440,4440,0
625000.0,2,1,2,39,-1,0,0,0,0,0,262284.0,218978,218778,236377,225650,15233,24671.4,18778,36377,10650,15233,0,0
575000.0,2,2,2,40,0,0,0,0,0,0,530749.2,449790,450047,453770,396600,392879,20800.0,17610,17500,13810,14100,14520,1
625000.0,1,2,1,43,-1,-1,-1,-1,0,-1,7413.599999999999,825,2122,34159,3340,24752,1077.7,2133,34313,17,24875,839,0
350000.0,1,2,2,52,0,0,0,0,0,0,110745.59999999999,77428,78544,63106,63465,64031,5205.2,3504,3204,2304,2504,2304,0
237500.0,1,2,1,48,0,0,0,0,0,0,100078.8,86010,87736,90373,91980,94502,5200.0,4000,5000,4000,4000,5000,1
12500.0,1,2,2,33,-1,2,-1,2,3,2,742.8,619,8642,9151,8023,5475,0.0,8642,800,107,200,0,1
175000.0,2,3,1,55,-1,2,-1,-1,-1,-1,1014.0,845,1690,0,1690,0,0.0,1690,0,1690,0,845,1
175000.0,1,3,1,44,0,0,0,0,0,0,165980.4,142082,136034,137524,88752,89409,7861.1,6405,6452,3228,3140,3157,0
337500.0,1,1,1,52,-1,0,0,-1,-1,-1,7089.599999999999,8003,8156,5572,3697,19529,2888.6,2040,5599,3715,19626,2777,0
250000.0,2,2,1,40,0,0,0,0,0,0,35192.4,30536,31740,32909,34058,35056,2600.0,2000,2000,2000,1700,1600,0
250000.0,1,2,1,43,0,0,0,0,0,0,126874.79999999999,106296,110031,112410,128894,131588,4947.8,5449,5694,20000,4774,5101,0
100000.0,2,3,2,48,0,0,0,0,0,0,79256.4,59910,55122,54006,50779,50257,2692.3,2063,1779,2087,1743,1800,0
87500.0,2,2,1,42,0,0,0,2,0,0,80110.8,68200,72972,71248,50610,50809,3273.4,5950,0,1782,1985,2700,0
250000.0,2,1,1,32,1,-2,-1,2,0,0,0.0,2500,653,653,653,0,9167.6,653,0,0,0,1300,0
112500.0,1,2,1,40,8,7,6,5,4,3,135194.4,111077,108539,106001,103816,101878,0.0,0,0,0,0,0,1
287500.0,1,2,1,41,0,0,0,0,0,0,5713.2,5786,7676,9877,10181,12472,1443.0,2000,2500,1000,2472,1000,0
575000.0,1,1,1,56,-1,-1,-1,-1,0,-1,1964.3999999999999,0,4594,1517,1517,1306,0.0,4790,1517,0,1306,0,0
62500.0,1,2,2,35,0,0,0,0,0,0,59110.799999999996,47114,83908,18801,16494,19191,3250.0,3320,2000,1000,3000,1000,0
100000.0,1,3,1,57,1,2,2,2,2,2,16441.2,13034,4119,2705,2855,1411,0.0,1200,0,1411,0,390,1
450000.0,2,1,1,45,2,2,2,2,0,0,130078.79999999999,105167,115468,112157,114690,117845,0.0,12000,0,5900,5000,4500,1
62500.0,2,2,1,59,0,0,0,0,0,-1,13621.199999999999,11449,6515,2315,1817,2081,1495.0,1012,46,36,2081,2270,0
625000.0,2,1,2,40,0,0,0,0,0,0,4792.8,11230,10925,11795,14384,15806,14508.0,1244,1114,2703,3435,402,0
375000.0,1,1,2,34,-2,-2,-1,-1,-1,-2,0.0,0,150,3550,0,0,0.0,150,3550,0,0,0,0
87500.0,1,3,1,38,0,0,0,0,0,0,84013.2,67411,65867,55969,41298,0,19500.0,3068,2410,0,0,0,1
450000.0,2,1,2,38,-1,-1,-2,-1,-1,-2,9397.199999999999,0,0,764,0,2844,0.0,0,764,0,2844,2219,0
387500.0,1,1,2,38,0,0,2,0,0,0,56668.799999999996,51442,51531,51375,29069,29895,6370.0,1500,1000,1200,1200,1200,0
412500.0,1,1,1,43,-1,-1,-1,-1,-1,-1,1261.2,671,291,1051,1011,1051,872.3000000000001,291,1051,1011,1051,821,0
125000.0,2,2,2,30,0,0,2,0,0,0,104881.2,93476,91077,92885,94831,96907,9746.1,0,3324,3442,3653,4449,1
162500.0,2,2,1,35,0,0,0,0,0,-1,128155.2,108673,104535,105349,105254,120756,5200.0,4000,6500,5400,124582,10000,0
362500.0,1,1,2,41,0,0,-1,-1,0,-1,27217.2,25980,10409,118253,111765,13294,26319.8,10460,118299,2794,13358,14705,0
312500.0,1,2,2,31,0,0,0,0,0,0,147777.6,135439,42090,61558,80894,93938,20081.100000000002,12004,21558,20894,15000,20000,0
562500.0,2,1,2,50,1,-2,-2,-2,-1,-1,0.0,0,0,0,4595,198,0.0,0,0,4595,198,5095,0
37500.0,2,1,2,29,0,0,0,0,0,0,5817.599999999999,6524,6290,4440,4531,1300,3900.0,1108,1000,91,26,0,0
375000.0,2,1,1,43,-1,0,0,0,0,0,18276.0,16212,17239,18237,18600,17939,1588.6000000000001,1249,1247,610,611,616,0
12500.0,1,3,1,57,1,2,0,0,0,0,8362.8,6712,7722,7875,8041,8357,0.0,1128,281,292,450,1415,1
37500.0,2,2,2,28,2,2,2,2,2,2,14851.199999999999,13475,12973,15144,14603,15767,2080.0,0,2700,0,1400,0,1
225000.0,1,1,2,42,-1,-1,-1,-1,0,0,59437.2,45612,0,245863,250472,251024,59295.6,0,245863,5009,5040,0,0
112500.0,1,3,1,36,1,2,2,3,5,5,75931.2,61693,75670,83772,83401,81487,0.0,15000,10000,1500,0,1500,1
187500.0,2,3,1,46,0,0,0,0,0,0,106581.59999999999,90585,92485,94373,96245,98263,4213.3,3358,3427,3443,3567,3585,1
250000.0,1,1,2,36,-1,-1,-1,0,0,-1,4442.4,25548,10594,7969,2865,5625,33381.4,10623,25,16,6000,19,1
250000.0,2,1,2,42,-1,-1,-1,-1,-1,-1,544.8,2015,3603,16158,0,836,3250.0,3700,16200,0,836,1589,0
375000.0,2,2,1,37,0,0,0,0,-2,-2,204454.8,142384,72350,0,0,0,8580.0,3750,0,0,0,0,0
212500.0,1,1,2,29,0,0,0,0,0,2,203859.6,171851,158426,96704,101555,97884,8850.4,4625,3510,9100,0,3500,0
37500.0,2,3,2,31,0,0,0,0,0,-1,33381.6,27594,29717,28812,28762,10404,3900.0,2595,1200,1020,10404,51000,1
125000.0,2,3,1,63,0,0,0,0,0,0,116185.2,98389,97831,93937,78063,79707,4665.7,3656,3677,2763,2787,2881,0
100000.0,2,2,1,41,0,0,0,0,0,0,24439.2,21084,22411,23624,23964,25661,1757.6000000000001,1679,1892,870,2096,0,0
625000.0,1,2,1,53,-2,-2,-2,-2,-2,-2,2280.0,5441,0,1535,1100,800,7073.3,0,1535,1100,800,1297,0
587500.0,1,2,2,36,0,0,0,0,0,0,94599.59999999999,80562,82718,85334,87948,90479,3900.0,3500,4000,4000,4000,4200,0
225000.0,2,2,1,38,-1,-1,-1,-1,-1,-1,4188.0,0,1112,10383,1980,2672,0.0,1112,10383,1980,2672,2197,0
62500.0,2,2,2,29,0,0,0,0,0,0,33468.0,27788,19742,20672,16336,16921,2600.0,2000,1600,1000,1000,1000,0
25000.0,2,2,2,27,0,0,0,0,0,0,23097.6,20054,19133,19397,19702,20506,2600.0,1300,678,706,2037,0,0
62500.0,1,2,1,56,0,0,0,0,0,0,55312.799999999996,47157,48669,42360,19840,19840,2380.3,2343,1611,200,0,0,0
162500.0,2,1,2,29,2,0,0,0,0,0,152248.8,129837,131332,97878,99594,98667,8450.0,5400,3446,3561,4000,3700,1
237500.0,2,2,1,51,0,0,0,0,0,0,168751.19999999998,114690,110884,111200,87619,92418,10400.0,5000,12028,5000,10418,5000,0
250000.0,2,1,2,33,-1,-1,-1,0,-1,0,406.8,5322,7756,4792,3107,17423,6918.6,7756,0,38700,16724,6393,0
375000.0,2,2,1,39,-2,-2,-2,-2,-2,-2,246076.8,0,0,2014,0,1815,0.0,0,2100,0,2000,5000,0
137500.0,1,2,1,53,0,0,0,0,0,0,111367.2,91217,89757,136859,60276,48652,6500.0,4087,64142,2038,1763,2500,0
25000.0,2,2,1,26,0,0,0,2,0,0,17191.2,15334,18206,17482,34862,14860,1627.6000000000001,3124,0,349,297,0,0
25000.0,2,2,2,26,-1,-1,2,2,-2,-2,468.0,780,780,0,0,0,1014.0,0,0,0,0,0,0
87500.0,2,3,1,31,2,0,0,0,0,0,86198.4,71147,72227,71078,50777,50841,4257.5,3800,3200,1950,2000,1828,0
37500.0,1,2,2,37,0,0,2,2,0,0,32090.399999999998,29095,30819,29214,29478,23384,3640.0,2500,0,910,1000,1000,0
162500.0,1,2,2,41,0,0,0,0,0,-1,109219.2,36706,19802,11515,4261,45718,2402.4,1394,1015,99,47657,1681,0
212500.0,2,3,1,45,0,0,0,0,0,0,88540.8,73815,53032,29086,93786,92728,4761.900000000001,3426,1317,93276,3197,3185,0
250000.0,1,4,1,47,0,0,0,0,0,0,46276.799999999996,38246,32253,30384,30900,0,6500.0,1485,1956,1500,0,2102,0
62500.0,1,1,2,28,0,0,0,0,0,0,41251.2,35300,32106,32994,18220,18755,2347.8,1612,1500,652,828,957,0
125000.0,2,3,1,40,0,0,0,0,0,0,57411.6,48885,49904,50774,51957,52991,2744.3,2130,2000,2000,1898,2000,0
25000.0,1,1,2,31,-1,-1,-1,-1,-1,-1,499.2,416,416,416,416,982,540.8000000000001,416,416,416,982,0,1
625000.0,2,2,1,37,0,0,0,0,0,0,486588.0,417191,429469,431426,440026,449026,26000.0,19000,12000,9000,9000,443001,0
100000.0,2,2,1,31,0,0,0,0,0,0,94646.4,80301,74349,75443,57735,58139,3640.0,2800,2400,2100,2100,2100,0
75000.0,1,1,2,34,-1,-1,2,0,-1,-1,979.1999999999999,2440,1444,1634,1335,1825,3172.0,0,1000,1335,888,150,0
175000.0,2,1,2,33,-1,0,0,0,0,2,15790.8,39243,41831,45893,10186,4887,39000.0,7000,8000,5000,0,9579,0
100000.0,2,2,2,32,-1,-1,-1,-1,-1,-1,870.0,2959,1838,2899,1376,1320,3858.4,1838,2899,1376,1320,1107,0
62500.0,2,1,1,59,2,2,2,0,0,0,57512.4,50421,17637,17680,18091,18750,5317.0,0,633,696,1000,1000,1
187500.0,1,2,2,36,0,0,0,0,0,0,178578.0,148090,133619,127043,112067,39901,6691.1,4900,4677,4707,1700,1000,0
362500.0,2,1,2,29,0,0,-2,-2,-1,0,13388.4,0,0,0,2700,1350,0.0,0,0,2700,0,1350,0
437500.0,1,1,1,44,-1,-1,2,0,-1,0,390.0,2770,2247,1930,80392,78638,3601.0,0,8,80408,3142,2720,0
250000.0,1,1,2,37,0,0,0,0,0,0,228636.0,194796,194205,195154,166778,167833,11700.0,9000,8000,6900,6000,6000,0
375000.0,2,1,2,30,1,-1,-1,-1,-1,-1,0.0,9048,4040,0,1092,1681,11762.4,4040,0,1092,1681,0,0
212500.0,1,2,2,34,-1,-1,0,-1,-1,-1,4034.3999999999996,64602,18070,910,9080,4839,83995.6,4000,910,9080,4839,5130,0
437500.0,2,1,2,49,3,2,2,2,2,2,377528.39999999997,322032,327193,333278,340791,348006,18200.0,12000,13000,13000,13000,12200,1
187500.0,2,1,1,46,-2,-2,-2,-2,-2,-2,3930.0,1105,0,0,0,300,1436.5,0,0,0,300,0,0
37500.0,2,2,2,28,2,0,0,0,0,0,32659.199999999997,28420,27929,28920,27997,28378,3903.9,1482,1703,1001,1500,1845,1
100000.0,1,2,3,50,0,0,0,0,0,0,33862.799999999996,29276,30210,30505,31184,28641,2360.8,1750,1045,1123,1038,2008,0
137500.0,2,2,1,47,-1,-1,-1,-1,-1,-1,931.1999999999999,776,776,776,926,776,1008.8000000000001,776,776,926,776,776,0
200000.0,2,2,1,30,0,0,0,0,0,0,99606.0,84023,81765,84265,84437,81265,5070.0,3300,3906,3000,3100,3120,0
250000.0,2,1,1,61,0,0,0,0,0,0,18723.6,16842,18556,19247,19935,21098,1950.0,2000,1000,1000,1500,3000,0
250000.0,2,2,1,40,-2,-2,-2,-2,-2,-2,3627.6,3965,6843,1320,5983,1922,5154.5,6880,1320,5983,1922,12652,0
500000.0,2,1,2,44,-2,-2,-2,-2,-2,-2,0.0,0,0,0,0,0,0.0,0,0,0,0,0,1
387500.0,2,3,2,35,-1,0,0,0,0,0,141730.8,131107,97009,51757,50009,45262,23410.4,20000,12000,5000,3000,1900,0
62500.0,2,1,2,36,3,3,4,3,2,5,32599.199999999997,30190,29421,28652,34032,32913,4899.7,0,0,6000,0,0,1
287500.0,2,1,2,31,-1,-1,-2,-2,-2,-2,4489.2,0,0,0,0,0,0.0,0,0,0,0,1010,1
375000.0,2,1,2,36,-1,-1,-1,-1,-1,0,19934.399999999998,19099,17865,9215,154926,126482,24828.7,17865,9243,154975,0,29390,0
75000.0,2,3,2,27,-1,-1,-1,-1,0,0,4858.8,1808,3496,11548,14519,5861,2359.5,3496,11548,3500,200,1100,0
37500.0,2,3,1,29,2,0,0,0,0,0,33475.2,29938,30061,29621,27956,29484,3257.8,1748,1003,1022,2000,1000,0
187500.0,2,2,2,35,0,0,0,0,0,0,83946.0,59380,57431,52754,52430,41770,2434.9,1897,1552,1649,2005,11064,0
250000.0,2,3,2,34,-1,-1,-1,-1,0,0,2334.0,995,2234,3678,32405,30943,1300.0,2244,3678,31996,1097,1579,0
75000.0,2,3,1,59,-1,-1,-1,0,0,0,1070.3999999999999,21674,31632,13264,948,18002,28197.0,32264,12948,0,17370,0,0
62500.0,2,2,2,27,2,2,2,2,0,0,60699.6,50974,51688,50024,29381,28957,2990.0,3000,0,800,808,1200,0
312500.0,1,2,2,35,0,0,0,0,0,0,204670.8,173347,177321,177580,170956,158503,8479.9,7992,6475,6050,6197,6000,0
62500.0,1,1,2,38,2,4,3,2,0,0,29936.399999999998,24529,23840,22790,23001,24557,323.7,0,0,1500,2100,0,0
562500.0,2,2,2,37,0,0,0,0,0,0,17084.399999999998,17907,14127,15988,19747,13986,6520.8,1139,2000,3938,1000,0,0
187500.0,1,3,2,37,-1,-1,-1,-1,-1,-1,1724.3999999999999,162,116,162,530,367,210.6,116,162,530,367,111,0
50000.0,1,1,2,31,2,0,0,2,2,0,43752.0,37549,40527,41036,39103,38945,2600.0,3900,1500,0,1600,1600,1
100000.0,2,2,2,38,-1,-1,-2,-1,0,0,1566.0,0,0,1042,1042,0,0.0,0,2000,0,0,193,0
12500.0,1,3,2,30,0,0,0,0,0,0,8270.4,7915,10086,18714,9781,9979,1682.2,2465,500,1000,500,0,0
200000.0,2,2,1,36,0,0,0,-1,-1,0,51337.2,42774,41817,749,5572,10573,2990.0,2300,749,5572,5573,13793,1
62500.0,1,2,2,33,0,0,0,2,0,0,31845.6,27592,30627,28999,29607,29285,1950.0,3500,0,1051,1100,1040,0
625000.0,1,1,2,43,-2,-2,-2,-2,-1,0,0.0,0,0,218,11959,13692,0.0,0,218,11959,2000,403,0
225000.0,1,1,2,32,-1,-1,-1,-1,-1,-1,3189.6,2014,536,1123,536,536,2618.2000000000003,536,1123,536,536,629,1
450000.0,1,1,1,45,-2,-2,-2,-2,-2,-2,6926.4,11664,15390,7090,2115,20075,15202.2,10048,35,2126,21220,35114,0
450000.0,2,2,3,47,0,0,0,0,0,0,515002.8,278515,259097,259999,265746,259299,21617.7,9519,9367,10001,9513,9973,0
100000.0,1,2,1,49,-1,-1,0,-1,0,0,2157.6,2302,1604,3612,2608,1604,3003.0,1100,3612,600,600,1631,0
25000.0,2,2,2,28,0,0,0,0,0,0,20088.0,17451,18141,18239,18302,18337,2080.0,1600,1000,663,654,651,0
450000.0,2,1,2,31,-1,-1,-1,-1,-1,-1,327.59999999999997,3558,1489,0,9824,2010,4625.400000000001,1489,0,10560,2010,1491,0
87500.0,1,1,1,51,0,0,0,0,0,0,72048.0,55274,51766,51757,50013,49946,3380.0,1800,2000,3140,2000,1800,0
62500.0,1,3,2,39,0,0,0,-2,-2,-2,60450.0,51400,0,0,0,0,3120.0,0,0,0,0,0,0
62500.0,1,3,2,63,0,0,0,0,0,0,9067.199999999999,7312,6959,5813,3985,3169,1482.0,1048,163,135,151,2000,0
212500.0,2,2,1,34,0,0,0,0,0,0,94909.2,62575,63317,63903,43505,43995,2905.5,2493,2585,1683,1901,2111,0
350000.0,2,1,2,34,-1,-1,-1,-1,-1,-1,921.5999999999999,786,1379,1885,143,1250,1024.4,1383,1890,143,1253,316,0
212500.0,1,3,2,41,-1,-1,-1,0,0,-1,475.2,5596,6953,16157,28856,4941,7274.8,6953,10000,15000,4941,22114,1
37500.0,1,1,2,27,0,-1,0,0,0,2,3538.7999999999997,19689,17681,17113,13368,11739,25595.7,2092,1500,1500,0,161,0
75000.0,2,3,1,53,-1,-1,-2,-2,-2,-1,3564.0,430,430,717,430,4171,559.0,430,717,430,4171,2914,0
112500.0,2,2,1,52,0,0,0,0,0,0,33888.0,28477,28718,28847,28747,29177,2600.0,2000,2000,2000,2000,2000,0
62500.0,1,1,2,38,1,2,2,2,0,0,8577.6,6887,9602,9304,10835,11658,0.0,3000,0,2000,1000,1500,0
212500.0,2,2,2,32,0,0,0,0,0,0,197575.19999999998,162671,166202,161973,167201,161327,9360.0,7500,6000,10000,7000,16000,0
387500.0,2,1,2,31,0,0,0,0,0,0,33165.6,24020,25223,25555,24311,17992,1810.9,1596,1447,93,118,56,0
287500.0,2,2,1,53,-2,-2,-2,-2,-2,-2,0.0,0,1611,1498,1301,309,0.0,1611,1498,1301,309,823,0
150000.0,1,2,2,41,-1,-1,-1,-1,-1,-1,475.2,396,396,392,396,396,514.8000000000001,396,392,400,396,942,0
137500.0,2,1,2,33,0,0,0,0,0,0,129178.79999999999,82139,74760,63520,62529,58228,4550.0,3899,3000,1800,3000,2000,0
25000.0,1,3,2,29,0,0,0,0,0,-1,22393.2,17895,19598,19701,3486,199,1820.0,2000,1000,400,199,0,0
37500.0,1,2,2,30,2,0,0,0,0,0,35529.6,27471,29075,26011,13900,0,2080.0,3000,1200,139,0,0,0
62500.0,2,2,2,37,0,0,0,0,0,0,43453.2,28530,20084,18088,18476,20168,2221.7000000000003,2004,7497,671,2000,6100,0
25000.0,1,2,1,43,0,0,0,0,0,0,10004.4,11191,12219,14009,15773,17515,3900.0,1210,2000,2000,2000,1200,1
350000.0,2,1,2,37,-1,0,0,0,0,0,258062.4,191094,195204,199091,201581,206054,9100.0,7200,8800,7300,7700,16000,0
25000.0,1,2,2,32,0,0,0,0,-2,-2,2403.6,2948,3372,0,0,0,1411.8,1000,0,0,0,0,0
37500.0,2,1,2,29,0,0,0,0,0,0,25848.0,22236,23574,24583,24915,25280,1765.4,1696,1705,1037,915,929,0
100000.0,1,2,1,33,0,0,0,0,0,0,38536.799999999996,28984,16391,3729,4663,5429,1721.2,4122,139,1000,1000,1000,1
375000.0,2,3,1,37,-2,-2,-2,-2,-2,-2,0.0,0,0,0,0,0,0.0,0,0,0,0,0,1
200000.0,1,2,2,43,4,3,2,2,3,2,119208.0,96860,99911,103928,101540,99587,0.0,5500,6700,0,27,2800,1
37500.0,2,3,2,51,2,2,-1,2,0,0,23796.0,15915,1736,1170,780,780,0.0,1736,0,0,0,0,0
100000.0,2,3,2,62,0,0,0,0,0,0,93974.4,77359,76081,76526,27571,28783,4496.7,3500,1959,982,2000,1482,0
275000.0,2,1,2,35,0,0,0,0,0,-1,87055.2,74618,62379,37137,0,14069,6767.8,30176,10258,14000,15070,6029,0
150000.0,2,1,1,40,-1,-1,-1,-1,-1,-1,630.0,2458,8067,802,2706,3597,3195.4,8152,802,2706,3597,1400,0
287500.0,2,2,1,35,0,-1,-1,-1,0,0,10422.0,1079,2923,25916,4219,7903,1402.7,3000,25916,2219,4000,6000,0
150000.0,2,2,1,35,2,0,0,0,2,2,104638.8,89008,90834,95499,93857,99504,5343.0,4203,7100,0,7396,3700,1
100000.0,1,1,1,43,0,0,0,2,0,0,47292.0,41460,46307,45324,41887,38600,3900.0,6000,0,2033,5000,1500,0
625000.0,1,2,1,47,-1,-1,-1,-1,-1,-1,20832.0,13170,10697,19757,5158,43859,17188.600000000002,10758,19883,5180,44064,41450,0
325000.0,2,2,2,39,-2,-2,-2,-1,0,0,10059.6,2976,11237,27500,27500,33880,3880.5,11247,27500,0,21380,0,0
475000.0,1,3,1,58,-2,-2,-2,-2,-2,-2,0.0,0,0,0,0,0,0.0,0,0,0,0,0,0
100000.0,2,3,1,59,0,0,0,0,0,0,92102.4,77528,68966,63972,50072,51239,4898.400000000001,3009,2009,1818,2000,6000,0
62500.0,1,3,1,29,1,-2,-2,-2,-2,-2,0.0,0,0,0,0,0,0.0,0,0,0,0,0,0
125000.0,1,2,2,45,0,0,0,0,0,0,114720.0,87442,60737,66077,68990,70724,19548.100000000002,5003,8058,8000,3000,5000,0
162500.0,2,3,1,31,0,0,0,0,0,0,158068.8,130186,124530,115800,98268,83729,7163.0,8970,5239,5234,4000,4000,1
250000.0,1,1,2,33,-2,-2,-2,-2,-2,-2,1166.3999999999999,0,0,299,299,293,0.0,0,300,300,294,0,0
237500.0,2,1,2,33,0,0,2,0,0,0,8625.6,9521,9224,10262,13083,13372,3196.7000000000003,0,1200,3000,500,510,0
287500.0,2,2,1,44,0,-1,0,0,-1,0,6780.0,3798,6701,10382,4842,5792,4937.400000000001,3000,5000,4842,3000,3000,1
475000.0,1,3,1,49,-1,0,0,0,0,0,48422.4,41385,42397,43243,45716,46629,1979.9,1535,1381,3000,1494,2000,0
12500.0,1,2,2,59,0,0,2,2,0,0,6223.2,8225,8244,7963,8134,9995,4290.0,300,0,299,2000,0,0
437500.0,1,2,2,34,0,0,0,0,0,0,43381.2,37624,38568,39569,41162,41961,2672.8,2000,2000,2004,2067,2060,0
125000.0,2,1,2,32,0,0,0,0,0,0,97382.4,81912,83231,62421,63814,65164,3900.0,2700,2270,2433,2530,2400,0
200000.0,1,3,1,56,0,0,0,-2,-1,-1,4850.4,4338,0,0,743,1012,1300.0,0,0,6256,1050,1000,1
12500.0,2,2,1,27,0,0,0,0,0,0,10476.0,8523,9527,9713,9762,10312,1693.9,1307,493,354,712,0,0
262500.0,1,2,2,42,0,0,0,0,0,0,22675.2,19777,20803,21816,22250,22716,1950.0,1350,1363,797,825,829,0
400000.0,1,1,2,31,-1,0,0,0,0,-2,134052.0,12484,13917,12125,0,0,1647.1000000000001,1700,243,0,0,220000,0
125000.0,1,3,2,29,1,2,0,0,0,0,120436.79999999999,97551,66365,62913,9389,6076,139.1,2893,2104,312,207,2004,0
375000.0,1,2,2,41,-1,0,0,-1,-1,-1,18643.2,17923,27007,360,257,21140,13000.0,10140,360,257,21346,360,0
562500.0,2,1,1,34,0,0,0,0,0,0,87146.4,6920,7700,9700,11700,0,2600.0,1000,2000,2000,0,0,0
62500.0,1,2,1,56,0,0,0,0,0,0,46120.799999999996,39492,39394,33490,27316,0,2185.3,1583,1347,1183,0,0,0
62500.0,1,3,3,64,0,0,0,0,0,0,60886.799999999996,50142,18894,18512,16853,18401,1950.0,1500,1000,1000,2000,1000,0
50000.0,2,2,1,57,-2,-2,-2,-2,-2,-2,0.0,0,0,0,0,0,4550.0,0,0,0,0,0,0
350000.0,1,2,1,45,1,2,0,0,0,0,285712.8,228523,191098,160149,154421,156022,0.0,8000,6000,5000,10000,5000,0
200000.0,2,1,2,40,0,0,-2,-2,-2,-2,14385.6,0,0,0,0,0,0.0,0,0,0,0,0,0
62500.0,2,2,2,29,0,0,0,0,0,0,54484.799999999996,38383,39851,27258,27679,28619,2210.0,2156,1200,1010,1400,970,0
62500.0,2,2,2,30,3,3,2,2,2,2,42710.4,36518,36822,37421,38424,39035,2340.0,1200,1500,1750,1390,0,1
312500.0,1,1,1,49,-1,-1,-1,2,-1,0,4671.599999999999,54673,8402,2765,6037,3561,71429.8,8433,13,6049,17,4980,0
500000.0,2,1,1,41,-1,-1,-1,-1,-1,-1,17305.2,8392,13025,2816,6856,11069,11584.300000000001,13025,2816,6856,11069,6823,0
100000.0,2,2,1,41,1,-2,-2,-2,-2,-2,5079.599999999999,14233,15854,10000,10000,10000,18502.9,15854,10000,10000,10000,10000,0
62500.0,1,1,1,62,0,0,0,0,0,0,51148.799999999996,39943,7218,6946,6808,6542,2824.9,1248,366,500,384,500,0
25000.0,1,2,1,42,0,0,0,0,0,-2,21146.399999999998,19996,15467,15863,0,0,3900.0,2000,1000,0,0,0,0
400000.0,2,1,2,33,1,-2,-1,-1,-1,-1,0.0,0,1200,0,600,5937,0.0,1200,0,600,5937,470,1
487500.0,1,1,2,42,-2,-2,-2,-2,-2,-2,87.6,10925,0,0,0,0,14237.6,0,0,0,0,0,1
400000.0,1,3,1,41,-2,-2,-2,-2,-2,-2,6432.0,726,6992,3741,10138,15745,943.8000000000001,6992,3755,10138,15745,16740,0
275000.0,2,1,2,34,-2,-2,-2,-1,0,0,3417.6,7146,4690,16331,77894,2576,9335.300000000001,4714,16493,97910,0,4862,0
425000.0,2,2,2,39,-2,-2,-2,-2,-2,-2,0.0,2630,0,0,0,0,3419.0,0,0,0,0,1980,0
112500.0,2,2,2,29,-1,0,0,0,0,0,21028.8,22184,23270,27372,31905,34954,6500.0,5000,5000,5000,3600,2000,0
300000.0,1,1,2,46,1,-1,-1,0,0,-1,114.0,2622,3301,3164,360,1737,3408.6,3301,0,360,1737,924,0
75000.0,2,3,1,47,-1,-1,2,0,-1,-1,1884.0,21835,20680,390,390,14290,26884.0,0,0,390,14290,2892,1
287500.0,1,2,1,47,0,0,0,0,0,0,31972.8,27352,28121,33331,38459,42525,1872.0,1500,6000,6000,5000,1556,0
225000.0,1,1,1,49,1,-2,-2,-2,-2,-2,0.0,0,0,0,0,0,0.0,0,0,0,0,4003,0
100000.0,2,3,1,42,0,0,0,0,0,2,29929.199999999997,25945,27297,27969,29857,28872,1849.9,1775,1447,2335,0,1050,0
50000.0,2,3,1,35,1,2,0,0,0,0,48806.4,39724,39475,39078,38339,38665,11.700000000000001,2143,1606,1500,1410,1507,0
187500.0,2,3,1,53,0,0,2,0,0,0,45360.0,40874,39922,40953,42136,43279,5200.0,0,2000,2000,2000,2000,0
137500.0,2,3,2,34,0,0,0,0,0,0,121207.2,104474,106332,106906,108952,110444,6890.0,5300,4000,4100,4631,4404,1
350000.0,2,2,1,54,0,0,0,0,0,0,80098.8,67942,67908,63990,64050,64486,3901.3,2382,67867,2420,2338,2326,0
75000.0,1,1,2,32,1,-2,-1,-1,-1,-1,0.0,0,259,0,127,0,0.0,1000,0,500,0,1000,1
487500.0,2,2,1,37,-1,-1,-1,-1,-1,0,2490.0,0,682,10943,9942,11168,0.0,682,11130,9942,6600,1000,0
162500.0,1,2,1,44,0,0,0,0,0,0,124279.2,105797,102729,104761,87660,92123,5159.7,3823,3836,3345,9116,0,1
62500.0,1,3,2,45,0,0,0,0,0,-1,55422.0,47570,38984,23566,21652,3612,3900.0,4022,3034,5000,3700,20775,1
125000.0,2,2,2,34,0,0,0,0,-1,0,56528.4,60800,68095,64339,15522,51336,23400.0,10000,2635,15522,41136,2000,0
62500.0,1,3,2,28,2,0,0,0,0,0,14092.8,10935,11664,10872,9392,9456,1959.1000000000001,1500,300,500,500,118,1
300000.0,2,2,2,34,0,0,0,0,0,0,79767.59999999999,46296,36751,35625,33114,35473,10400.0,2002,1600,2000,3000,10000,0
162500.0,2,3,1,48,0,0,0,0,0,0,156080.4,129385,96775,98071,97743,100124,7202.0,4403,3814,3562,4021,3681,0
25000.0,2,3,2,32,0,0,0,0,0,0,24345.6,20293,20196,19777,20130,19350,1950.0,1400,2000,3000,1000,1000,0
37500.0,2,2,2,29,-1,0,0,0,0,0,24082.8,21148,22185,22551,23223,24837,2210.0,1700,1000,1000,2000,1400,0
125000.0,1,2,1,34,0,0,0,0,0,0,79434.0,62771,63533,57079,16634,26438,2993.9,3000,3000,1000,10022,3065,0
162500.0,1,2,2,31,2,2,2,0,0,0,164644.8,139189,133521,133182,103161,103031,9100.0,0,5133,5000,5000,5000,1
287500.0,1,1,2,40,2,2,2,2,2,2,140732.4,119823,120988,121464,123740,120937,7540.0,4500,3800,5000,0,4500,0
75000.0,1,2,1,49,0,0,0,0,0,0,69859.2,60193,57815,50054,27535,22962,3900.0,2488,2000,1000,2000,3000,0
100000.0,2,3,2,51,0,0,0,0,0,0,91420.8,78306,79835,40499,41346,42348,4348.5,3344,1447,1497,1686,1509,0
37500.0,1,2,2,38,0,-1,0,0,0,0,35488.799999999996,26663,27731,56359,28847,13030,36400.0,2336,2000,2546,1000,0,0
362500.0,1,1,1,49,-1,-1,-1,-1,-1,-1,23055.6,33274,17495,1528,4176,189,43612.4,17732,1862,4188,189,7324,0
362500.0,2,2,2,39,-1,-1,-1,-1,-1,-1,10428.0,0,3268,302,3586,2345,0.0,3600,800,5228,2345,9139,0
187500.0,1,2,1,29,0,0,-1,-1,-1,0,166950.0,0,435,0,81824,83101,0.0,870,0,82259,3018,3102,0
25000.0,1,6,2,46,0,0,0,2,0,0,24121.2,20086,20221,19627,18948,0,1713.4,1973,1000,600,0,0,0
125000.0,1,1,1,60,0,0,0,0,0,0,12854.4,18135,31498,17158,18758,17168,10400.0,2000,4000,2000,3000,0,0
150000.0,2,2,2,35,0,0,0,0,0,0,20174.399999999998,17571,18013,18197,9032,11951,1765.4,1126,636,650,4000,1800,0
125000.0,2,3,1,41,-1,-1,-1,-1,-1,-1,1788.0,0,210,0,90,90,0.0,210,0,90,0,0,0
525000.0,2,2,2,42,0,0,0,0,0,0,17787.6,16367,17709,18801,20328,25065,2340.0,1608,1700,2500,5065,1500,0
450000.0,2,1,1,48,-1,0,0,0,0,-2,20894.399999999998,18455,19245,18370,0,0,1726.4,1637,5000,0,0,0,0
12500.0,1,2,2,34,0,0,0,0,0,0,11871.6,8694,8365,9526,9711,9764,1462.5,1146,1307,492,357,901,0
37500.0,1,3,1,33,2,2,2,2,2,2,27632.399999999998,23848,23873,24182,26022,27462,1950.0,700,1000,2550,2013,1108,1
262500.0,2,1,1,43,-1,-1,-1,-2,-2,-2,5841.599999999999,13118,16114,3353,10775,2938,17126.2,16114,3353,10775,3000,16520,0
125000.0,2,2,2,29,0,0,0,0,-1,0,121936.79999999999,99413,102252,89009,79853,80970,13000.0,17023,8942,86950,33000,7013,0
175000.0,1,1,2,32,0,0,0,2,0,0,23380.8,20114,16606,9609,5429,9763,2600.0,10063,0,2000,5000,5000,1
62500.0,2,2,1,29,0,0,0,0,0,-2,52990.799999999996,41904,46174,40675,0,0,6500.0,5000,2000,0,0,0,0
187500.0,2,2,2,37,0,0,0,0,0,0,59712.0,39332,17563,10122,11622,8622,3299.4,2000,2000,1500,1000,64411,0
200000.0,1,4,1,45,0,0,0,0,0,0,23973.6,27563,28350,25186,36100,21707,13000.0,5002,5000,14400,10000,4000,0
225000.0,1,2,2,35,-1,-1,-1,2,-1,-1,3874.7999999999997,0,6709,6366,1950,1931,0.0,6709,0,1950,1931,16486,0
50000.0,1,2,1,30,0,0,0,0,0,2,45048.0,38611,39508,38674,38410,37661,2568.8,1873,1300,2824,0,2000,0
100000.0,2,1,2,33,0,0,0,0,0,0,85351.2,71009,69504,68262,70547,73040,5200.0,5002,4500,3000,3000,10000,0
175000.0,2,2,2,32,0,0,0,0,2,2,144086.4,78166,72631,65517,59275,58208,3671.2000000000003,2508,4973,2300,0,3000,0
25000.0,1,3,2,28,1,2,0,0,0,3,16840.8,13524,14983,16197,18932,18271,0.0,2000,1780,3000,0,0,1
350000.0,2,2,2,34,-2,-2,-2,-2,-2,-2,118.8,0,0,0,0,0,0.0,0,0,0,0,5017,0
250000.0,1,1,1,41,1,-2,-1,-1,-2,-1,0.0,0,3432,0,0,1386,13153.4,47015,0,4000,100000,10000,0
187500.0,2,5,2,32,-2,-2,-1,-1,0,-1,14613.6,22344,65330,20333,8433,10332,29187.600000000002,65676,20368,25,10363,4881,0
62500.0,1,1,2,29,2,2,0,0,0,0,59935.2,48808,45469,20228,18900,19066,0.0,2079,693,1080,700,1004,0
275000.0,1,1,2,39,0,0,-1,-1,-1,0,17505.6,6689,4664,9530,118206,112206,6527.3,4674,9530,120000,0,0,0
150000.0,1,1,2,31,-1,-1,-1,-2,-1,-1,2858.4,884,0,0,10446,0,1149.2,0,0,10446,0,0,0
250000.0,1,3,2,38,-2,-2,-2,-2,-1,-1,3372.0,7114,1981,3959,5382,0,9293.7,2059,3978,5403,0,0,0
